id_candidat,matieres_preferees,moyenne_scolaire,competences,centres_interet,projets,preferences_professionnelles,environnement_travail,parcours_cible
cand-000634,matiere_synthetique_8,15.98,"{""competence-techniques-informatiques-gestion"": 5, ""competence-electronique-systemes"": 2, ""competence-multimedia-telecommunications"": 0, ""competence-statistiques-informatique"": 1}",robotique;management,,salariat,hybride,parcours-igglia
cand-000780,matiere_synthetique_12,16.08,"{""competence-techniques-informatiques-gestion"": 2, ""competence-electronique-systemes"": 3, ""competence-multimedia-telecommunications"": 5, ""competence-statistiques-informatique"": 5}",ecologie;agriculture,,salariat,terrain,parcours-imticia
cand-000374,matiere_synthetique_14;matiere_synthetique_20;matiere_synthetique_18,16.57,"{""competence-techniques-informatiques-gestion"": 3, ""competence-electronique-systemes"": 1, ""competence-multimedia-telecommunications"": 2, ""competence-statistiques-informatique"": 4}",robotique;informatique;sante,,enseignement,teletravail,parcours-isaia
cand-000963,matiere_synthetique_13,18.3,"{""competence-techniques-informatiques-gestion"": 5, ""competence-electronique-systemes"": 1, ""competence-multimedia-telecommunications"": 5, ""competence-statistiques-informatique"": 3}",management;agriculture,,entrepreneuriat,bureau,parcours-igglia
cand-000701,matiere_synthetique_3;matiere_synthetique_8,10.47,"{""competence-techniques-informatiques-gestion"": 3, ""competence-electronique-systemes"": 5, ""competence-multimedia-telecommunications"": 1, ""competence-statistiques-informatique"": 4}",design,projet_personnel_tech,recherche,hybride,parcours-esiia
cand-000831,matiere_synthetique_5,8.64,"{""competence-techniques-informatiques-gestion"": 3, ""competence-electronique-systemes"": 1, ""competence-multimedia-telecommunications"": 1, ""competence-statistiques-informatique"": 4}",finance;tourisme,,fonction_publique,hybride,parcours-isaia
cand-000432,matiere_synthetique_18;matiere_synthetique_9;matiere_synthetique_3,10.43,"{""competence-techniques-informatiques-gestion"": 5, ""competence-electronique-systemes"": 3, ""competence-multimedia-telecommunications"": 4, ""competence-statistiques-informatique"": 4}",tourisme;ecologie,projet_personnel_tech,entrepreneuriat,teletravail,parcours-igglia
cand-000860,matiere_synthetique_8;matiere_synthetique_12;matiere_synthetique_6,10.84,"{""competence-techniques-informatiques-gestion"": 5, ""competence-electronique-systemes"": 3, ""competence-multimedia-telecommunications"": 1, ""competence-statistiques-informatique"": 5}",finance,projet_personnel_tech,salariat,hybride,parcours-igglia
cand-000736,matiere_synthetique_18,10.77,"{""competence-techniques-informatiques-gestion"": 2, ""competence-electronique-systemes"": 3, ""competence-multimedia-telecommunications"": 5, ""competence-statistiques-informatique"": 4}",tourisme,,recherche,terrain,parcours-imticia
cand-000001,matiere_synthetique_1;matiere_synthetique_16,14.57,"{""competence-techniques-informatiques-gestion"": 3, ""competence-electronique-systemes"": 3, ""competence-multimedia-telecommunications"": 5, ""competence-statistiques-informatique"": 5}",management;agriculture;informatique,,enseignement,terrain,parcours-imticia
cand-000316,matiere_synthetique_19;matiere_synthetique_1,19.54,"{""competence-techniques-informatiques-gestion"": 2, ""competence-electronique-systemes"": 5, ""competence-multimedia-telecommunications"": 3, ""competence-statistiques-informatique"": 5}",informatique,,enseignement,hybride,parcours-esiia
cand-000037,matiere_synthetique_7,13.24,"{""competence-techniques-informatiques-gestion"": 4, ""competence-electronique-systemes"": 0, ""competence-multimedia-telecommunications"": 5, ""competence-statistiques-informatique"": 3}",agriculture;design,projet_personnel_tech,recherche,teletravail,parcours-imticia
cand-000049,matiere_synthetique_3,8.57,"{""competence-techniques-informatiques-gestion"": 3, ""competence-electronique-systemes"": 3, ""competence-multimedia-telecommunications"": 0, ""competence-statistiques-informatique"": 2}",informatique;finance,projet_associatif,recherche,hybride,parcours-igglia
cand-000315,matiere_synthetique_13,9.52,"{""competence-techniques-informatiques-gestion"": 3, ""competence-electronique-systemes"": 5, ""competence-multimedia-telecommunications"": 1, ""competence-statistiques-informatique"": 4}",tourisme;agriculture;design,,salariat,hybride,parcours-esiia
cand-000590,matiere_synthetique_7;matiere_synthetique_14,15.16,"{""competence-techniques-informatiques-gestion"": 3, ""competence-electronique-systemes"": 4, ""competence-multimedia-telecommunications"": 1, ""competence-statistiques-informatique"": 4}",agriculture;finance;sante,,salariat,terrain,parcours-esiia
cand-000932,matiere_synthetique_4,11.34,"{""competence-techniques-informatiques-gestion"": 3, ""competence-electronique-systemes"": 3, ""competence-multimedia-telecommunications"": 3, ""competence-statistiques-informatique"": 3}",informatique,projet_personnel_tech,fonction_publique,terrain,parcours-igglia
cand-000837,matiere_synthetique_12;matiere_synthetique_5,10.45,"{""competence-techniques-informatiques-gestion"": 3, ""competence-electronique-systemes"": 5, ""competence-multimedia-telecommunications"": 5, ""competence-statistiques-informatique"": 4}",sante;design,,fonction_publique,bureau,parcours-esiia
cand-000152,matiere_synthetique_2;matiere_synthetique_3;matiere_synthetique_9,11.58,"{""competence-techniques-informatiques-gestion"": 5, ""competence-electronique-systemes"": 2, ""competence-multimedia-telecommunications"": 1, ""competence-statistiques-informatique"": 1}",tourisme,,salariat,bureau,parcours-igglia
cand-000583,matiere_synthetique_13,9.84,"{""competence-techniques-informatiques-gestion"": 1, ""competence-electronique-systemes"": 5, ""competence-multimedia-telecommunications"": 1, ""competence-statistiques-informatique"": 5}",finance,,recherche,teletravail,parcours-esiia
cand-000639,matiere_synthetique_8;matiere_synthetique_13;matiere_synthetique_5,16.34,"{""competence-techniques-informatiques-gestion"": 5, ""competence-electronique-systemes"": 4, ""competence-multimedia-telecommunications"": 4, ""competence-statistiques-informatique"": 2}",ecologie;management,,entrepreneuriat,terrain,parcours-igglia
cand-000335,matiere_synthetique_12;matiere_synthetique_4,16.52,"{""competence-techniques-informatiques-gestion"": 5, ""competence-electronique-systemes"": 5, ""competence-multimedia-telecommunications"": 5, ""competence-statistiques-informatique"": 2}",management;finance,,entrepreneuriat,bureau,parcours-igglia
cand-000188,matiere_synthetique_12,12.42,"{""competence-techniques-informatiques-gestion"": 3, ""competence-electronique-systemes"": 5, ""competence-multimedia-telecommunications"": 2, ""competence-statistiques-informatique"": 2}",management,projet_personnel_tech,enseignement,bureau,parcours-esiia
cand-000759,matiere_synthetique_14,9.08,"{""competence-techniques-informatiques-gestion"": 2, ""competence-electronique-systemes"": 5, ""competence-multimedia-telecommunications"": 1, ""competence-statistiques-informatique"": 3}",finance;agriculture,projet_associatif,recherche,hybride,parcours-esiia
cand-000088,matiere_synthetique_2;matiere_synthetique_17,8.58,"{""competence-techniques-informatiques-gestion"": 2, ""competence-electronique-systemes"": 3, ""competence-multimedia-telecommunications"": 4, ""competence-statistiques-informatique"": 0}",ecologie,projet_personnel_tech,fonction_publique,hybride,parcours-imticia
cand-000263,matiere_synthetique_3,12.91,"{""competence-techniques-informatiques-gestion"": 3, ""competence-electronique-systemes"": 4, ""competence-multimedia-telecommunications"": 5, ""competence-statistiques-informatique"": 3}",agriculture;design,,enseignement,teletravail,parcours-imticia
cand-000667,matiere_synthetique_6;matiere_synthetique_1;matiere_synthetique_10,8.48,"{""competence-techniques-informatiques-gestion"": 5, ""competence-electronique-systemes"": 5, ""competence-multimedia-telecommunications"": 1, ""competence-statistiques-informatique"": 2}",finance;tourisme;robotique,,fonction_publique,terrain,parcours-igglia
cand-000938,matiere_synthetique_18;matiere_synthetique_20;matiere_synthetique_1,19.46,"{""competence-techniques-informatiques-gestion"": 4, ""competence-electronique-systemes"": 3, ""competence-multimedia-telecommunications"": 3, ""competence-statistiques-informatique"": 1}",sante,,fonction_publique,terrain,parcours-igglia
cand-000808,matiere_synthetique_16,11.52,"{""competence-techniques-informatiques-gestion"": 4, ""competence-electronique-systemes"": 0, ""competence-multimedia-telecommunications"": 5, ""competence-statistiques-informatique"": 5}",robotique;design;sante,projet_associatif,fonction_publique,terrain,parcours-imticia
cand-000584,matiere_synthetique_5;matiere_synthetique_13,12.12,"{""competence-techniques-informatiques-gestion"": 5, ""competence-electronique-systemes"": 3, ""competence-multimedia-telecommunications"": 2, ""competence-statistiques-informatique"": 3}",ecologie;sante;design,projet_personnel_tech,entrepreneuriat,teletravail,parcours-igglia
cand-000363,matiere_synthetique_10;matiere_synthetique_7;matiere_synthetique_18,11.82,"{""competence-techniques-informatiques-gestion"": 5, ""competence-electronique-systemes"": 1, ""competence-multimedia-telecommunications"": 1, ""competence-statistiques-informatique"": 2}",design;tourisme;robotique,,entrepreneuriat,terrain,parcours-igglia
cand-000953,matiere_synthetique_12;matiere_synthetique_5,13.12,"{""competence-techniques-informatiques-gestion"": 5, ""competence-electronique-systemes"": 1, ""competence-multimedia-telecommunications"": 4, ""competence-statistiques-informatique"": 2}",agriculture,,salariat,terrain,parcours-igglia
cand-000648,matiere_synthetique_20;matiere_synthetique_14;matiere_synthetique_3,9.74,"{""competence-techniques-informatiques-gestion"": 3, ""competence-electronique-systemes"": 1, ""competence-multimedia-telecommunications"": 5, ""competence-statistiques-informatique"": 2}",design;informatique,projet_associatif,salariat,teletravail,parcours-imticia
cand-000435,matiere_synthetique_11;matiere_synthetique_1,16.2,"{""competence-techniques-informatiques-gestion"": 4, ""competence-electronique-systemes"": 3, ""competence-multimedia-telecommunications"": 3, ""competence-statistiques-informatique"": 5}",robotique,projet_personnel_tech;projet_associatif,fonction_publique,hybride,parcours-isaia
cand-000131,matiere_synthetique_13;matiere_synthetique_6;matiere_synthetique_15,15.38,"{""competence-techniques-informatiques-gestion"": 3, ""competence-electronique-systemes"": 5, ""competence-multimedia-telecommunications"": 4, ""competence-statistiques-informatique"": 2}",robotique;informatique,projet_personnel_tech;projet_associatif,recherche,bureau,parcours-esiia
cand-000214,matiere_synthetique_20,19.16,"{""competence-techniques-informatiques-gestion"": 3, ""competence-electronique-systemes"": 3, ""competence-multimedia-telecommunications"": 2, ""competence-statistiques-informatique"": 3}",design;tourisme;robotique,,fonction_publique,teletravail,parcours-igglia
cand-000832,matiere_synthetique_15;matiere_synthetique_9;matiere_synthetique_15,13.61,"{""competence-techniques-informatiques-gestion"": 2, ""competence-electronique-systemes"": 3, ""competence-multimedia-telecommunications"": 5, ""competence-statistiques-informatique"": 5}",management;agriculture;informatique,,recherche,teletravail,parcours-imticia
cand-000790,matiere_synthetique_10;matiere_synthetique_10,14.03,"{""competence-techniques-informatiques-gestion"": 2, ""competence-electronique-systemes"": 4, ""competence-multimedia-telecommunications"": 1, ""competence-statistiques-informatique"": 5}",management,,salariat,terrain,parcours-isaia
cand-000810,matiere_synthetique_19;matiere_synthetique_17,15.02,"{""competence-techniques-informatiques-gestion"": 5, ""competence-electronique-systemes"": 3, ""competence-multimedia-telecommunications"": 5, ""competence-statistiques-informatique"": 1}",tourisme;design;sante,projet_personnel_tech,entrepreneuriat,bureau,parcours-igglia
cand-000999,matiere_synthetique_13;matiere_synthetique_5;matiere_synthetique_14,14.17,"{""competence-techniques-informatiques-gestion"": 5, ""competence-electronique-systemes"": 5, ""competence-multimedia-telecommunications"": 2, ""competence-statistiques-informatique"": 3}",agriculture,,enseignement,bureau,parcours-igglia
cand-000756,matiere_synthetique_1,10.58,"{""competence-techniques-informatiques-gestion"": 0, ""competence-electronique-systemes"": 5, ""competence-multimedia-telecommunications"": 5, ""competence-statistiques-informatique"": 5}",tourisme;ecologie;informatique,,recherche,bureau,parcours-esiia
cand-000413,matiere_synthetique_3,9.69,"{""competence-techniques-informatiques-gestion"": 5, ""competence-electronique-systemes"": 2, ""competence-multimedia-telecommunications"": 5, ""competence-statistiques-informatique"": 1}",management;finance;design,,salariat,hybride,parcours-igglia
cand-000477,matiere_synthetique_15,15.16,"{""competence-techniques-informatiques-gestion"": 5, ""competence-electronique-systemes"": 4, ""competence-multimedia-telecommunications"": 5, ""competence-statistiques-informatique"": 1}",design,projet_personnel_tech,entrepreneuriat,bureau,parcours-igglia
cand-000907,matiere_synthetique_14;matiere_synthetique_2,15.03,"{""competence-techniques-informatiques-gestion"": 1, ""competence-electronique-systemes"": 5, ""competence-multimedia-telecommunications"": 2, ""competence-statistiques-informatique"": 5}",management,projet_personnel_tech;projet_associatif,salariat,hybride,parcours-esiia
cand-000099,matiere_synthetique_19;matiere_synthetique_11,10.9,"{""competence-techniques-informatiques-gestion"": 5, ""competence-electronique-systemes"": 5, ""competence-multimedia-telecommunications"": 1, ""competence-statistiques-informatique"": 0}",robotique;finance;sante,projet_associatif,fonction_publique,terrain,parcours-igglia
cand-000547,matiere_synthetique_19;matiere_synthetique_14;matiere_synthetique_1,13.97,"{""competence-techniques-informatiques-gestion"": 0, ""competence-electronique-systemes"": 3, ""competence-multimedia-telecommunications"": 5, ""competence-statistiques-informatique"": 2}",tourisme;finance;management,,fonction_publique,terrain,parcours-imticia
cand-000573,matiere_synthetique_6;matiere_synthetique_20;matiere_synthetique_2,8.64,"{""competence-techniques-informatiques-gestion"": 1, ""competence-electronique-systemes"": 2, ""competence-multimedia-telecommunications"": 5, ""competence-statistiques-informatique"": 3}",management;ecologie,projet_associatif,recherche,teletravail,parcours-imticia
cand-000353,matiere_synthetique_3;matiere_synthetique_6,17.33,"{""competence-techniques-informatiques-gestion"": 4, ""competence-electronique-systemes"": 2, ""competence-multimedia-telecommunications"": 5, ""competence-statistiques-informatique"": 5}",robotique;design,,recherche,hybride,parcours-imticia
cand-000034,matiere_synthetique_20;matiere_synthetique_16,18.35,"{""competence-techniques-informatiques-gestion"": 1, ""competence-electronique-systemes"": 4, ""competence-multimedia-telecommunications"": 3, ""competence-statistiques-informatique"": 1}",informatique;robotique,projet_personnel_tech,recherche,teletravail,parcours-esiia
cand-000007,matiere_synthetique_5;matiere_synthetique_18;matiere_synthetique_8,13.63,"{""competence-techniques-informatiques-gestion"": 3, ""competence-electronique-systemes"": 2, ""competence-multimedia-telecommunications"": 5, ""competence-statistiques-informatique"": 5}",tourisme;design;sante,,salariat,hybride,parcours-imticia
cand-000215,matiere_synthetique_19,12.62,"{""competence-techniques-informatiques-gestion"": 4, ""competence-electronique-systemes"": 2, ""competence-multimedia-telecommunications"": 4, ""competence-statistiques-informatique"": 1}",ecologie,,entrepreneuriat,bureau,parcours-igglia
cand-000570,matiere_synthetique_12;matiere_synthetique_3,11.86,"{""competence-techniques-informatiques-gestion"": 1, ""competence-electronique-systemes"": 3, ""competence-multimedia-telecommunications"": 5, ""competence-statistiques-informatique"": 4}",robotique;design;management,,enseignement,hybride,parcours-imticia
cand-000415,matiere_synthetique_4;matiere_synthetique_16;matiere_synthetique_1,9.83,"{""competence-techniques-informatiques-gestion"": 2, ""competence-electronique-systemes"": 5, ""competence-multimedia-telecommunications"": 4, ""competence-statistiques-informatique"": 2}",informatique;design,,enseignement,bureau,parcours-esiia
cand-000670,matiere_synthetique_3;matiere_synthetique_1,17.36,"{""competence-techniques-informatiques-gestion"": 3, ""competence-electronique-systemes"": 4, ""competence-multimedia-telecommunications"": 5, ""competence-statistiques-informatique"": 2}",tourisme,,enseignement,terrain,parcours-imticia
cand-000947,matiere_synthetique_17;matiere_synthetique_17;matiere_synthetique_2,8.11,"{""competence-techniques-informatiques-gestion"": 4, ""competence-electronique-systemes"": 5, ""competence-multimedia-telecommunications"": 4, ""competence-statistiques-informatique"": 3}",design,,enseignement,hybride,parcours-esiia
cand-000055,matiere_synthetique_20;matiere_synthetique_12,14.09,"{""competence-techniques-informatiques-gestion"": 5, ""competence-electronique-systemes"": 4, ""competence-multimedia-telecommunications"": 3, ""competence-statistiques-informatique"": 5}",management,,enseignement,hybride,parcours-igglia
cand-000235,matiere_synthetique_1;matiere_synthetique_10,15.32,"{""competence-techniques-informatiques-gestion"": 4, ""competence-electronique-systemes"": 3, ""competence-multimedia-telecommunications"": 4, ""competence-statistiques-informatique"": 4}",finance;informatique,,recherche,bureau,parcours-igglia
cand-000072,matiere_synthetique_1;matiere_synthetique_14;matiere_synthetique_15,19.25,"{""competence-techniques-informatiques-gestion"": 4, ""competence-electronique-systemes"": 3, ""competence-multimedia-telecommunications"": 5, ""competence-statistiques-informatique"": 2}",sante;robotique,projet_personnel_tech,entrepreneuriat,bureau,parcours-imticia
cand-000273,matiere_synthetique_20;matiere_synthetique_19;matiere_synthetique_17,10.24,"{""competence-techniques-informatiques-gestion"": 4, ""competence-electronique-systemes"": 5, ""competence-multimedia-telecommunications"": 1, ""competence-statistiques-informatique"": 5}",tourisme,,entrepreneuriat,bureau,parcours-esiia
cand-000042,matiere_synthetique_10,9.24,"{""competence-techniques-informatiques-gestion"": 1, ""competence-electronique-systemes"": 2, ""competence-multimedia-telecommunications"": 5, ""competence-statistiques-informatique"": 3}",management,,entrepreneuriat,bureau,parcours-imticia
cand-000888,matiere_synthetique_1;matiere_synthetique_9;matiere_synthetique_10,17.29,"{""competence-techniques-informatiques-gestion"": 3, ""competence-electronique-systemes"": 5, ""competence-multimedia-telecommunications"": 3, ""competence-statistiques-informatique"": 2}",sante,projet_personnel_tech;projet_associatif,recherche,bureau,parcours-esiia
cand-000554,matiere_synthetique_20;matiere_synthetique_13;matiere_synthetique_18,11.62,"{""competence-techniques-informatiques-gestion"": 1, ""competence-electronique-systemes"": 1, ""competence-multimedia-telecommunications"": 4, ""competence-statistiques-informatique"": 1}",management,,fonction_publique,teletravail,parcours-imticia
cand-000434,matiere_synthetique_14,11.29,"{""competence-techniques-informatiques-gestion"": 3, ""competence-electronique-systemes"": 5, ""competence-multimedia-telecommunications"": 3, ""competence-statistiques-informatique"": 3}",sante;management;finance,,enseignement,hybride,parcours-esiia
cand-000220,matiere_synthetique_16,14.35,"{""competence-techniques-informatiques-gestion"": 3, ""competence-electronique-systemes"": 2, ""competence-multimedia-telecommunications"": 4, ""competence-statistiques-informatique"": 3}",robotique;finance,projet_personnel_tech,salariat,teletravail,parcours-imticia
cand-000726,matiere_synthetique_16;matiere_synthetique_20;matiere_synthetique_11,15.93,"{""competence-techniques-informatiques-gestion"": 2, ""competence-electronique-systemes"": 5, ""competence-multimedia-telecommunications"": 2, ""competence-statistiques-informatique"": 5}",sante;informatique;management,projet_personnel_tech,enseignement,hybride,parcours-esiia
cand-000301,matiere_synthetique_13,14.59,"{""competence-techniques-informatiques-gestion"": 4, ""competence-electronique-systemes"": 5, ""competence-multimedia-telecommunications"": 4, ""competence-statistiques-informatique"": 1}",management;sante,projet_personnel_tech,recherche,bureau,parcours-esiia
cand-000124,matiere_synthetique_5;matiere_synthetique_1;matiere_synthetique_10,11.86,"{""competence-techniques-informatiques-gestion"": 4, ""competence-electronique-systemes"": 3, ""competence-multimedia-telecommunications"": 3, ""competence-statistiques-informatique"": 5}",informatique;ecologie;sante,projet_associatif,recherche,terrain,parcours-isaia
cand-000312,matiere_synthetique_3,15.94,"{""competence-techniques-informatiques-gestion"": 2, ""competence-electronique-systemes"": 4, ""competence-multimedia-telecommunications"": 3, ""competence-statistiques-informatique"": 1}",robotique;agriculture;tourisme,,enseignement,teletravail,parcours-esiia
cand-000068,matiere_synthetique_19;matiere_synthetique_16,11.99,"{""competence-techniques-informatiques-gestion"": 1, ""competence-electronique-systemes"": 5, ""competence-multimedia-telecommunications"": 3, ""competence-statistiques-informatique"": 5}",informatique;agriculture;design,,enseignement,bureau,parcours-esiia
cand-000209,matiere_synthetique_5;matiere_synthetique_5,18.63,"{""competence-techniques-informatiques-gestion"": 0, ""competence-electronique-systemes"": 5, ""competence-multimedia-telecommunications"": 5, ""competence-statistiques-informatique"": 5}",robotique;agriculture,projet_personnel_tech,salariat,terrain,parcours-esiia
cand-000404,matiere_synthetique_15;matiere_synthetique_18,17.1,"{""competence-techniques-informatiques-gestion"": 5, ""competence-electronique-systemes"": 1, ""competence-multimedia-telecommunications"": 5, ""competence-statistiques-informatique"": 5}",robotique;design,,enseignement,bureau,parcours-igglia
cand-000918,matiere_synthetique_2,16.74,"{""competence-techniques-informatiques-gestion"": 5, ""competence-electronique-systemes"": 3, ""competence-multimedia-telecommunications"": 3, ""competence-statistiques-informatique"": 5}",management,projet_associatif,enseignement,terrain,parcours-igglia
cand-000767,matiere_synthetique_3;matiere_synthetique_5,10.76,"{""competence-techniques-informatiques-gestion"": 5, ""competence-electronique-systemes"": 3, ""competence-multimedia-telecommunications"": 4, ""competence-statistiques-informatique"": 5}",sante,projet_associatif,entrepreneuriat,terrain,parcours-igglia
cand-000536,matiere_synthetique_20,17.88,"{""competence-techniques-informatiques-gestion"": 5, ""competence-electronique-systemes"": 4, ""competence-multimedia-telecommunications"": 5, ""competence-statistiques-informatique"": 1}",sante;tourisme,,entrepreneuriat,terrain,parcours-igglia
cand-000444,matiere_synthetique_8;matiere_synthetique_20,9.22,"{""competence-techniques-informatiques-gestion"": 5, ""competence-electronique-systemes"": 5, ""competence-multimedia-telecommunications"": 2, ""competence-statistiques-informatique"": 5}",robotique,,recherche,teletravail,parcours-igglia
cand-000205,matiere_synthetique_3;matiere_synthetique_18,14.48,"{""competence-techniques-informatiques-gestion"": 3, ""competence-electronique-systemes"": 5, ""competence-multimedia-telecommunications"": 3, ""competence-statistiques-informatique"": 2}",ecologie,,entrepreneuriat,terrain,parcours-esiia
cand-000442,matiere_synthetique_7;matiere_synthetique_8;matiere_synthetique_11,19.37,"{""competence-techniques-informatiques-gestion"": 5, ""competence-electronique-systemes"": 5, ""competence-multimedia-telecommunications"": 5, ""competence-statistiques-informatique"": 5}",finance;tourisme;management,,recherche,teletravail,parcours-igglia
cand-000669,matiere_synthetique_5;matiere_synthetique_16,16.42,"{""competence-techniques-informatiques-gestion"": 1, ""competence-electronique-systemes"": 5, ""competence-multimedia-telecommunications"": 3, ""competence-statistiques-informatique"": 1}",finance,projet_personnel_tech,recherche,hybride,parcours-esiia
cand-000425,matiere_synthetique_9;matiere_synthetique_16;matiere_synthetique_15,8.39,"{""competence-techniques-informatiques-gestion"": 4, ""competence-electronique-systemes"": 4, ""competence-multimedia-telecommunications"": 1, ""competence-statistiques-informatique"": 5}",management;tourisme;design,projet_personnel_tech,recherche,terrain,parcours-isaia
cand-000453,matiere_synthetique_3;matiere_synthetique_8,12.45,"{""competence-techniques-informatiques-gestion"": 4, ""competence-electronique-systemes"": 3, ""competence-multimedia-telecommunications"": 4, ""competence-statistiques-informatique"": 5}",robotique;informatique;management,,salariat,hybride,parcours-isaia
cand-000577,matiere_synthetique_8;matiere_synthetique_10;matiere_synthetique_17,11.87,"{""competence-techniques-informatiques-gestion"": 2, ""competence-electronique-systemes"": 0, ""competence-multimedia-telecommunications"": 0, ""competence-statistiques-informatique"": 2}",robotique;management;finance,,recherche,bureau,parcours-igglia
cand-000943,matiere_synthetique_4;matiere_synthetique_5,14.89,"{""competence-techniques-informatiques-gestion"": 3, ""competence-electronique-systemes"": 5, ""competence-multimedia-telecommunications"": 1, ""competence-statistiques-informatique"": 5}",design;informatique;agriculture,,enseignement,hybride,parcours-esiia
cand-000454,matiere_synthetique_3;matiere_synthetique_3,20.0,"{""competence-techniques-informatiques-gestion"": 5, ""competence-electronique-systemes"": 5, ""competence-multimedia-telecommunications"": 1, ""competence-statistiques-informatique"": 5}",informatique;tourisme,,fonction_publique,bureau,parcours-igglia
cand-000299,matiere_synthetique_3;matiere_synthetique_2;matiere_synthetique_9,14.82,"{""competence-techniques-informatiques-gestion"": 4, ""competence-electronique-systemes"": 0, ""competence-multimedia-telecommunications"": 3, ""competence-statistiques-informatique"": 2}",management,projet_personnel_tech,salariat,teletravail,parcours-igglia
cand-000265,matiere_synthetique_5,7.19,"{""competence-techniques-informatiques-gestion"": 5, ""competence-electronique-systemes"": 1, ""competence-multimedia-telecommunications"": 5, ""competence-statistiques-informatique"": 3}",design;management;finance,,recherche,bureau,parcours-igglia
cand-000426,matiere_synthetique_16;matiere_synthetique_2;matiere_synthetique_2,12.94,"{""competence-techniques-informatiques-gestion"": 5, ""competence-electronique-systemes"": 1, ""competence-multimedia-telecommunications"": 4, ""competence-statistiques-informatique"": 1}",management,,salariat,terrain,parcours-igglia
cand-000182,matiere_synthetique_19;matiere_synthetique_9;matiere_synthetique_17,11.7,"{""competence-techniques-informatiques-gestion"": 1, ""competence-electronique-systemes"": 4, ""competence-multimedia-telecommunications"": 5, ""competence-statistiques-informatique"": 1}",design;agriculture;tourisme,,entrepreneuriat,terrain,parcours-imticia
cand-000611,matiere_synthetique_2;matiere_synthetique_19;matiere_synthetique_16,13.64,"{""competence-techniques-informatiques-gestion"": 1, ""competence-electronique-systemes"": 5, ""competence-multimedia-telecommunications"": 5, ""competence-statistiques-informatique"": 4}",design,,salariat,terrain,parcours-esiia
cand-000916,matiere_synthetique_11,16.91,"{""competence-techniques-informatiques-gestion"": 5, ""competence-electronique-systemes"": 5, ""competence-multimedia-telecommunications"": 5, ""competence-statistiques-informatique"": 1}",management;agriculture,,recherche,bureau,parcours-igglia
cand-000495,matiere_synthetique_12;matiere_synthetique_19;matiere_synthetique_2,14.43,"{""competence-techniques-informatiques-gestion"": 3, ""competence-electronique-systemes"": 5, ""competence-multimedia-telecommunications"": 5, ""competence-statistiques-informatique"": 2}",design,projet_personnel_tech,fonction_publique,teletravail,parcours-esiia
cand-000762,matiere_synthetique_17,11.52,"{""competence-techniques-informatiques-gestion"": 5, ""competence-electronique-systemes"": 3, ""competence-multimedia-telecommunications"": 3, ""competence-statistiques-informatique"": 4}",design;ecologie;robotique,projet_personnel_tech,enseignement,bureau,parcours-igglia
cand-000535,matiere_synthetique_16;matiere_synthetique_5,16.83,"{""competence-techniques-informatiques-gestion"": 4, ""competence-electronique-systemes"": 5, ""competence-multimedia-telecommunications"": 1, ""competence-statistiques-informatique"": 1}",informatique,,salariat,bureau,parcours-esiia
cand-000884,matiere_synthetique_10,16.09,"{""competence-techniques-informatiques-gestion"": 5, ""competence-electronique-systemes"": 2, ""competence-multimedia-telecommunications"": 3, ""competence-statistiques-informatique"": 5}",informatique,,fonction_publique,terrain,parcours-igglia
cand-000983,matiere_synthetique_6;matiere_synthetique_8;matiere_synthetique_14,12.32,"{""competence-techniques-informatiques-gestion"": 5, ""competence-electronique-systemes"": 3, ""competence-multimedia-telecommunications"": 4, ""competence-statistiques-informatique"": 2}",informatique,,entrepreneuriat,teletravail,parcours-igglia
cand-000369,matiere_synthetique_3;matiere_synthetique_4,16.17,"{""competence-techniques-informatiques-gestion"": 3, ""competence-electronique-systemes"": 4, ""competence-multimedia-telecommunications"": 3, ""competence-statistiques-informatique"": 1}",agriculture;tourisme;finance,projet_personnel_tech;projet_associatif,salariat,bureau,parcours-esiia
cand-000743,matiere_synthetique_18;matiere_synthetique_20;matiere_synthetique_18,8.24,"{""competence-techniques-informatiques-gestion"": 4, ""competence-electronique-systemes"": 5, ""competence-multimedia-telecommunications"": 2, ""competence-statistiques-informatique"": 3}",robotique;management,,recherche,teletravail,parcours-esiia
cand-000777,matiere_synthetique_7,13.05,"{""competence-techniques-informatiques-gestion"": 3, ""competence-electronique-systemes"": 5, ""competence-multimedia-telecommunications"": 4, ""competence-statistiques-informatique"": 2}",tourisme;sante;management,projet_personnel_tech,recherche,hybride,parcours-esiia
cand-000002,matiere_synthetique_19;matiere_synthetique_10;matiere_synthetique_1,15.35,"{""competence-techniques-informatiques-gestion"": 4, ""competence-electronique-systemes"": 5, ""competence-multimedia-telecommunications"": 4, ""competence-statistiques-informatique"": 3}",finance;informatique,,entrepreneuriat,bureau,parcours-esiia
cand-000684,matiere_synthetique_11;matiere_synthetique_5;matiere_synthetique_3,12.09,"{""competence-techniques-informatiques-gestion"": 5, ""competence-electronique-systemes"": 4, ""competence-multimedia-telecommunications"": 2, ""competence-statistiques-informatique"": 2}",management;sante;tourisme,projet_personnel_tech,fonction_publique,terrain,parcours-igglia
cand-000189,matiere_synthetique_2;matiere_synthetique_12;matiere_synthetique_16,17.59,"{""competence-techniques-informatiques-gestion"": 4, ""competence-electronique-systemes"": 5, ""competence-multimedia-telecommunications"": 4, ""competence-statistiques-informatique"": 1}",robotique;agriculture,projet_personnel_tech,salariat,teletravail,parcours-esiia
cand-000487,matiere_synthetique_5;matiere_synthetique_8;matiere_synthetique_4,9.15,"{""competence-techniques-informatiques-gestion"": 1, ""competence-electronique-systemes"": 5, ""competence-multimedia-telecommunications"": 5, ""competence-statistiques-informatique"": 3}",robotique;design,,fonction_publique,hybride,parcours-esiia
cand-000207,matiere_synthetique_16,6.1,"{""competence-techniques-informatiques-gestion"": 1, ""competence-electronique-systemes"": 5, ""competence-multimedia-telecommunications"": 1, ""competence-statistiques-informatique"": 5}",robotique;design;sante,projet_associatif,recherche,terrain,parcours-esiia
cand-000751,matiere_synthetique_16,11.85,"{""competence-techniques-informatiques-gestion"": 1, ""competence-electronique-systemes"": 3, ""competence-multimedia-telecommunications"": 4, ""competence-statistiques-informatique"": 4}",robotique,,enseignement,teletravail,parcours-imticia
cand-000835,matiere_synthetique_18;matiere_synthetique_8,12.2,"{""competence-techniques-informatiques-gestion"": 4, ""competence-electronique-systemes"": 3, ""competence-multimedia-telecommunications"": 4, ""competence-statistiques-informatique"": 3}",robotique;sante,,salariat,hybride,parcours-igglia
cand-000859,matiere_synthetique_7;matiere_synthetique_5;matiere_synthetique_4,17.8,"{""competence-techniques-informatiques-gestion"": 5, ""competence-electronique-systemes"": 3, ""competence-multimedia-telecommunications"": 3, ""competence-statistiques-informatique"": 1}",tourisme;robotique;sante,projet_personnel_tech,enseignement,bureau,parcours-igglia
cand-000544,matiere_synthetique_9,13.88,"{""competence-techniques-informatiques-gestion"": 5, ""competence-electronique-systemes"": 4, ""competence-multimedia-telecommunications"": 3, ""competence-statistiques-informatique"": 5}",tourisme;ecologie;robotique,,fonction_publique,teletravail,parcours-igglia
cand-000499,matiere_synthetique_2;matiere_synthetique_19;matiere_synthetique_15,6.93,"{""competence-techniques-informatiques-gestion"": 5, ""competence-electronique-systemes"": 5, ""competence-multimedia-telecommunications"": 3, ""competence-statistiques-informatique"": 2}",design,,entrepreneuriat,hybride,parcours-igglia
cand-000208,matiere_synthetique_14;matiere_synthetique_7;matiere_synthetique_11,11.6,"{""competence-techniques-informatiques-gestion"": 4, ""competence-electronique-systemes"": 1, ""competence-multimedia-telecommunications"": 3, ""competence-statistiques-informatique"": 5}",finance;management,projet_associatif,enseignement,teletravail,parcours-isaia
cand-000698,matiere_synthetique_17;matiere_synthetique_6,9.81,"{""competence-techniques-informatiques-gestion"": 2, ""competence-electronique-systemes"": 2, ""competence-multimedia-telecommunications"": 4, ""competence-statistiques-informatique"": 3}",robotique;finance,projet_personnel_tech,entrepreneuriat,hybride,parcours-imticia
cand-000637,matiere_synthetique_3,17.12,"{""competence-techniques-informatiques-gestion"": 0, ""competence-electronique-systemes"": 4, ""competence-multimedia-telecommunications"": 1, ""competence-statistiques-informatique"": 5}",sante;robotique,projet_personnel_tech,salariat,teletravail,parcours-isaia
cand-000867,matiere_synthetique_4,16.77,"{""competence-techniques-informatiques-gestion"": 4, ""competence-electronique-systemes"": 2, ""competence-multimedia-telecommunications"": 5, ""competence-statistiques-informatique"": 4}",finance;design,,recherche,teletravail,parcours-imticia
cand-000826,matiere_synthetique_13,19.39,"{""competence-techniques-informatiques-gestion"": 4, ""competence-electronique-systemes"": 3, ""competence-multimedia-telecommunications"": 5, ""competence-statistiques-informatique"": 3}",agriculture,projet_associatif,recherche,hybride,parcours-imticia
cand-000365,matiere_synthetique_7;matiere_synthetique_10;matiere_synthetique_20,11.37,"{""competence-techniques-informatiques-gestion"": 4, ""competence-electronique-systemes"": 1, ""competence-multimedia-telecommunications"": 5, ""competence-statistiques-informatique"": 3}",informatique,projet_personnel_tech,entrepreneuriat,teletravail,parcours-imticia
cand-000612,matiere_synthetique_2,9.47,"{""competence-techniques-informatiques-gestion"": 4, ""competence-electronique-systemes"": 3, ""competence-multimedia-telecommunications"": 1, ""competence-statistiques-informatique"": 1}",robotique,projet_personnel_tech,salariat,terrain,parcours-igglia
cand-000458,matiere_synthetique_2,17.61,"{""competence-techniques-informatiques-gestion"": 2, ""competence-electronique-systemes"": 5, ""competence-multimedia-telecommunications"": 1, ""competence-statistiques-informatique"": 0}",tourisme;robotique;ecologie,,salariat,bureau,parcours-esiia
cand-000679,matiere_synthetique_19;matiere_synthetique_16,9.09,"{""competence-techniques-informatiques-gestion"": 2, ""competence-electronique-systemes"": 0, ""competence-multimedia-telecommunications"": 5, ""competence-statistiques-informatique"": 3}",management;robotique;sante,,entrepreneuriat,teletravail,parcours-imticia
cand-000915,matiere_synthetique_18;matiere_synthetique_11;matiere_synthetique_2,9.45,"{""competence-techniques-informatiques-gestion"": 2, ""competence-electronique-systemes"": 2, ""competence-multimedia-telecommunications"": 1, ""competence-statistiques-informatique"": 5}",ecologie;management,projet_personnel_tech,recherche,bureau,parcours-isaia
cand-000282,matiere_synthetique_2;matiere_synthetique_15;matiere_synthetique_8,15.11,"{""competence-techniques-informatiques-gestion"": 5, ""competence-electronique-systemes"": 5, ""competence-multimedia-telecommunications"": 5, ""competence-statistiques-informatique"": 5}",tourisme,projet_personnel_tech,enseignement,hybride,parcours-igglia
cand-000132,matiere_synthetique_6;matiere_synthetique_13,8.57,"{""competence-techniques-informatiques-gestion"": 1, ""competence-electronique-systemes"": 5, ""competence-multimedia-telecommunications"": 1, ""competence-statistiques-informatique"": 3}",design;finance,,salariat,hybride,parcours-esiia
cand-000437,matiere_synthetique_15;matiere_synthetique_8;matiere_synthetique_5,7.68,"{""competence-techniques-informatiques-gestion"": 4, ""competence-electronique-systemes"": 1, ""competence-multimedia-telecommunications"": 5, ""competence-statistiques-informatique"": 5}",robotique;management,,fonction_publique,bureau,parcours-imticia
cand-000251,matiere_synthetique_1;matiere_synthetique_13;matiere_synthetique_1,12.26,"{""competence-techniques-informatiques-gestion"": 0, ""competence-electronique-systemes"": 1, ""competence-multimedia-telecommunications"": 5, ""competence-statistiques-informatique"": 2}",agriculture,,enseignement,teletravail,parcours-imticia
cand-000635,matiere_synthetique_5;matiere_synthetique_19,11.03,"{""competence-techniques-informatiques-gestion"": 2, ""competence-electronique-systemes"": 1, ""competence-multimedia-telecommunications"": 3, ""competence-statistiques-informatique"": 4}",finance;design;ecologie,projet_personnel_tech,recherche,terrain,parcours-isaia
cand-000326,matiere_synthetique_15;matiere_synthetique_20,15.86,"{""competence-techniques-informatiques-gestion"": 5, ""competence-electronique-systemes"": 3, ""competence-multimedia-telecommunications"": 1, ""competence-statistiques-informatique"": 5}",finance;design;informatique,projet_personnel_tech,recherche,hybride,parcours-igglia
cand-000747,matiere_synthetique_4,17.23,"{""competence-techniques-informatiques-gestion"": 1, ""competence-electronique-systemes"": 3, ""competence-multimedia-telecommunications"": 3, ""competence-statistiques-informatique"": 1}",robotique,,salariat,teletravail,parcours-esiia
cand-000604,matiere_synthetique_12;matiere_synthetique_18,17.45,"{""competence-techniques-informatiques-gestion"": 4, ""competence-electronique-systemes"": 4, ""competence-multimedia-telecommunications"": 5, ""competence-statistiques-informatique"": 1}",sante;ecologie;finance,,entrepreneuriat,teletravail,parcours-imticia
cand-000879,matiere_synthetique_13,7.61,"{""competence-techniques-informatiques-gestion"": 2, ""competence-electronique-systemes"": 3, ""competence-multimedia-telecommunications"": 2, ""competence-statistiques-informatique"": 2}",finance;ecologie,,recherche,bureau,parcours-esiia
cand-000305,matiere_synthetique_12;matiere_synthetique_2,18.07,"{""competence-techniques-informatiques-gestion"": 5, ""competence-electronique-systemes"": 3, ""competence-multimedia-telecommunications"": 3, ""competence-statistiques-informatique"": 0}",tourisme;agriculture,,salariat,teletravail,parcours-igglia
cand-000041,matiere_synthetique_8;matiere_synthetique_17,16.36,"{""competence-techniques-informatiques-gestion"": 1, ""competence-electronique-systemes"": 2, ""competence-multimedia-telecommunications"": 1, ""competence-statistiques-informatique"": 4}",robotique;informatique,,entrepreneuriat,hybride,parcours-isaia
cand-000318,matiere_synthetique_3;matiere_synthetique_3,16.06,"{""competence-techniques-informatiques-gestion"": 4, ""competence-electronique-systemes"": 3, ""competence-multimedia-telecommunications"": 2, ""competence-statistiques-informatique"": 1}",management;robotique,,recherche,terrain,parcours-igglia
cand-000761,matiere_synthetique_15;matiere_synthetique_7;matiere_synthetique_9,16.03,"{""competence-techniques-informatiques-gestion"": 2, ""competence-electronique-systemes"": 3, ""competence-multimedia-telecommunications"": 4, ""competence-statistiques-informatique"": 4}",finance;robotique,,fonction_publique,hybride,parcours-imticia
cand-000328,matiere_synthetique_12;matiere_synthetique_4;matiere_synthetique_7,19.59,"{""competence-techniques-informatiques-gestion"": 1, ""competence-electronique-systemes"": 3, ""competence-multimedia-telecommunications"": 3, ""competence-statistiques-informatique"": 3}",design;finance,,recherche,bureau,parcours-esiia
cand-000694,matiere_synthetique_17;matiere_synthetique_7,14.53,"{""competence-techniques-informatiques-gestion"": 5, ""competence-electronique-systemes"": 1, ""competence-multimedia-telecommunications"": 2, ""competence-statistiques-informatique"": 5}",tourisme;robotique;agriculture,projet_personnel_tech,salariat,terrain,parcours-igglia
cand-000164,matiere_synthetique_4;matiere_synthetique_7,9.52,"{""competence-techniques-informatiques-gestion"": 5, ""competence-electronique-systemes"": 4, ""competence-multimedia-telecommunications"": 4, ""competence-statistiques-informatique"": 3}",management;finance;tourisme,projet_personnel_tech,salariat,bureau,parcours-igglia
cand-000531,matiere_synthetique_17;matiere_synthetique_8;matiere_synthetique_8,14.18,"{""competence-techniques-informatiques-gestion"": 5, ""competence-electronique-systemes"": 1, ""competence-multimedia-telecommunications"": 3, ""competence-statistiques-informatique"": 4}",sante,,recherche,teletravail,parcours-igglia
cand-000492,matiere_synthetique_6,14.07,"{""competence-techniques-informatiques-gestion"": 3, ""competence-electronique-systemes"": 1, ""competence-multimedia-telecommunications"": 2, ""competence-statistiques-informatique"": 5}",design;ecologie;robotique,projet_associatif,salariat,teletravail,parcours-isaia
cand-000880,matiere_synthetique_7,16.32,"{""competence-techniques-informatiques-gestion"": 5, ""competence-electronique-systemes"": 3, ""competence-multimedia-telecommunications"": 2, ""competence-statistiques-informatique"": 2}",agriculture;design,,recherche,hybride,parcours-igglia
cand-000528,matiere_synthetique_19,11.16,"{""competence-techniques-informatiques-gestion"": 1, ""competence-electronique-systemes"": 2, ""competence-multimedia-telecommunications"": 0, ""competence-statistiques-informatique"": 0}",finance;sante,,enseignement,terrain,parcours-esiia
cand-000989,matiere_synthetique_13,17.64,"{""competence-techniques-informatiques-gestion"": 4, ""competence-electronique-systemes"": 5, ""competence-multimedia-telecommunications"": 3, ""competence-statistiques-informatique"": 2}",finance;tourisme,projet_associatif,fonction_publique,hybride,parcours-esiia
cand-000212,matiere_synthetique_18;matiere_synthetique_3;matiere_synthetique_20,19.24,"{""competence-techniques-informatiques-gestion"": 4, ""competence-electronique-systemes"": 4, ""competence-multimedia-telecommunications"": 3, ""competence-statistiques-informatique"": 4}",sante;robotique,,recherche,hybride,parcours-igglia
cand-000140,matiere_synthetique_20;matiere_synthetique_15,8.59,"{""competence-techniques-informatiques-gestion"": 5, ""competence-electronique-systemes"": 1, ""competence-multimedia-telecommunications"": 5, ""competence-statistiques-informatique"": 4}",management,,entrepreneuriat,teletravail,parcours-igglia
cand-000084,matiere_synthetique_13;matiere_synthetique_8,17.61,"{""competence-techniques-informatiques-gestion"": 5, ""competence-electronique-systemes"": 3, ""competence-multimedia-telecommunications"": 2, ""competence-statistiques-informatique"": 1}",tourisme,projet_personnel_tech,salariat,hybride,parcours-igglia
cand-000348,matiere_synthetique_16,8.19,"{""competence-techniques-informatiques-gestion"": 1, ""competence-electronique-systemes"": 5, ""competence-multimedia-telecommunications"": 5, ""competence-statistiques-informatique"": 3}",management,,salariat,bureau,parcours-esiia
cand-000558,matiere_synthetique_15;matiere_synthetique_15;matiere_synthetique_12,14.99,"{""competence-techniques-informatiques-gestion"": 5, ""competence-electronique-systemes"": 3, ""competence-multimedia-telecommunications"": 3, ""competence-statistiques-informatique"": 0}",agriculture;sante,projet_personnel_tech,entrepreneuriat,bureau,parcours-igglia
cand-000615,matiere_synthetique_20;matiere_synthetique_4,14.81,"{""competence-techniques-informatiques-gestion"": 2, ""competence-electronique-systemes"": 1, ""competence-multimedia-telecommunications"": 1, ""competence-statistiques-informatique"": 2}",agriculture,projet_associatif,recherche,teletravail,parcours-igglia
cand-000108,matiere_synthetique_8;matiere_synthetique_20,14.7,"{""competence-techniques-informatiques-gestion"": 3, ""competence-electronique-systemes"": 1, ""competence-multimedia-telecommunications"": 5, ""competence-statistiques-informatique"": 2}",management;informatique;ecologie,,entrepreneuriat,teletravail,parcours-imticia
cand-000917,matiere_synthetique_5;matiere_synthetique_11;matiere_synthetique_1,10.24,"{""competence-techniques-informatiques-gestion"": 2, ""competence-electronique-systemes"": 2, ""competence-multimedia-telecommunications"": 3, ""competence-statistiques-informatique"": 3}",tourisme;sante,,salariat,terrain,parcours-imticia
cand-000708,matiere_synthetique_12,16.21,"{""competence-techniques-informatiques-gestion"": 1, ""competence-electronique-systemes"": 2, ""competence-multimedia-telecommunications"": 2, ""competence-statistiques-informatique"": 5}",sante,projet_associatif,fonction_publique,hybride,parcours-isaia
cand-000111,matiere_synthetique_7;matiere_synthetique_9;matiere_synthetique_1,14.43,"{""competence-techniques-informatiques-gestion"": 2, ""competence-electronique-systemes"": 3, ""competence-multimedia-telecommunications"": 0, ""competence-statistiques-informatique"": 3}",design,,fonction_publique,bureau,parcours-esiia
cand-000227,matiere_synthetique_16;matiere_synthetique_9;matiere_synthetique_16,18.92,"{""competence-techniques-informatiques-gestion"": 3, ""competence-electronique-systemes"": 2, ""competence-multimedia-telecommunications"": 4, ""competence-statistiques-informatique"": 3}",robotique,,fonction_publique,teletravail,parcours-imticia
cand-000864,matiere_synthetique_20;matiere_synthetique_3;matiere_synthetique_1,12.73,"{""competence-techniques-informatiques-gestion"": 5, ""competence-electronique-systemes"": 2, ""competence-multimedia-telecommunications"": 2, ""competence-statistiques-informatique"": 5}",informatique;design;sante,projet_associatif,enseignement,teletravail,parcours-igglia
cand-000507,matiere_synthetique_14,19.22,"{""competence-techniques-informatiques-gestion"": 5, ""competence-electronique-systemes"": 1, ""competence-multimedia-telecommunications"": 3, ""competence-statistiques-informatique"": 3}",agriculture;robotique,projet_associatif,recherche,hybride,parcours-igglia
cand-000598,matiere_synthetique_16;matiere_synthetique_1,10.02,"{""competence-techniques-informatiques-gestion"": 5, ""competence-electronique-systemes"": 3, ""competence-multimedia-telecommunications"": 5, ""competence-statistiques-informatique"": 3}",ecologie;informatique,projet_personnel_tech,salariat,teletravail,parcours-igglia
cand-000523,matiere_synthetique_10,14.5,"{""competence-techniques-informatiques-gestion"": 5, ""competence-electronique-systemes"": 4, ""competence-multimedia-telecommunications"": 0, ""competence-statistiques-informatique"": 1}",agriculture,,entrepreneuriat,hybride,parcours-igglia
cand-000065,matiere_synthetique_13;matiere_synthetique_2;matiere_synthetique_3,12.41,"{""competence-techniques-informatiques-gestion"": 4, ""competence-electronique-systemes"": 2, ""competence-multimedia-telecommunications"": 5, ""competence-statistiques-informatique"": 1}",design,projet_personnel_tech,enseignement,terrain,parcours-imticia
cand-000545,matiere_synthetique_5,16.19,"{""competence-techniques-informatiques-gestion"": 4, ""competence-electronique-systemes"": 4, ""competence-multimedia-telecommunications"": 1, ""competence-statistiques-informatique"": 3}",design;finance;informatique,,recherche,teletravail,parcours-igglia
cand-000987,matiere_synthetique_4;matiere_synthetique_16;matiere_synthetique_15,11.66,"{""competence-techniques-informatiques-gestion"": 4, ""competence-electronique-systemes"": 3, ""competence-multimedia-telecommunications"": 2, ""competence-statistiques-informatique"": 4}",agriculture,projet_personnel_tech,entrepreneuriat,teletravail,parcours-igglia
cand-000742,matiere_synthetique_15;matiere_synthetique_8;matiere_synthetique_8,12.05,"{""competence-techniques-informatiques-gestion"": 3, ""competence-electronique-systemes"": 5, ""competence-multimedia-telecommunications"": 2, ""competence-statistiques-informatique"": 5}",design,projet_associatif,fonction_publique,bureau,parcours-esiia
cand-000521,matiere_synthetique_4,11.07,"{""competence-techniques-informatiques-gestion"": 5, ""competence-electronique-systemes"": 4, ""competence-multimedia-telecommunications"": 5, ""competence-statistiques-informatique"": 2}",finance,,fonction_publique,terrain,parcours-igglia
cand-000534,matiere_synthetique_18;matiere_synthetique_16,17.65,"{""competence-techniques-informatiques-gestion"": 2, ""competence-electronique-systemes"": 2, ""competence-multimedia-telecommunications"": 4, ""competence-statistiques-informatique"": 0}",design,projet_associatif,entrepreneuriat,terrain,parcours-imticia
cand-000127,matiere_synthetique_19;matiere_synthetique_1,14.78,"{""competence-techniques-informatiques-gestion"": 2, ""competence-electronique-systemes"": 4, ""competence-multimedia-telecommunications"": 2, ""competence-statistiques-informatique"": 5}",robotique;sante,,recherche,teletravail,parcours-isaia
cand-000275,matiere_synthetique_8,14.33,"{""competence-techniques-informatiques-gestion"": 1, ""competence-electronique-systemes"": 1, ""competence-multimedia-telecommunications"": 4, ""competence-statistiques-informatique"": 1}",finance;informatique;design,,enseignement,teletravail,parcours-imticia
cand-000971,matiere_synthetique_5;matiere_synthetique_17,6.98,"{""competence-techniques-informatiques-gestion"": 2, ""competence-electronique-systemes"": 4, ""competence-multimedia-telecommunications"": 3, ""competence-statistiques-informatique"": 3}",sante;informatique,projet_associatif,enseignement,bureau,parcours-esiia
cand-000702,matiere_synthetique_6;matiere_synthetique_4;matiere_synthetique_3,12.25,"{""competence-techniques-informatiques-gestion"": 2, ""competence-electronique-systemes"": 5, ""competence-multimedia-telecommunications"": 4, ""competence-statistiques-informatique"": 5}",management,projet_personnel_tech;projet_associatif,enseignement,bureau,parcours-esiia
cand-000709,matiere_synthetique_8;matiere_synthetique_7;matiere_synthetique_4,17.72,"{""competence-techniques-informatiques-gestion"": 4, ""competence-electronique-systemes"": 3, ""competence-multimedia-telecommunications"": 5, ""competence-statistiques-informatique"": 1}",design;tourisme,projet_personnel_tech,salariat,bureau,parcours-imticia
cand-000248,matiere_synthetique_8;matiere_synthetique_18;matiere_synthetique_20,13.82,"{""competence-techniques-informatiques-gestion"": 4, ""competence-electronique-systemes"": 1, ""competence-multimedia-telecommunications"": 1, ""competence-statistiques-informatique"": 4}",ecologie;finance;tourisme,projet_personnel_tech,salariat,teletravail,parcours-igglia
cand-000403,matiere_synthetique_19;matiere_synthetique_5,19.12,"{""competence-techniques-informatiques-gestion"": 3, ""competence-electronique-systemes"": 2, ""competence-multimedia-telecommunications"": 1, ""competence-statistiques-informatique"": 3}",robotique;ecologie;tourisme,projet_personnel_tech,enseignement,terrain,parcours-igglia
cand-000703,matiere_synthetique_15,11.2,"{""competence-techniques-informatiques-gestion"": 3, ""competence-electronique-systemes"": 2, ""competence-multimedia-telecommunications"": 0, ""competence-statistiques-informatique"": 2}",sante,projet_personnel_tech,fonction_publique,terrain,parcours-igglia
cand-000386,matiere_synthetique_12;matiere_synthetique_19;matiere_synthetique_20,7.29,"{""competence-techniques-informatiques-gestion"": 5, ""competence-electronique-systemes"": 5, ""competence-multimedia-telecommunications"": 1, ""competence-statistiques-informatique"": 1}",informatique;tourisme,projet_associatif,salariat,bureau,parcours-igglia
cand-000004,matiere_synthetique_7;matiere_synthetique_10,17.17,"{""competence-techniques-informatiques-gestion"": 5, ""competence-electronique-systemes"": 5, ""competence-multimedia-telecommunications"": 5, ""competence-statistiques-informatique"": 5}",sante;tourisme,,enseignement,hybride,parcours-igglia
cand-000818,matiere_synthetique_20,18.43,"{""competence-techniques-informatiques-gestion"": 2, ""competence-electronique-systemes"": 2, ""competence-multimedia-telecommunications"": 5, ""competence-statistiques-informatique"": 5}",informatique;design;ecologie,projet_personnel_tech,fonction_publique,hybride,parcours-imticia
cand-000560,matiere_synthetique_2;matiere_synthetique_10,15.82,"{""competence-techniques-informatiques-gestion"": 4, ""competence-electronique-systemes"": 3, ""competence-multimedia-telecommunications"": 5, ""competence-statistiques-informatique"": 5}",management,projet_personnel_tech,fonction_publique,terrain,parcours-imticia
cand-000156,matiere_synthetique_11;matiere_synthetique_9;matiere_synthetique_2,8.41,"{""competence-techniques-informatiques-gestion"": 4, ""competence-electronique-systemes"": 5, ""competence-multimedia-telecommunications"": 2, ""competence-statistiques-informatique"": 1}",robotique;tourisme,projet_personnel_tech,recherche,bureau,parcours-esiia
cand-000359,matiere_synthetique_10;matiere_synthetique_3,9.38,"{""competence-techniques-informatiques-gestion"": 5, ""competence-electronique-systemes"": 2, ""competence-multimedia-telecommunications"": 2, ""competence-statistiques-informatique"": 4}",informatique,,enseignement,teletravail,parcours-igglia
cand-000239,matiere_synthetique_9,17.34,"{""competence-techniques-informatiques-gestion"": 2, ""competence-electronique-systemes"": 0, ""competence-multimedia-telecommunications"": 2, ""competence-statistiques-informatique"": 4}",tourisme;management;design,projet_personnel_tech,entrepreneuriat,hybride,parcours-isaia
cand-000768,matiere_synthetique_19,9.65,"{""competence-techniques-informatiques-gestion"": 2, ""competence-electronique-systemes"": 1, ""competence-multimedia-telecommunications"": 5, ""competence-statistiques-informatique"": 4}",management;finance;tourisme,,enseignement,teletravail,parcours-imticia
cand-000688,matiere_synthetique_18,12.78,"{""competence-techniques-informatiques-gestion"": 3, ""competence-electronique-systemes"": 4, ""competence-multimedia-telecommunications"": 1, ""competence-statistiques-informatique"": 4}",design;robotique,projet_personnel_tech,entrepreneuriat,terrain,parcours-esiia
cand-000812,matiere_synthetique_19,17.28,"{""competence-techniques-informatiques-gestion"": 2, ""competence-electronique-systemes"": 4, ""competence-multimedia-telecommunications"": 0, ""competence-statistiques-informatique"": 0}",ecologie;robotique;design,,salariat,terrain,parcours-esiia
cand-000399,matiere_synthetique_17;matiere_synthetique_4;matiere_synthetique_12,9.02,"{""competence-techniques-informatiques-gestion"": 3, ""competence-electronique-systemes"": 0, ""competence-multimedia-telecommunications"": 3, ""competence-statistiques-informatique"": 5}",sante;informatique,projet_personnel_tech,fonction_publique,bureau,parcours-isaia
cand-000377,matiere_synthetique_14;matiere_synthetique_14;matiere_synthetique_6,12.46,"{""competence-techniques-informatiques-gestion"": 3, ""competence-electronique-systemes"": 3, ""competence-multimedia-telecommunications"": 4, ""competence-statistiques-informatique"": 5}",ecologie;agriculture,projet_personnel_tech,salariat,terrain,parcours-isaia
cand-000843,matiere_synthetique_4;matiere_synthetique_1,17.95,"{""competence-techniques-informatiques-gestion"": 0, ""competence-electronique-systemes"": 3, ""competence-multimedia-telecommunications"": 5, ""competence-statistiques-informatique"": 5}",tourisme,,recherche,terrain,parcours-imticia
cand-000502,matiere_synthetique_19,16.46,"{""competence-techniques-informatiques-gestion"": 5, ""competence-electronique-systemes"": 5, ""competence-multimedia-telecommunications"": 2, ""competence-statistiques-informatique"": 0}",tourisme;design,projet_personnel_tech,entrepreneuriat,teletravail,parcours-igglia
cand-000061,matiere_synthetique_14;matiere_synthetique_15,14.94,"{""competence-techniques-informatiques-gestion"": 3, ""competence-electronique-systemes"": 0, ""competence-multimedia-telecommunications"": 3, ""competence-statistiques-informatique"": 5}",informatique;agriculture,projet_associatif,entrepreneuriat,teletravail,parcours-isaia
cand-000010,matiere_synthetique_17;matiere_synthetique_7;matiere_synthetique_17,18.38,"{""competence-techniques-informatiques-gestion"": 3, ""competence-electronique-systemes"": 4, ""competence-multimedia-telecommunications"": 5, ""competence-statistiques-informatique"": 2}",ecologie;tourisme,,enseignement,teletravail,parcours-imticia
cand-000258,matiere_synthetique_16;matiere_synthetique_9;matiere_synthetique_1,9.51,"{""competence-techniques-informatiques-gestion"": 1, ""competence-electronique-systemes"": 2, ""competence-multimedia-telecommunications"": 5, ""competence-statistiques-informatique"": 1}",ecologie;sante,,entrepreneuriat,hybride,parcours-imticia
cand-000213,matiere_synthetique_1,15.34,"{""competence-techniques-informatiques-gestion"": 5, ""competence-electronique-systemes"": 5, ""competence-multimedia-telecommunications"": 5, ""competence-statistiques-informatique"": 5}",tourisme;agriculture,projet_associatif,enseignement,bureau,parcours-igglia
cand-000683,matiere_synthetique_8;matiere_synthetique_17;matiere_synthetique_15,14.6,"{""competence-techniques-informatiques-gestion"": 1, ""competence-electronique-systemes"": 3, ""competence-multimedia-telecommunications"": 5, ""competence-statistiques-informatique"": 3}",tourisme,,recherche,hybride,parcours-imticia
cand-000047,matiere_synthetique_5;matiere_synthetique_11,9.2,"{""competence-techniques-informatiques-gestion"": 2, ""competence-electronique-systemes"": 0, ""competence-multimedia-telecommunications"": 4, ""competence-statistiques-informatique"": 3}",agriculture;management;robotique,projet_associatif,recherche,terrain,parcours-imticia
cand-000920,matiere_synthetique_6;matiere_synthetique_4,14.57,"{""competence-techniques-informatiques-gestion"": 0, ""competence-electronique-systemes"": 5, ""competence-multimedia-telecommunications"": 4, ""competence-statistiques-informatique"": 2}",informatique,,salariat,bureau,parcours-esiia
cand-000522,matiere_synthetique_5,14.88,"{""competence-techniques-informatiques-gestion"": 0, ""competence-electronique-systemes"": 5, ""competence-multimedia-telecommunications"": 4, ""competence-statistiques-informatique"": 5}",design,,entrepreneuriat,hybride,parcours-esiia
cand-000925,matiere_synthetique_3,13.26,"{""competence-techniques-informatiques-gestion"": 2, ""competence-electronique-systemes"": 5, ""competence-multimedia-telecommunications"": 2, ""competence-statistiques-informatique"": 2}",sante,projet_personnel_tech,fonction_publique,teletravail,parcours-esiia
cand-000461,matiere_synthetique_3;matiere_synthetique_7,13.63,"{""competence-techniques-informatiques-gestion"": 2, ""competence-electronique-systemes"": 2, ""competence-multimedia-telecommunications"": 3, ""competence-statistiques-informatique"": 1}",sante;robotique,,entrepreneuriat,hybride,parcours-imticia
cand-000147,matiere_synthetique_17;matiere_synthetique_4,14.45,"{""competence-techniques-informatiques-gestion"": 5, ""competence-electronique-systemes"": 5, ""competence-multimedia-telecommunications"": 1, ""competence-statistiques-informatique"": 1}",sante,,recherche,hybride,parcours-igglia
cand-000651,matiere_synthetique_5;matiere_synthetique_19;matiere_synthetique_7,11.9,"{""competence-techniques-informatiques-gestion"": 5, ""competence-electronique-systemes"": 5, ""competence-multimedia-telecommunications"": 1, ""competence-statistiques-informatique"": 1}",tourisme,projet_associatif,fonction_publique,terrain,parcours-igglia
cand-000293,matiere_synthetique_2;matiere_synthetique_7;matiere_synthetique_16,9.11,"{""competence-techniques-informatiques-gestion"": 1, ""competence-electronique-systemes"": 5, ""competence-multimedia-telecommunications"": 5, ""competence-statistiques-informatique"": 5}",sante;ecologie;finance,,recherche,hybride,parcours-esiia
cand-000060,matiere_synthetique_12,15.72,"{""competence-techniques-informatiques-gestion"": 2, ""competence-electronique-systemes"": 0, ""competence-multimedia-telecommunications"": 3, ""competence-statistiques-informatique"": 1}",agriculture;design;robotique,,enseignement,bureau,parcours-imticia
cand-000083,matiere_synthetique_18;matiere_synthetique_4,8.3,"{""competence-techniques-informatiques-gestion"": 1, ""competence-electronique-systemes"": 5, ""competence-multimedia-telecommunications"": 5, ""competence-statistiques-informatique"": 5}",design;finance;robotique,,recherche,bureau,parcours-esiia
cand-000387,matiere_synthetique_16;matiere_synthetique_20,15.79,"{""competence-techniques-informatiques-gestion"": 5, ""competence-electronique-systemes"": 1, ""competence-multimedia-telecommunications"": 5, ""competence-statistiques-informatique"": 2}",informatique;design,,salariat,hybride,parcours-igglia
cand-000988,matiere_synthetique_15;matiere_synthetique_1,14.59,"{""competence-techniques-informatiques-gestion"": 4, ""competence-electronique-systemes"": 4, ""competence-multimedia-telecommunications"": 2, ""competence-statistiques-informatique"": 1}",ecologie;management,projet_associatif,enseignement,terrain,parcours-igglia
cand-000572,matiere_synthetique_11,15.42,"{""competence-techniques-informatiques-gestion"": 5, ""competence-electronique-systemes"": 5, ""competence-multimedia-telecommunications"": 3, ""competence-statistiques-informatique"": 5}",tourisme;design,,enseignement,bureau,parcours-igglia
cand-000706,matiere_synthetique_8;matiere_synthetique_20,18.05,"{""competence-techniques-informatiques-gestion"": 2, ""competence-electronique-systemes"": 1, ""competence-multimedia-telecommunications"": 4, ""competence-statistiques-informatique"": 1}",finance;tourisme,,fonction_publique,teletravail,parcours-imticia
cand-000302,matiere_synthetique_7;matiere_synthetique_17,11.29,"{""competence-techniques-informatiques-gestion"": 5, ""competence-electronique-systemes"": 5, ""competence-multimedia-telecommunications"": 5, ""competence-statistiques-informatique"": 4}",design;agriculture,projet_personnel_tech,salariat,terrain,parcours-igglia
cand-000914,matiere_synthetique_6;matiere_synthetique_9,9.76,"{""competence-techniques-informatiques-gestion"": 0, ""competence-electronique-systemes"": 2, ""competence-multimedia-telecommunications"": 2, ""competence-statistiques-informatique"": 4}",agriculture;finance;robotique,,entrepreneuriat,hybride,parcours-isaia
cand-000735,matiere_synthetique_15;matiere_synthetique_17,15.59,"{""competence-techniques-informatiques-gestion"": 1, ""competence-electronique-systemes"": 4, ""competence-multimedia-telecommunications"": 2, ""competence-statistiques-informatique"": 5}",design,projet_associatif,recherche,bureau,parcours-isaia
cand-000136,matiere_synthetique_15;matiere_synthetique_9,10.76,"{""competence-techniques-informatiques-gestion"": 2, ""competence-electronique-systemes"": 4, ""competence-multimedia-telecommunications"": 2, ""competence-statistiques-informatique"": 4}",sante;informatique;design,,entrepreneuriat,bureau,parcours-esiia
cand-000130,matiere_synthetique_16;matiere_synthetique_13;matiere_synthetique_4,9.65,"{""competence-techniques-informatiques-gestion"": 5, ""competence-electronique-systemes"": 5, ""competence-multimedia-telecommunications"": 5, ""competence-statistiques-informatique"": 2}",informatique;finance,projet_personnel_tech,fonction_publique,bureau,parcours-igglia
cand-000664,matiere_synthetique_3;matiere_synthetique_18;matiere_synthetique_3,14.66,"{""competence-techniques-informatiques-gestion"": 5, ""competence-electronique-systemes"": 3, ""competence-multimedia-telecommunications"": 5, ""competence-statistiques-informatique"": 1}",informatique,,enseignement,hybride,parcours-igglia
cand-000671,matiere_synthetique_18;matiere_synthetique_5;matiere_synthetique_10,12.65,"{""competence-techniques-informatiques-gestion"": 5, ""competence-electronique-systemes"": 2, ""competence-multimedia-telecommunications"": 1, ""competence-statistiques-informatique"": 2}",tourisme,projet_personnel_tech,fonction_publique,teletravail,parcours-igglia
cand-000922,matiere_synthetique_2;matiere_synthetique_15,14.31,"{""competence-techniques-informatiques-gestion"": 1, ""competence-electronique-systemes"": 2, ""competence-multimedia-telecommunications"": 4, ""competence-statistiques-informatique"": 1}",informatique;finance;management,,entrepreneuriat,teletravail,parcours-imticia
cand-000906,matiere_synthetique_12,12.05,"{""competence-techniques-informatiques-gestion"": 3, ""competence-electronique-systemes"": 3, ""competence-multimedia-telecommunications"": 1, ""competence-statistiques-informatique"": 2}",tourisme;design,projet_personnel_tech,salariat,terrain,parcours-igglia
cand-000237,matiere_synthetique_6;matiere_synthetique_4,10.37,"{""competence-techniques-informatiques-gestion"": 3, ""competence-electronique-systemes"": 4, ""competence-multimedia-telecommunications"": 5, ""competence-statistiques-informatique"": 3}",sante;finance,projet_personnel_tech,enseignement,terrain,parcours-imticia
cand-000473,matiere_synthetique_6,15.54,"{""competence-techniques-informatiques-gestion"": 4, ""competence-electronique-systemes"": 5, ""competence-multimedia-telecommunications"": 1, ""competence-statistiques-informatique"": 5}",sante;design;agriculture,,entrepreneuriat,teletravail,parcours-esiia
cand-000668,matiere_synthetique_19;matiere_synthetique_1,9.22,"{""competence-techniques-informatiques-gestion"": 4, ""competence-electronique-systemes"": 5, ""competence-multimedia-telecommunications"": 4, ""competence-statistiques-informatique"": 4}",tourisme;management;robotique,projet_personnel_tech,recherche,bureau,parcours-esiia
cand-000894,matiere_synthetique_20,9.95,"{""competence-techniques-informatiques-gestion"": 5, ""competence-electronique-systemes"": 1, ""competence-multimedia-telecommunications"": 5, ""competence-statistiques-informatique"": 3}",robotique;design;informatique,,entrepreneuriat,hybride,parcours-igglia
cand-000946,matiere_synthetique_19;matiere_synthetique_18,10.44,"{""competence-techniques-informatiques-gestion"": 2, ""competence-electronique-systemes"": 5, ""competence-multimedia-telecommunications"": 5, ""competence-statistiques-informatique"": 2}",robotique;management;informatique,projet_personnel_tech;projet_associatif,recherche,bureau,parcours-esiia
cand-000687,matiere_synthetique_11;matiere_synthetique_11,15.34,"{""competence-techniques-informatiques-gestion"": 3, ""competence-electronique-systemes"": 3, ""competence-multimedia-telecommunications"": 2, ""competence-statistiques-informatique"": 2}",agriculture;sante,,entrepreneuriat,bureau,parcours-igglia
cand-000966,matiere_synthetique_14;matiere_synthetique_16,9.27,"{""competence-techniques-informatiques-gestion"": 1, ""competence-electronique-systemes"": 2, ""competence-multimedia-telecommunications"": 5, ""competence-statistiques-informatique"": 5}",robotique,projet_personnel_tech;projet_associatif,fonction_publique,bureau,parcours-imticia
cand-000193,matiere_synthetique_6;matiere_synthetique_7;matiere_synthetique_6,17.24,"{""competence-techniques-informatiques-gestion"": 4, ""competence-electronique-systemes"": 1, ""competence-multimedia-telecommunications"": 2, ""competence-statistiques-informatique"": 5}",ecologie;agriculture,projet_personnel_tech,salariat,bureau,parcours-isaia
cand-000446,matiere_synthetique_13;matiere_synthetique_11;matiere_synthetique_2,15.08,"{""competence-techniques-informatiques-gestion"": 1, ""competence-electronique-systemes"": 5, ""competence-multimedia-telecommunications"": 2, ""competence-statistiques-informatique"": 5}",management,,salariat,teletravail,parcours-esiia
cand-000806,matiere_synthetique_13;matiere_synthetique_9;matiere_synthetique_19,13.12,"{""competence-techniques-informatiques-gestion"": 2, ""competence-electronique-systemes"": 5, ""competence-multimedia-telecommunications"": 2, ""competence-statistiques-informatique"": 5}",robotique,,fonction_publique,teletravail,parcours-esiia
cand-000640,matiere_synthetique_2,7.23,"{""competence-techniques-informatiques-gestion"": 5, ""competence-electronique-systemes"": 2, ""competence-multimedia-telecommunications"": 5, ""competence-statistiques-informatique"": 5}",management,,salariat,bureau,parcours-igglia
cand-000556,matiere_synthetique_3;matiere_synthetique_17;matiere_synthetique_8,16.08,"{""competence-techniques-informatiques-gestion"": 0, ""competence-electronique-systemes"": 3, ""competence-multimedia-telecommunications"": 3, ""competence-statistiques-informatique"": 5}",tourisme;management;finance,,fonction_publique,hybride,parcours-isaia
cand-000405,matiere_synthetique_16,12.12,"{""competence-techniques-informatiques-gestion"": 1, ""competence-electronique-systemes"": 2, ""competence-multimedia-telecommunications"": 5, ""competence-statistiques-informatique"": 1}",tourisme;informatique;ecologie,,fonction_publique,hybride,parcours-imticia
cand-000994,matiere_synthetique_13,11.37,"{""competence-techniques-informatiques-gestion"": 5, ""competence-electronique-systemes"": 4, ""competence-multimedia-telecommunications"": 5, ""competence-statistiques-informatique"": 1}",design;ecologie,projet_associatif,recherche,terrain,parcours-igglia
cand-000143,matiere_synthetique_1;matiere_synthetique_5,10.82,"{""competence-techniques-informatiques-gestion"": 4, ""competence-electronique-systemes"": 0, ""competence-multimedia-telecommunications"": 2, ""competence-statistiques-informatique"": 4}",sante;agriculture,projet_personnel_tech,entrepreneuriat,teletravail,parcours-igglia
cand-000839,matiere_synthetique_11,17.18,"{""competence-techniques-informatiques-gestion"": 1, ""competence-electronique-systemes"": 0, ""competence-multimedia-telecommunications"": 5, ""competence-statistiques-informatique"": 1}",management;tourisme,,entrepreneuriat,hybride,parcours-imticia
cand-000172,matiere_synthetique_17;matiere_synthetique_9;matiere_synthetique_16,12.81,"{""competence-techniques-informatiques-gestion"": 5, ""competence-electronique-systemes"": 5, ""competence-multimedia-telecommunications"": 2, ""competence-statistiques-informatique"": 5}",sante;agriculture,,fonction_publique,terrain,parcours-igglia
cand-000595,matiere_synthetique_6,11.98,"{""competence-techniques-informatiques-gestion"": 1, ""competence-electronique-systemes"": 4, ""competence-multimedia-telecommunications"": 5, ""competence-statistiques-informatique"": 5}",finance,,recherche,teletravail,parcours-imticia
cand-000211,matiere_synthetique_8;matiere_synthetique_3,12.87,"{""competence-techniques-informatiques-gestion"": 5, ""competence-electronique-systemes"": 5, ""competence-multimedia-telecommunications"": 4, ""competence-statistiques-informatique"": 3}",tourisme,,fonction_publique,bureau,parcours-igglia
cand-000889,matiere_synthetique_17;matiere_synthetique_18;matiere_synthetique_4,6.44,"{""competence-techniques-informatiques-gestion"": 1, ""competence-electronique-systemes"": 2, ""competence-multimedia-telecommunications"": 5, ""competence-statistiques-informatique"": 3}",robotique,projet_personnel_tech,recherche,hybride,parcours-imticia
cand-000908,matiere_synthetique_3;matiere_synthetique_13,15.44,"{""competence-techniques-informatiques-gestion"": 3, ""competence-electronique-systemes"": 4, ""competence-multimedia-telecommunications"": 4, ""competence-statistiques-informatique"": 1}",robotique;tourisme,projet_personnel_tech,salariat,teletravail,parcours-esiia
cand-000569,matiere_synthetique_12;matiere_synthetique_10;matiere_synthetique_9,11.58,"{""competence-techniques-informatiques-gestion"": 5, ""competence-electronique-systemes"": 2, ""competence-multimedia-telecommunications"": 4, ""competence-statistiques-informatique"": 3}",ecologie,,recherche,hybride,parcours-igglia
cand-000120,matiere_synthetique_9,10.6,"{""competence-techniques-informatiques-gestion"": 4, ""competence-electronique-systemes"": 4, ""competence-multimedia-telecommunications"": 4, ""competence-statistiques-informatique"": 3}",management;tourisme,,salariat,bureau,parcours-igglia
cand-000870,matiere_synthetique_12,10.46,"{""competence-techniques-informatiques-gestion"": 3, ""competence-electronique-systemes"": 2, ""competence-multimedia-telecommunications"": 0, ""competence-statistiques-informatique"": 4}",agriculture;finance;robotique,projet_associatif,recherche,hybride,parcours-isaia
cand-000249,matiere_synthetique_11;matiere_synthetique_15,4.53,"{""competence-techniques-informatiques-gestion"": 3, ""competence-electronique-systemes"": 5, ""competence-multimedia-telecommunications"": 1, ""competence-statistiques-informatique"": 5}",agriculture;sante;robotique,projet_associatif,fonction_publique,terrain,parcours-esiia
cand-000103,matiere_synthetique_14;matiere_synthetique_19;matiere_synthetique_6,16.18,"{""competence-techniques-informatiques-gestion"": 1, ""competence-electronique-systemes"": 2, ""competence-multimedia-telecommunications"": 5, ""competence-statistiques-informatique"": 3}",finance;management;ecologie,,salariat,teletravail,parcours-imticia
cand-000562,matiere_synthetique_12;matiere_synthetique_7;matiere_synthetique_5,15.1,"{""competence-techniques-informatiques-gestion"": 3, ""competence-electronique-systemes"": 2, ""competence-multimedia-telecommunications"": 3, ""competence-statistiques-informatique"": 2}",management;agriculture,projet_associatif,recherche,bureau,parcours-igglia
cand-000051,matiere_synthetique_13;matiere_synthetique_8;matiere_synthetique_11,10.27,"{""competence-techniques-informatiques-gestion"": 4, ""competence-electronique-systemes"": 3, ""competence-multimedia-telecommunications"": 4, ""competence-statistiques-informatique"": 3}",robotique;design;agriculture,projet_personnel_tech,enseignement,terrain,parcours-igglia
cand-000418,matiere_synthetique_10;matiere_synthetique_13,15.74,"{""competence-techniques-informatiques-gestion"": 5, ""competence-electronique-systemes"": 5, ""competence-multimedia-telecommunications"": 2, ""competence-statistiques-informatique"": 0}",design;robotique,,salariat,teletravail,parcours-igglia
cand-000135,matiere_synthetique_15;matiere_synthetique_14;matiere_synthetique_2,9.59,"{""competence-techniques-informatiques-gestion"": 2, ""competence-electronique-systemes"": 3, ""competence-multimedia-telecommunications"": 5, ""competence-statistiques-informatique"": 4}",ecologie,,enseignement,teletravail,parcours-imticia
cand-000166,matiere_synthetique_10,10.49,"{""competence-techniques-informatiques-gestion"": 4, ""competence-electronique-systemes"": 5, ""competence-multimedia-telecommunications"": 0, ""competence-statistiques-informatique"": 2}",tourisme;robotique;design,projet_personnel_tech;projet_associatif,salariat,bureau,parcours-esiia
cand-000187,matiere_synthetique_6;matiere_synthetique_9,15.27,"{""competence-techniques-informatiques-gestion"": 5, ""competence-electronique-systemes"": 4, ""competence-multimedia-telecommunications"": 5, ""competence-statistiques-informatique"": 4}",informatique;sante,,salariat,hybride,parcours-igglia
cand-000479,matiere_synthetique_14;matiere_synthetique_20;matiere_synthetique_8,9.21,"{""competence-techniques-informatiques-gestion"": 4, ""competence-electronique-systemes"": 2, ""competence-multimedia-telecommunications"": 5, ""competence-statistiques-informatique"": 0}",robotique;ecologie,,recherche,teletravail,parcours-imticia
cand-000234,matiere_synthetique_9;matiere_synthetique_1,12.05,"{""competence-techniques-informatiques-gestion"": 3, ""competence-electronique-systemes"": 5, ""competence-multimedia-telecommunications"": 4, ""competence-statistiques-informatique"": 1}",management,,entrepreneuriat,terrain,parcours-esiia
cand-000200,matiere_synthetique_14;matiere_synthetique_1;matiere_synthetique_6,8.99,"{""competence-techniques-informatiques-gestion"": 3, ""competence-electronique-systemes"": 3, ""competence-multimedia-telecommunications"": 5, ""competence-statistiques-informatique"": 5}",finance;management;tourisme,projet_personnel_tech,salariat,terrain,parcours-imticia
cand-000913,matiere_synthetique_15,6.11,"{""competence-techniques-informatiques-gestion"": 4, ""competence-electronique-systemes"": 2, ""competence-multimedia-telecommunications"": 3, ""competence-statistiques-informatique"": 5}",informatique;robotique;tourisme,,salariat,bureau,parcours-isaia
cand-000354,matiere_synthetique_20;matiere_synthetique_2,8.88,"{""competence-techniques-informatiques-gestion"": 1, ""competence-electronique-systemes"": 2, ""competence-multimedia-telecommunications"": 0, ""competence-statistiques-informatique"": 3}",informatique;robotique;management,,entrepreneuriat,bureau,parcours-isaia
cand-000379,matiere_synthetique_11;matiere_synthetique_7,12.21,"{""competence-techniques-informatiques-gestion"": 5, ""competence-electronique-systemes"": 2, ""competence-multimedia-telecommunications"": 1, ""competence-statistiques-informatique"": 4}",robotique;informatique,,fonction_publique,bureau,parcours-igglia
cand-000317,matiere_synthetique_5;matiere_synthetique_19;matiere_synthetique_15,15.84,"{""competence-techniques-informatiques-gestion"": 3, ""competence-electronique-systemes"": 5, ""competence-multimedia-telecommunications"": 5, ""competence-statistiques-informatique"": 4}",design;informatique,,entrepreneuriat,hybride,parcours-esiia
cand-000514,matiere_synthetique_12,9.47,"{""competence-techniques-informatiques-gestion"": 2, ""competence-electronique-systemes"": 2, ""competence-multimedia-telecommunications"": 1, ""competence-statistiques-informatique"": 5}",finance;design;robotique,,fonction_publique,hybride,parcours-isaia
cand-000257,matiere_synthetique_19;matiere_synthetique_9;matiere_synthetique_19,9.43,"{""competence-techniques-informatiques-gestion"": 4, ""competence-electronique-systemes"": 3, ""competence-multimedia-telecommunications"": 5, ""competence-statistiques-informatique"": 2}",agriculture;design,,salariat,teletravail,parcours-imticia
cand-000048,matiere_synthetique_13,18.67,"{""competence-techniques-informatiques-gestion"": 2, ""competence-electronique-systemes"": 1, ""competence-multimedia-telecommunications"": 5, ""competence-statistiques-informatique"": 2}",finance;management;robotique,,salariat,hybride,parcours-imticia
cand-000429,matiere_synthetique_14,16.46,"{""competence-techniques-informatiques-gestion"": 1, ""competence-electronique-systemes"": 3, ""competence-multimedia-telecommunications"": 2, ""competence-statistiques-informatique"": 1}",informatique;sante;design,projet_personnel_tech;projet_associatif,fonction_publique,bureau,parcours-esiia
cand-000066,matiere_synthetique_11,9.99,"{""competence-techniques-informatiques-gestion"": 5, ""competence-electronique-systemes"": 4, ""competence-multimedia-telecommunications"": 4, ""competence-statistiques-informatique"": 5}",agriculture,projet_associatif,fonction_publique,terrain,parcours-igglia
cand-000893,matiere_synthetique_5;matiere_synthetique_20,15.39,"{""competence-techniques-informatiques-gestion"": 4, ""competence-electronique-systemes"": 5, ""competence-multimedia-telecommunications"": 4, ""competence-statistiques-informatique"": 5}",tourisme;agriculture,,enseignement,bureau,parcours-esiia
cand-000102,matiere_synthetique_12;matiere_synthetique_7;matiere_synthetique_10,9.72,"{""competence-techniques-informatiques-gestion"": 4, ""competence-electronique-systemes"": 3, ""competence-multimedia-telecommunications"": 5, ""competence-statistiques-informatique"": 1}",sante,projet_personnel_tech;projet_associatif,enseignement,hybride,parcours-imticia
cand-000862,matiere_synthetique_19,11.34,"{""competence-techniques-informatiques-gestion"": 2, ""competence-electronique-systemes"": 5, ""competence-multimedia-telecommunications"": 4, ""competence-statistiques-informatique"": 1}",sante;finance;tourisme,,fonction_publique,teletravail,parcours-esiia
cand-000465,matiere_synthetique_12;matiere_synthetique_6;matiere_synthetique_16,12.13,"{""competence-techniques-informatiques-gestion"": 5, ""competence-electronique-systemes"": 1, ""competence-multimedia-telecommunications"": 2, ""competence-statistiques-informatique"": 1}",agriculture;management;ecologie,,recherche,bureau,parcours-igglia
cand-000965,matiere_synthetique_4,15.62,"{""competence-techniques-informatiques-gestion"": 5, ""competence-electronique-systemes"": 3, ""competence-multimedia-telecommunications"": 5, ""competence-statistiques-informatique"": 2}",robotique;ecologie,projet_associatif,recherche,bureau,parcours-igglia
cand-000307,matiere_synthetique_12;matiere_synthetique_6,13.67,"{""competence-techniques-informatiques-gestion"": 5, ""competence-electronique-systemes"": 5, ""competence-multimedia-telecommunications"": 0, ""competence-statistiques-informatique"": 3}",design,projet_personnel_tech,entrepreneuriat,teletravail,parcours-igglia
cand-000553,matiere_synthetique_12;matiere_synthetique_8,14.98,"{""competence-techniques-informatiques-gestion"": 5, ""competence-electronique-systemes"": 5, ""competence-multimedia-telecommunications"": 5, ""competence-statistiques-informatique"": 1}",ecologie;management;sante,projet_personnel_tech,enseignement,terrain,parcours-igglia
cand-000106,matiere_synthetique_17;matiere_synthetique_11;matiere_synthetique_4,13.19,"{""competence-techniques-informatiques-gestion"": 2, ""competence-electronique-systemes"": 3, ""competence-multimedia-telecommunications"": 3, ""competence-statistiques-informatique"": 5}",robotique,,enseignement,bureau,parcours-isaia
cand-000184,matiere_synthetique_10;matiere_synthetique_13;matiere_synthetique_3,10.96,"{""competence-techniques-informatiques-gestion"": 2, ""competence-electronique-systemes"": 3, ""competence-multimedia-telecommunications"": 1, ""competence-statistiques-informatique"": 5}",design;sante;ecologie,,fonction_publique,hybride,parcours-isaia
cand-000911,matiere_synthetique_18,11.77,"{""competence-techniques-informatiques-gestion"": 2, ""competence-electronique-systemes"": 4, ""competence-multimedia-telecommunications"": 5, ""competence-statistiques-informatique"": 4}",finance,,enseignement,terrain,parcours-imticia
cand-000483,matiere_synthetique_15,11.54,"{""competence-techniques-informatiques-gestion"": 1, ""competence-electronique-systemes"": 5, ""competence-multimedia-telecommunications"": 3, ""competence-statistiques-informatique"": 1}",ecologie,,entrepreneuriat,bureau,parcours-esiia
cand-000464,matiere_synthetique_7;matiere_synthetique_12,13.9,"{""competence-techniques-informatiques-gestion"": 5, ""competence-electronique-systemes"": 3, ""competence-multimedia-telecommunications"": 2, ""competence-statistiques-informatique"": 3}",informatique;ecologie,,recherche,bureau,parcours-igglia
cand-000309,matiere_synthetique_1;matiere_synthetique_6;matiere_synthetique_5,12.01,"{""competence-techniques-informatiques-gestion"": 3, ""competence-electronique-systemes"": 5, ""competence-multimedia-telecommunications"": 5, ""competence-statistiques-informatique"": 4}",sante;management;design,,enseignement,teletravail,parcours-esiia
cand-000641,matiere_synthetique_17;matiere_synthetique_8;matiere_synthetique_17,8.69,"{""competence-techniques-informatiques-gestion"": 5, ""competence-electronique-systemes"": 5, ""competence-multimedia-telecommunications"": 3, ""competence-statistiques-informatique"": 2}",design;finance;agriculture,,enseignement,teletravail,parcours-igglia
cand-000579,matiere_synthetique_5,13.13,"{""competence-techniques-informatiques-gestion"": 5, ""competence-electronique-systemes"": 3, ""competence-multimedia-telecommunications"": 5, ""competence-statistiques-informatique"": 2}",agriculture,projet_associatif,salariat,hybride,parcours-igglia
cand-000540,matiere_synthetique_15,12.76,"{""competence-techniques-informatiques-gestion"": 4, ""competence-electronique-systemes"": 5, ""competence-multimedia-telecommunications"": 3, ""competence-statistiques-informatique"": 4}",tourisme;ecologie,,recherche,teletravail,parcours-esiia
cand-000739,matiere_synthetique_1,17.88,"{""competence-techniques-informatiques-gestion"": 5, ""competence-electronique-systemes"": 3, ""competence-multimedia-telecommunications"": 4, ""competence-statistiques-informatique"": 3}",management;agriculture;informatique,projet_personnel_tech,salariat,hybride,parcours-igglia
cand-000226,matiere_synthetique_11;matiere_synthetique_10,11.37,"{""competence-techniques-informatiques-gestion"": 3, ""competence-electronique-systemes"": 4, ""competence-multimedia-telecommunications"": 4, ""competence-statistiques-informatique"": 2}",finance;robotique;design,,recherche,bureau,parcours-esiia
cand-000320,matiere_synthetique_8;matiere_synthetique_19;matiere_synthetique_8,9.64,"{""competence-techniques-informatiques-gestion"": 1, ""competence-electronique-systemes"": 1, ""competence-multimedia-telecommunications"": 5, ""competence-statistiques-informatique"": 2}",ecologie;robotique;sante,projet_personnel_tech,enseignement,terrain,parcours-imticia
cand-000389,matiere_synthetique_7;matiere_synthetique_4,11.5,"{""competence-techniques-informatiques-gestion"": 0, ""competence-electronique-systemes"": 5, ""competence-multimedia-telecommunications"": 4, ""competence-statistiques-informatique"": 3}",informatique;management,,recherche,bureau,parcours-esiia
cand-000807,matiere_synthetique_1,8.82,"{""competence-techniques-informatiques-gestion"": 2, ""competence-electronique-systemes"": 0, ""competence-multimedia-telecommunications"": 1, ""competence-statistiques-informatique"": 5}",robotique,,fonction_publique,terrain,parcours-isaia
cand-000089,matiere_synthetique_11;matiere_synthetique_7;matiere_synthetique_9,8.36,"{""competence-techniques-informatiques-gestion"": 4, ""competence-electronique-systemes"": 5, ""competence-multimedia-telecommunications"": 5, ""competence-statistiques-informatique"": 0}",agriculture,projet_personnel_tech,entrepreneuriat,hybride,parcours-esiia
cand-000692,matiere_synthetique_20;matiere_synthetique_12,15.72,"{""competence-techniques-informatiques-gestion"": 4, ""competence-electronique-systemes"": 2, ""competence-multimedia-telecommunications"": 3, ""competence-statistiques-informatique"": 3}",management;tourisme,,entrepreneuriat,hybride,parcours-igglia
cand-000853,matiere_synthetique_13;matiere_synthetique_11;matiere_synthetique_12,15.58,"{""competence-techniques-informatiques-gestion"": 5, ""competence-electronique-systemes"": 5, ""competence-multimedia-telecommunications"": 4, ""competence-statistiques-informatique"": 5}",finance;robotique,,recherche,terrain,parcours-igglia
cand-000954,matiere_synthetique_2;matiere_synthetique_12;matiere_synthetique_14,12.56,"{""competence-techniques-informatiques-gestion"": 1, ""competence-electronique-systemes"": 1, ""competence-multimedia-telecommunications"": 4, ""competence-statistiques-informatique"": 0}",robotique;management,projet_personnel_tech,salariat,terrain,parcours-imticia
cand-000865,matiere_synthetique_14;matiere_synthetique_5;matiere_synthetique_9,17.21,"{""competence-techniques-informatiques-gestion"": 5, ""competence-electronique-systemes"": 5, ""competence-multimedia-telecommunications"": 2, ""competence-statistiques-informatique"": 1}",tourisme;robotique,projet_associatif,salariat,terrain,parcours-igglia
cand-000333,matiere_synthetique_4;matiere_synthetique_15,15.55,"{""competence-techniques-informatiques-gestion"": 5, ""competence-electronique-systemes"": 2, ""competence-multimedia-telecommunications"": 4, ""competence-statistiques-informatique"": 3}",management;robotique,projet_personnel_tech,fonction_publique,terrain,parcours-igglia
cand-000256,matiere_synthetique_13;matiere_synthetique_20;matiere_synthetique_15,15.62,"{""competence-techniques-informatiques-gestion"": 1, ""competence-electronique-systemes"": 2, ""competence-multimedia-telecommunications"": 5, ""competence-statistiques-informatique"": 4}",design,,recherche,teletravail,parcours-imticia
cand-000885,matiere_synthetique_3,16.96,"{""competence-techniques-informatiques-gestion"": 5, ""competence-electronique-systemes"": 3, ""competence-multimedia-telecommunications"": 5, ""competence-statistiques-informatique"": 5}",robotique;management;sante,,entrepreneuriat,teletravail,parcours-igglia
cand-000373,matiere_synthetique_5;matiere_synthetique_16;matiere_synthetique_9,10.13,"{""competence-techniques-informatiques-gestion"": 2, ""competence-electronique-systemes"": 4, ""competence-multimedia-telecommunications"": 4, ""competence-statistiques-informatique"": 3}",finance;ecologie,projet_associatif,entrepreneuriat,terrain,parcours-esiia
cand-000079,matiere_synthetique_2,11.68,"{""competence-techniques-informatiques-gestion"": 0, ""competence-electronique-systemes"": 0, ""competence-multimedia-telecommunications"": 4, ""competence-statistiques-informatique"": 1}",design;management,,salariat,teletravail,parcours-imticia
cand-000109,matiere_synthetique_8,13.28,"{""competence-techniques-informatiques-gestion"": 4, ""competence-electronique-systemes"": 4, ""competence-multimedia-telecommunications"": 1, ""competence-statistiques-informatique"": 3}",ecologie;tourisme,,fonction_publique,bureau,parcours-igglia
cand-000005,matiere_synthetique_2;matiere_synthetique_10;matiere_synthetique_11,12.63,"{""competence-techniques-informatiques-gestion"": 5, ""competence-electronique-systemes"": 3, ""competence-multimedia-telecommunications"": 2, ""competence-statistiques-informatique"": 5}",finance;management;agriculture,projet_personnel_tech,entrepreneuriat,terrain,parcours-igglia
cand-000424,matiere_synthetique_15,8.69,"{""competence-techniques-informatiques-gestion"": 5, ""competence-electronique-systemes"": 5, ""competence-multimedia-telecommunications"": 1, ""competence-statistiques-informatique"": 1}",finance;informatique,,salariat,terrain,parcours-igglia
cand-000771,matiere_synthetique_2;matiere_synthetique_20;matiere_synthetique_15,8.84,"{""competence-techniques-informatiques-gestion"": 5, ""competence-electronique-systemes"": 1, ""competence-multimedia-telecommunications"": 5, ""competence-statistiques-informatique"": 1}",tourisme,,enseignement,bureau,parcours-igglia
cand-000022,matiere_synthetique_17;matiere_synthetique_1;matiere_synthetique_6,11.37,"{""competence-techniques-informatiques-gestion"": 1, ""competence-electronique-systemes"": 5, ""competence-multimedia-telecommunications"": 3, ""competence-statistiques-informatique"": 2}",sante;ecologie;informatique,,entrepreneuriat,hybride,parcours-esiia
cand-000754,matiere_synthetique_2;matiere_synthetique_16;matiere_synthetique_12,17.37,"{""competence-techniques-informatiques-gestion"": 5, ""competence-electronique-systemes"": 5, ""competence-multimedia-telecommunications"": 1, ""competence-statistiques-informatique"": 1}",management,,entrepreneuriat,teletravail,parcours-igglia
cand-000171,matiere_synthetique_2;matiere_synthetique_6;matiere_synthetique_7,12.61,"{""competence-techniques-informatiques-gestion"": 4, ""competence-electronique-systemes"": 5, ""competence-multimedia-telecommunications"": 1, ""competence-statistiques-informatique"": 3}",finance;management;informatique,,fonction_publique,bureau,parcours-esiia
cand-000779,matiere_synthetique_13;matiere_synthetique_9;matiere_synthetique_17,12.94,"{""competence-techniques-informatiques-gestion"": 4, ""competence-electronique-systemes"": 2, ""competence-multimedia-telecommunications"": 2, ""competence-statistiques-informatique"": 4}",robotique;finance;design,,recherche,bureau,parcours-igglia
cand-000574,matiere_synthetique_7;matiere_synthetique_2;matiere_synthetique_3,9.74,"{""competence-techniques-informatiques-gestion"": 3, ""competence-electronique-systemes"": 1, ""competence-multimedia-telecommunications"": 3, ""competence-statistiques-informatique"": 4}",agriculture,projet_personnel_tech,recherche,teletravail,parcours-isaia
cand-000958,matiere_synthetique_3,8.91,"{""competence-techniques-informatiques-gestion"": 2, ""competence-electronique-systemes"": 5, ""competence-multimedia-telecommunications"": 4, ""competence-statistiques-informatique"": 1}",agriculture;finance;informatique,,entrepreneuriat,hybride,parcours-esiia
cand-000874,matiere_synthetique_16;matiere_synthetique_5,12.79,"{""competence-techniques-informatiques-gestion"": 3, ""competence-electronique-systemes"": 0, ""competence-multimedia-telecommunications"": 5, ""competence-statistiques-informatique"": 1}",informatique,projet_associatif,fonction_publique,teletravail,parcours-imticia
cand-000713,matiere_synthetique_8,8.87,"{""competence-techniques-informatiques-gestion"": 5, ""competence-electronique-systemes"": 0, ""competence-multimedia-telecommunications"": 4, ""competence-statistiques-informatique"": 4}",finance,,enseignement,bureau,parcours-igglia
cand-000242,matiere_synthetique_19;matiere_synthetique_18,11.75,"{""competence-techniques-informatiques-gestion"": 1, ""competence-electronique-systemes"": 4, ""competence-multimedia-telecommunications"": 4, ""competence-statistiques-informatique"": 2}",agriculture;informatique;sante,projet_personnel_tech,recherche,bureau,parcours-esiia
cand-000250,matiere_synthetique_3;matiere_synthetique_2,9.78,"{""competence-techniques-informatiques-gestion"": 0, ""competence-electronique-systemes"": 1, ""competence-multimedia-telecommunications"": 5, ""competence-statistiques-informatique"": 3}",tourisme;finance;management,projet_associatif,salariat,teletravail,parcours-imticia
cand-000993,matiere_synthetique_6;matiere_synthetique_3,12.66,"{""competence-techniques-informatiques-gestion"": 5, ""competence-electronique-systemes"": 4, ""competence-multimedia-telecommunications"": 1, ""competence-statistiques-informatique"": 1}",finance;management;robotique,projet_personnel_tech,fonction_publique,terrain,parcours-igglia
cand-000952,matiere_synthetique_9;matiere_synthetique_20;matiere_synthetique_1,8.9,"{""competence-techniques-informatiques-gestion"": 1, ""competence-electronique-systemes"": 2, ""competence-multimedia-telecommunications"": 5, ""competence-statistiques-informatique"": 2}",informatique;agriculture,projet_personnel_tech,enseignement,teletravail,parcours-imticia
cand-000291,matiere_synthetique_13;matiere_synthetique_7;matiere_synthetique_12,7.48,"{""competence-techniques-informatiques-gestion"": 4, ""competence-electronique-systemes"": 0, ""competence-multimedia-telecommunications"": 2, ""competence-statistiques-informatique"": 5}",ecologie,projet_personnel_tech,salariat,terrain,parcours-isaia
cand-000489,matiere_synthetique_8;matiere_synthetique_18,15.73,"{""competence-techniques-informatiques-gestion"": 1, ""competence-electronique-systemes"": 5, ""competence-multimedia-telecommunications"": 2, ""competence-statistiques-informatique"": 3}",finance;sante;tourisme,,recherche,terrain,parcours-esiia
cand-000753,matiere_synthetique_16;matiere_synthetique_3,16.82,"{""competence-techniques-informatiques-gestion"": 0, ""competence-electronique-systemes"": 4, ""competence-multimedia-telecommunications"": 5, ""competence-statistiques-informatique"": 5}",management;ecologie,projet_personnel_tech;projet_associatif,recherche,terrain,parcours-imticia
cand-000417,matiere_synthetique_20,16.18,"{""competence-techniques-informatiques-gestion"": 5, ""competence-electronique-systemes"": 4, ""competence-multimedia-telecommunications"": 1, ""competence-statistiques-informatique"": 4}",tourisme;sante;ecologie,projet_associatif,entrepreneuriat,hybride,parcours-igglia
cand-000298,matiere_synthetique_17;matiere_synthetique_11;matiere_synthetique_16,10.54,"{""competence-techniques-informatiques-gestion"": 5, ""competence-electronique-systemes"": 5, ""competence-multimedia-telecommunications"": 5, ""competence-statistiques-informatique"": 5}",agriculture;robotique;management,projet_personnel_tech,salariat,bureau,parcours-igglia
cand-000199,matiere_synthetique_14,12.39,"{""competence-techniques-informatiques-gestion"": 5, ""competence-electronique-systemes"": 2, ""competence-multimedia-telecommunications"": 4, ""competence-statistiques-informatique"": 5}",agriculture;management,projet_personnel_tech,recherche,bureau,parcours-igglia
cand-000247,matiere_synthetique_9;matiere_synthetique_9,14.71,"{""competence-techniques-informatiques-gestion"": 5, ""competence-electronique-systemes"": 3, ""competence-multimedia-telecommunications"": 1, ""competence-statistiques-informatique"": 5}",tourisme;informatique;finance,,fonction_publique,terrain,parcours-igglia
cand-000157,matiere_synthetique_11;matiere_synthetique_16;matiere_synthetique_2,14.6,"{""competence-techniques-informatiques-gestion"": 1, ""competence-electronique-systemes"": 2, ""competence-multimedia-telecommunications"": 5, ""competence-statistiques-informatique"": 3}",tourisme,projet_associatif,entrepreneuriat,bureau,parcours-imticia
cand-000128,matiere_synthetique_12;matiere_synthetique_3;matiere_synthetique_20,14.64,"{""competence-techniques-informatiques-gestion"": 5, ""competence-electronique-systemes"": 5, ""competence-multimedia-telecommunications"": 2, ""competence-statistiques-informatique"": 5}",robotique,projet_personnel_tech;projet_associatif,salariat,hybride,parcours-igglia
cand-000203,matiere_synthetique_15;matiere_synthetique_13;matiere_synthetique_10,15.74,"{""competence-techniques-informatiques-gestion"": 5, ""competence-electronique-systemes"": 5, ""competence-multimedia-telecommunications"": 4, ""competence-statistiques-informatique"": 5}",management;sante;ecologie,projet_personnel_tech,enseignement,teletravail,parcours-igglia
cand-000746,matiere_synthetique_19;matiere_synthetique_18,12.61,"{""competence-techniques-informatiques-gestion"": 5, ""competence-electronique-systemes"": 4, ""competence-multimedia-telecommunications"": 2, ""competence-statistiques-informatique"": 1}",ecologie;tourisme,projet_personnel_tech;projet_associatif,salariat,bureau,parcours-igglia
cand-000000,matiere_synthetique_11,10.06,"{""competence-techniques-informatiques-gestion"": 2, ""competence-electronique-systemes"": 5, ""competence-multimedia-telecommunications"": 4, ""competence-statistiques-informatique"": 5}",finance;robotique;management,projet_personnel_tech;projet_associatif,recherche,bureau,parcours-esiia
cand-000699,matiere_synthetique_3,7.52,"{""competence-techniques-informatiques-gestion"": 0, ""competence-electronique-systemes"": 2, ""competence-multimedia-telecommunications"": 1, ""competence-statistiques-informatique"": 2}",informatique,,fonction_publique,terrain,parcours-esiia
cand-000100,matiere_synthetique_1,17.17,"{""competence-techniques-informatiques-gestion"": 5, ""competence-electronique-systemes"": 2, ""competence-multimedia-telecommunications"": 5, ""competence-statistiques-informatique"": 3}",finance,projet_associatif,enseignement,terrain,parcours-igglia
cand-000593,matiere_synthetique_9;matiere_synthetique_8;matiere_synthetique_4,16.9,"{""competence-techniques-informatiques-gestion"": 5, ""competence-electronique-systemes"": 5, ""competence-multimedia-telecommunications"": 1, ""competence-statistiques-informatique"": 0}",management,,entrepreneuriat,hybride,parcours-igglia
cand-000822,matiere_synthetique_4,12.76,"{""competence-techniques-informatiques-gestion"": 2, ""competence-electronique-systemes"": 5, ""competence-multimedia-telecommunications"": 5, ""competence-statistiques-informatique"": 5}",design;management;finance,projet_personnel_tech,salariat,hybride,parcours-esiia
cand-000877,matiere_synthetique_14;matiere_synthetique_6,6.16,"{""competence-techniques-informatiques-gestion"": 2, ""competence-electronique-systemes"": 5, ""competence-multimedia-telecommunications"": 5, ""competence-statistiques-informatique"": 5}",finance;robotique;sante,,recherche,teletravail,parcours-esiia
cand-000950,matiere_synthetique_13,16.37,"{""competence-techniques-informatiques-gestion"": 5, ""competence-electronique-systemes"": 1, ""competence-multimedia-telecommunications"": 1, ""competence-statistiques-informatique"": 5}",ecologie,projet_personnel_tech,enseignement,hybride,parcours-igglia
cand-000409,matiere_synthetique_19;matiere_synthetique_12,13.77,"{""competence-techniques-informatiques-gestion"": 3, ""competence-electronique-systemes"": 5, ""competence-multimedia-telecommunications"": 2, ""competence-statistiques-informatique"": 2}",tourisme,projet_personnel_tech;projet_associatif,salariat,hybride,parcours-esiia
cand-000896,matiere_synthetique_8;matiere_synthetique_5;matiere_synthetique_7,15.97,"{""competence-techniques-informatiques-gestion"": 2, ""competence-electronique-systemes"": 2, ""competence-multimedia-telecommunications"": 0, ""competence-statistiques-informatique"": 5}",sante;ecologie;robotique,projet_personnel_tech,recherche,bureau,parcours-isaia
cand-000587,matiere_synthetique_16;matiere_synthetique_3,11.4,"{""competence-techniques-informatiques-gestion"": 3, ""competence-electronique-systemes"": 1, ""competence-multimedia-telecommunications"": 5, ""competence-statistiques-informatique"": 4}",sante;management,,fonction_publique,teletravail,parcours-imticia
cand-000341,matiere_synthetique_12,9.05,"{""competence-techniques-informatiques-gestion"": 2, ""competence-electronique-systemes"": 5, ""competence-multimedia-telecommunications"": 2, ""competence-statistiques-informatique"": 4}",management;tourisme,projet_personnel_tech,fonction_publique,hybride,parcours-esiia
cand-000289,matiere_synthetique_16,15.16,"{""competence-techniques-informatiques-gestion"": 4, ""competence-electronique-systemes"": 5, ""competence-multimedia-telecommunications"": 5, ""competence-statistiques-informatique"": 3}",design;agriculture;management,projet_personnel_tech,recherche,bureau,parcours-esiia
cand-000529,matiere_synthetique_13;matiere_synthetique_19;matiere_synthetique_15,16.89,"{""competence-techniques-informatiques-gestion"": 4, ""competence-electronique-systemes"": 0, ""competence-multimedia-telecommunications"": 1, ""competence-statistiques-informatique"": 1}",design;agriculture;management,projet_associatif,fonction_publique,teletravail,parcours-igglia
cand-000185,matiere_synthetique_9,8.6,"{""competence-techniques-informatiques-gestion"": 1, ""competence-electronique-systemes"": 5, ""competence-multimedia-telecommunications"": 5, ""competence-statistiques-informatique"": 5}",design;management;agriculture,projet_personnel_tech,entrepreneuriat,teletravail,parcours-esiia
cand-000321,matiere_synthetique_11,15.89,"{""competence-techniques-informatiques-gestion"": 2, ""competence-electronique-systemes"": 5, ""competence-multimedia-telecommunications"": 3, ""competence-statistiques-informatique"": 5}",ecologie;sante;informatique,projet_associatif,salariat,teletravail,parcours-esiia
cand-000723,matiere_synthetique_14;matiere_synthetique_15,8.36,"{""competence-techniques-informatiques-gestion"": 2, ""competence-electronique-systemes"": 1, ""competence-multimedia-telecommunications"": 2, ""competence-statistiques-informatique"": 4}",robotique;management;sante,projet_associatif,salariat,bureau,parcours-isaia
cand-000383,matiere_synthetique_15,13.38,"{""competence-techniques-informatiques-gestion"": 0, ""competence-electronique-systemes"": 4, ""competence-multimedia-telecommunications"": 5, ""competence-statistiques-informatique"": 3}",finance;agriculture,projet_personnel_tech;projet_associatif,enseignement,bureau,parcours-imticia
cand-000406,matiere_synthetique_12,5.92,"{""competence-techniques-informatiques-gestion"": 2, ""competence-electronique-systemes"": 5, ""competence-multimedia-telecommunications"": 5, ""competence-statistiques-informatique"": 4}",robotique;finance,projet_associatif,recherche,bureau,parcours-esiia
cand-000760,matiere_synthetique_4;matiere_synthetique_13;matiere_synthetique_11,12.17,"{""competence-techniques-informatiques-gestion"": 5, ""competence-electronique-systemes"": 5, ""competence-multimedia-telecommunications"": 2, ""competence-statistiques-informatique"": 5}",informatique,,fonction_publique,bureau,parcours-igglia
cand-000631,matiere_synthetique_13,11.62,"{""competence-techniques-informatiques-gestion"": 2, ""competence-electronique-systemes"": 4, ""competence-multimedia-telecommunications"": 4, ""competence-statistiques-informatique"": 1}",agriculture;finance;informatique,projet_personnel_tech;projet_associatif,enseignement,terrain,parcours-esiia
cand-000578,matiere_synthetique_5;matiere_synthetique_8,13.77,"{""competence-techniques-informatiques-gestion"": 0, ""competence-electronique-systemes"": 1, ""competence-multimedia-telecommunications"": 2, ""competence-statistiques-informatique"": 4}",design;tourisme,,recherche,terrain,parcours-isaia
cand-000086,matiere_synthetique_6;matiere_synthetique_17,6.18,"{""competence-techniques-informatiques-gestion"": 5, ""competence-electronique-systemes"": 3, ""competence-multimedia-telecommunications"": 0, ""competence-statistiques-informatique"": 1}",robotique;finance;informatique,projet_personnel_tech,enseignement,bureau,parcours-igglia
cand-000900,matiere_synthetique_19,15.83,"{""competence-techniques-informatiques-gestion"": 1, ""competence-electronique-systemes"": 1, ""competence-multimedia-telecommunications"": 2, ""competence-statistiques-informatique"": 2}",tourisme,,fonction_publique,hybride,parcours-imticia
cand-000040,matiere_synthetique_13,7.8,"{""competence-techniques-informatiques-gestion"": 5, ""competence-electronique-systemes"": 5, ""competence-multimedia-telecommunications"": 1, ""competence-statistiques-informatique"": 5}",ecologie;tourisme,,enseignement,terrain,parcours-igglia
cand-000304,matiere_synthetique_2;matiere_synthetique_16;matiere_synthetique_2,7.81,"{""competence-techniques-informatiques-gestion"": 5, ""competence-electronique-systemes"": 5, ""competence-multimedia-telecommunications"": 1, ""competence-statistiques-informatique"": 4}",informatique;ecologie;sante,projet_personnel_tech,salariat,hybride,parcours-igglia
cand-000244,matiere_synthetique_11;matiere_synthetique_8,7.7,"{""competence-techniques-informatiques-gestion"": 5, ""competence-electronique-systemes"": 5, ""competence-multimedia-telecommunications"": 1, ""competence-statistiques-informatique"": 5}",finance;robotique,,fonction_publique,teletravail,parcours-igglia
cand-000407,matiere_synthetique_14;matiere_synthetique_2,12.44,"{""competence-techniques-informatiques-gestion"": 2, ""competence-electronique-systemes"": 4, ""competence-multimedia-telecommunications"": 4, ""competence-statistiques-informatique"": 4}",informatique;design,,enseignement,hybride,parcours-esiia
cand-000488,matiere_synthetique_1;matiere_synthetique_2;matiere_synthetique_10,12.2,"{""competence-techniques-informatiques-gestion"": 0, ""competence-electronique-systemes"": 4, ""competence-multimedia-telecommunications"": 5, ""competence-statistiques-informatique"": 3}",informatique;sante,projet_personnel_tech,recherche,teletravail,parcours-imticia
cand-000941,matiere_synthetique_18;matiere_synthetique_13;matiere_synthetique_7,16.39,"{""competence-techniques-informatiques-gestion"": 0, ""competence-electronique-systemes"": 1, ""competence-multimedia-telecommunications"": 2, ""competence-statistiques-informatique"": 5}",tourisme;design;agriculture,,salariat,terrain,parcours-isaia
cand-000642,matiere_synthetique_9;matiere_synthetique_6,8.48,"{""competence-techniques-informatiques-gestion"": 1, ""competence-electronique-systemes"": 2, ""competence-multimedia-telecommunications"": 3, ""competence-statistiques-informatique"": 3}",ecologie;tourisme,projet_personnel_tech,recherche,teletravail,parcours-imticia
cand-000500,matiere_synthetique_10;matiere_synthetique_13;matiere_synthetique_6,10.47,"{""competence-techniques-informatiques-gestion"": 5, ""competence-electronique-systemes"": 3, ""competence-multimedia-telecommunications"": 3, ""competence-statistiques-informatique"": 1}",management;ecologie;tourisme,projet_personnel_tech;projet_associatif,enseignement,bureau,parcours-igglia
cand-000506,matiere_synthetique_16,15.11,"{""competence-techniques-informatiques-gestion"": 3, ""competence-electronique-systemes"": 5, ""competence-multimedia-telecommunications"": 5, ""competence-statistiques-informatique"": 3}",design;informatique,,salariat,teletravail,parcours-esiia
cand-000852,matiere_synthetique_5;matiere_synthetique_12;matiere_synthetique_12,13.12,"{""competence-techniques-informatiques-gestion"": 5, ""competence-electronique-systemes"": 5, ""competence-multimedia-telecommunications"": 5, ""competence-statistiques-informatique"": 5}",management,,fonction_publique,hybride,parcours-igglia
cand-000351,matiere_synthetique_7;matiere_synthetique_12,11.09,"{""competence-techniques-informatiques-gestion"": 2, ""competence-electronique-systemes"": 5, ""competence-multimedia-telecommunications"": 0, ""competence-statistiques-informatique"": 1}",finance;ecologie;sante,,entrepreneuriat,terrain,parcours-esiia
cand-000623,matiere_synthetique_20;matiere_synthetique_9;matiere_synthetique_11,11.14,"{""competence-techniques-informatiques-gestion"": 2, ""competence-electronique-systemes"": 4, ""competence-multimedia-telecommunications"": 4, ""competence-statistiques-informatique"": 1}",finance;tourisme,,enseignement,bureau,parcours-esiia
cand-000367,matiere_synthetique_5;matiere_synthetique_14;matiere_synthetique_18,11.15,"{""competence-techniques-informatiques-gestion"": 4, ""competence-electronique-systemes"": 3, ""competence-multimedia-telecommunications"": 4, ""competence-statistiques-informatique"": 1}",informatique,projet_associatif,entrepreneuriat,teletravail,parcours-igglia
cand-000366,matiere_synthetique_15,17.23,"{""competence-techniques-informatiques-gestion"": 0, ""competence-electronique-systemes"": 4, ""competence-multimedia-telecommunications"": 1, ""competence-statistiques-informatique"": 3}",informatique;robotique,,fonction_publique,hybride,parcours-esiia
cand-000324,matiere_synthetique_17;matiere_synthetique_20,11.86,"{""competence-techniques-informatiques-gestion"": 4, ""competence-electronique-systemes"": 4, ""competence-multimedia-telecommunications"": 5, ""competence-statistiques-informatique"": 3}",informatique;design,projet_associatif,recherche,teletravail,parcours-imticia
cand-000342,matiere_synthetique_6,11.3,"{""competence-techniques-informatiques-gestion"": 5, ""competence-electronique-systemes"": 3, ""competence-multimedia-telecommunications"": 5, ""competence-statistiques-informatique"": 2}",robotique,,enseignement,terrain,parcours-igglia
cand-000660,matiere_synthetique_4;matiere_synthetique_12;matiere_synthetique_6,7.86,"{""competence-techniques-informatiques-gestion"": 0, ""competence-electronique-systemes"": 1, ""competence-multimedia-telecommunications"": 4, ""competence-statistiques-informatique"": 4}",management;informatique;ecologie,projet_personnel_tech,salariat,terrain,parcours-imticia
cand-000266,matiere_synthetique_10,10.17,"{""competence-techniques-informatiques-gestion"": 3, ""competence-electronique-systemes"": 1, ""competence-multimedia-telecommunications"": 3, ""competence-statistiques-informatique"": 2}",tourisme;informatique,,entrepreneuriat,terrain,parcours-igglia
cand-000840,matiere_synthetique_8,9.25,"{""competence-techniques-informatiques-gestion"": 4, ""competence-electronique-systemes"": 4, ""competence-multimedia-telecommunications"": 3, ""competence-statistiques-informatique"": 0}",management,,enseignement,terrain,parcours-igglia
cand-000255,matiere_synthetique_11,10.8,"{""competence-techniques-informatiques-gestion"": 2, ""competence-electronique-systemes"": 2, ""competence-multimedia-telecommunications"": 0, ""competence-statistiques-informatique"": 5}",ecologie,,salariat,hybride,parcours-isaia
cand-000575,matiere_synthetique_17;matiere_synthetique_16,16.98,"{""competence-techniques-informatiques-gestion"": 3, ""competence-electronique-systemes"": 5, ""competence-multimedia-telecommunications"": 3, ""competence-statistiques-informatique"": 5}",finance,,enseignement,teletravail,parcours-esiia
cand-000732,matiere_synthetique_15;matiere_synthetique_8;matiere_synthetique_12,15.02,"{""competence-techniques-informatiques-gestion"": 1, ""competence-electronique-systemes"": 4, ""competence-multimedia-telecommunications"": 3, ""competence-statistiques-informatique"": 2}",design;tourisme,,recherche,terrain,parcours-esiia
cand-000093,matiere_synthetique_17,12.83,"{""competence-techniques-informatiques-gestion"": 2, ""competence-electronique-systemes"": 2, ""competence-multimedia-telecommunications"": 5, ""competence-statistiques-informatique"": 5}",ecologie,projet_personnel_tech,fonction_publique,hybride,parcours-imticia
cand-000663,matiere_synthetique_7;matiere_synthetique_20,13.09,"{""competence-techniques-informatiques-gestion"": 2, ""competence-electronique-systemes"": 4, ""competence-multimedia-telecommunications"": 5, ""competence-statistiques-informatique"": 2}",informatique,,entrepreneuriat,teletravail,parcours-imticia
cand-000675,matiere_synthetique_11;matiere_synthetique_20,11.49,"{""competence-techniques-informatiques-gestion"": 1, ""competence-electronique-systemes"": 1, ""competence-multimedia-telecommunications"": 2, ""competence-statistiques-informatique"": 1}",finance;tourisme,projet_associatif,salariat,bureau,parcours-imticia
cand-000141,matiere_synthetique_20,16.93,"{""competence-techniques-informatiques-gestion"": 4, ""competence-electronique-systemes"": 4, ""competence-multimedia-telecommunications"": 4, ""competence-statistiques-informatique"": 5}",tourisme,,entrepreneuriat,bureau,parcours-isaia
cand-000017,matiere_synthetique_18;matiere_synthetique_18;matiere_synthetique_13,17.42,"{""competence-techniques-informatiques-gestion"": 5, ""competence-electronique-systemes"": 1, ""competence-multimedia-telecommunications"": 4, ""competence-statistiques-informatique"": 3}",management,,fonction_publique,teletravail,parcours-igglia
cand-000146,matiere_synthetique_9;matiere_synthetique_8;matiere_synthetique_11,10.05,"{""competence-techniques-informatiques-gestion"": 5, ""competence-electronique-systemes"": 3, ""competence-multimedia-telecommunications"": 1, ""competence-statistiques-informatique"": 5}",management,,fonction_publique,teletravail,parcours-igglia
cand-000970,matiere_synthetique_11;matiere_synthetique_6,9.04,"{""competence-techniques-informatiques-gestion"": 2, ""competence-electronique-systemes"": 2, ""competence-multimedia-telecommunications"": 1, ""competence-statistiques-informatique"": 0}",informatique;finance;robotique,,enseignement,hybride,parcours-igglia
cand-000520,matiere_synthetique_7,16.51,"{""competence-techniques-informatiques-gestion"": 2, ""competence-electronique-systemes"": 2, ""competence-multimedia-telecommunications"": 3, ""competence-statistiques-informatique"": 5}",finance,projet_personnel_tech,fonction_publique,terrain,parcours-isaia
cand-000503,matiere_synthetique_5,8.68,"{""competence-techniques-informatiques-gestion"": 5, ""competence-electronique-systemes"": 2, ""competence-multimedia-telecommunications"": 1, ""competence-statistiques-informatique"": 2}",finance,,salariat,bureau,parcours-igglia
cand-000032,matiere_synthetique_8;matiere_synthetique_7,12.77,"{""competence-techniques-informatiques-gestion"": 3, ""competence-electronique-systemes"": 5, ""competence-multimedia-telecommunications"": 5, ""competence-statistiques-informatique"": 3}",design;sante,projet_personnel_tech,salariat,terrain,parcours-esiia
cand-000218,matiere_synthetique_2;matiere_synthetique_10,4.87,"{""competence-techniques-informatiques-gestion"": 3, ""competence-electronique-systemes"": 1, ""competence-multimedia-telecommunications"": 4, ""competence-statistiques-informatique"": 1}",finance,projet_personnel_tech,recherche,terrain,parcours-imticia
cand-000601,matiere_synthetique_6,9.69,"{""competence-techniques-informatiques-gestion"": 1, ""competence-electronique-systemes"": 5, ""competence-multimedia-telecommunications"": 5, ""competence-statistiques-informatique"": 5}",sante,projet_personnel_tech,recherche,teletravail,parcours-esiia
cand-000909,matiere_synthetique_12;matiere_synthetique_8;matiere_synthetique_2,18.75,"{""competence-techniques-informatiques-gestion"": 5, ""competence-electronique-systemes"": 4, ""competence-multimedia-telecommunications"": 3, ""competence-statistiques-informatique"": 1}",informatique,projet_personnel_tech,enseignement,terrain,parcours-igglia
cand-000576,matiere_synthetique_19,16.18,"{""competence-techniques-informatiques-gestion"": 5, ""competence-electronique-systemes"": 5, ""competence-multimedia-telecommunications"": 1, ""competence-statistiques-informatique"": 4}",sante;informatique,projet_personnel_tech,entrepreneuriat,terrain,parcours-igglia
cand-000439,matiere_synthetique_6,11.13,"{""competence-techniques-informatiques-gestion"": 0, ""competence-electronique-systemes"": 5, ""competence-multimedia-telecommunications"": 5, ""competence-statistiques-informatique"": 4}",robotique;sante,,entrepreneuriat,terrain,parcours-esiia
cand-000959,matiere_synthetique_12;matiere_synthetique_4;matiere_synthetique_12,17.17,"{""competence-techniques-informatiques-gestion"": 3, ""competence-electronique-systemes"": 1, ""competence-multimedia-telecommunications"": 5, ""competence-statistiques-informatique"": 3}",sante,projet_personnel_tech,enseignement,teletravail,parcours-imticia
cand-000653,matiere_synthetique_19;matiere_synthetique_7,9.74,"{""competence-techniques-informatiques-gestion"": 3, ""competence-electronique-systemes"": 1, ""competence-multimedia-telecommunications"": 2, ""competence-statistiques-informatique"": 2}",ecologie,,enseignement,bureau,parcours-igglia
cand-000303,matiere_synthetique_7;matiere_synthetique_2,11.05,"{""competence-techniques-informatiques-gestion"": 2, ""competence-electronique-systemes"": 5, ""competence-multimedia-telecommunications"": 5, ""competence-statistiques-informatique"": 5}",design;robotique,,recherche,hybride,parcours-esiia
cand-000087,matiere_synthetique_8,11.16,"{""competence-techniques-informatiques-gestion"": 3, ""competence-electronique-systemes"": 5, ""competence-multimedia-telecommunications"": 3, ""competence-statistiques-informatique"": 5}",sante;finance,,salariat,hybride,parcours-esiia
cand-000056,matiere_synthetique_4,17.24,"{""competence-techniques-informatiques-gestion"": 5, ""competence-electronique-systemes"": 2, ""competence-multimedia-telecommunications"": 3, ""competence-statistiques-informatique"": 4}",management;design,projet_associatif,entrepreneuriat,hybride,parcours-igglia
cand-000013,matiere_synthetique_6;matiere_synthetique_4,12.25,"{""competence-techniques-informatiques-gestion"": 1, ""competence-electronique-systemes"": 3, ""competence-multimedia-telecommunications"": 3, ""competence-statistiques-informatique"": 4}",design;informatique,projet_personnel_tech,recherche,bureau,parcours-isaia
cand-000104,matiere_synthetique_20,8.89,"{""competence-techniques-informatiques-gestion"": 3, ""competence-electronique-systemes"": 2, ""competence-multimedia-telecommunications"": 4, ""competence-statistiques-informatique"": 2}",agriculture;ecologie,,enseignement,teletravail,parcours-imticia
cand-000284,matiere_synthetique_4;matiere_synthetique_4,13.72,"{""competence-techniques-informatiques-gestion"": 5, ""competence-electronique-systemes"": 3, ""competence-multimedia-telecommunications"": 1, ""competence-statistiques-informatique"": 3}",management,projet_personnel_tech,recherche,bureau,parcours-igglia
cand-000221,matiere_synthetique_3;matiere_synthetique_7;matiere_synthetique_5,14.62,"{""competence-techniques-informatiques-gestion"": 2, ""competence-electronique-systemes"": 5, ""competence-multimedia-telecommunications"": 5, ""competence-statistiques-informatique"": 1}",finance;sante;ecologie,projet_associatif,entrepreneuriat,teletravail,parcours-esiia
cand-000557,matiere_synthetique_16;matiere_synthetique_10;matiere_synthetique_5,9.58,"{""competence-techniques-informatiques-gestion"": 3, ""competence-electronique-systemes"": 4, ""competence-multimedia-telecommunications"": 5, ""competence-statistiques-informatique"": 1}",ecologie,projet_personnel_tech,fonction_publique,teletravail,parcours-imticia
cand-000656,matiere_synthetique_12;matiere_synthetique_14,15.52,"{""competence-techniques-informatiques-gestion"": 2, ""competence-electronique-systemes"": 4, ""competence-multimedia-telecommunications"": 1, ""competence-statistiques-informatique"": 1}",ecologie;tourisme,projet_personnel_tech,salariat,teletravail,parcours-esiia
cand-000262,matiere_synthetique_2;matiere_synthetique_3;matiere_synthetique_6,12.16,"{""competence-techniques-informatiques-gestion"": 3, ""competence-electronique-systemes"": 1, ""competence-multimedia-telecommunications"": 3, ""competence-statistiques-informatique"": 5}",agriculture,,entrepreneuriat,terrain,parcours-isaia
cand-000817,matiere_synthetique_14;matiere_synthetique_19;matiere_synthetique_1,15.66,"{""competence-techniques-informatiques-gestion"": 4, ""competence-electronique-systemes"": 2, ""competence-multimedia-telecommunications"": 0, ""competence-statistiques-informatique"": 5}",management;sante;ecologie,,enseignement,terrain,parcours-isaia
cand-000869,matiere_synthetique_15;matiere_synthetique_8,14.13,"{""competence-techniques-informatiques-gestion"": 0, ""competence-electronique-systemes"": 4, ""competence-multimedia-telecommunications"": 3, ""competence-statistiques-informatique"": 1}",management;informatique,,entrepreneuriat,terrain,parcours-esiia
cand-000123,matiere_synthetique_4;matiere_synthetique_10;matiere_synthetique_20,18.29,"{""competence-techniques-informatiques-gestion"": 5, ""competence-electronique-systemes"": 3, ""competence-multimedia-telecommunications"": 3, ""competence-statistiques-informatique"": 5}",design;ecologie,,salariat,teletravail,parcours-igglia
cand-000370,matiere_synthetique_1;matiere_synthetique_7,17.63,"{""competence-techniques-informatiques-gestion"": 3, ""competence-electronique-systemes"": 1, ""competence-multimedia-telecommunications"": 4, ""competence-statistiques-informatique"": 3}",tourisme;finance,projet_associatif,entrepreneuriat,teletravail,parcours-imticia
cand-000564,matiere_synthetique_1;matiere_synthetique_14,11.68,"{""competence-techniques-informatiques-gestion"": 0, ""competence-electronique-systemes"": 1, ""competence-multimedia-telecommunications"": 5, ""competence-statistiques-informatique"": 3}",robotique,projet_personnel_tech;projet_associatif,recherche,hybride,parcours-imticia
cand-000039,matiere_synthetique_10;matiere_synthetique_2,7.35,"{""competence-techniques-informatiques-gestion"": 0, ""competence-electronique-systemes"": 4, ""competence-multimedia-telecommunications"": 4, ""competence-statistiques-informatique"": 5}",finance;robotique;tourisme,projet_personnel_tech,salariat,bureau,parcours-isaia
cand-000858,matiere_synthetique_12;matiere_synthetique_4,15.74,"{""competence-techniques-informatiques-gestion"": 1, ""competence-electronique-systemes"": 3, ""competence-multimedia-telecommunications"": 1, ""competence-statistiques-informatique"": 4}",robotique;finance;management,,fonction_publique,hybride,parcours-isaia
cand-000343,matiere_synthetique_1;matiere_synthetique_13;matiere_synthetique_5,9.34,"{""competence-techniques-informatiques-gestion"": 4, ""competence-electronique-systemes"": 5, ""competence-multimedia-telecommunications"": 1, ""competence-statistiques-informatique"": 0}",robotique,projet_personnel_tech,recherche,bureau,parcours-esiia
cand-000722,matiere_synthetique_5,14.23,"{""competence-techniques-informatiques-gestion"": 5, ""competence-electronique-systemes"": 1, ""competence-multimedia-telecommunications"": 5, ""competence-statistiques-informatique"": 1}",tourisme,projet_associatif,salariat,terrain,parcours-igglia
cand-000764,matiere_synthetique_18;matiere_synthetique_17;matiere_synthetique_6,13.34,"{""competence-techniques-informatiques-gestion"": 2, ""competence-electronique-systemes"": 4, ""competence-multimedia-telecommunications"": 4, ""competence-statistiques-informatique"": 3}",robotique;design;tourisme,,fonction_publique,bureau,parcours-esiia
cand-000948,matiere_synthetique_18;matiere_synthetique_2,15.61,"{""competence-techniques-informatiques-gestion"": 3, ""competence-electronique-systemes"": 5, ""competence-multimedia-telecommunications"": 5, ""competence-statistiques-informatique"": 3}",informatique,,fonction_publique,hybride,parcours-esiia
cand-000526,matiere_synthetique_8,9.63,"{""competence-techniques-informatiques-gestion"": 2, ""competence-electronique-systemes"": 2, ""competence-multimedia-telecommunications"": 5, ""competence-statistiques-informatique"": 4}",finance;sante;management,,entrepreneuriat,hybride,parcours-imticia
cand-000098,matiere_synthetique_13;matiere_synthetique_17,13.48,"{""competence-techniques-informatiques-gestion"": 5, ""competence-electronique-systemes"": 4, ""competence-multimedia-telecommunications"": 2, ""competence-statistiques-informatique"": 0}",design,projet_personnel_tech,fonction_publique,hybride,parcours-igglia
cand-000361,matiere_synthetique_3;matiere_synthetique_16,8.23,"{""competence-techniques-informatiques-gestion"": 5, ""competence-electronique-systemes"": 5, ""competence-multimedia-telecommunications"": 4, ""competence-statistiques-informatique"": 5}",informatique,,recherche,teletravail,parcours-igglia
cand-000844,matiere_synthetique_1;matiere_synthetique_18,15.44,"{""competence-techniques-informatiques-gestion"": 3, ""competence-electronique-systemes"": 5, ""competence-multimedia-telecommunications"": 5, ""competence-statistiques-informatique"": 4}",design,projet_personnel_tech,entrepreneuriat,bureau,parcours-esiia
cand-000816,matiere_synthetique_1,13.97,"{""competence-techniques-informatiques-gestion"": 3, ""competence-electronique-systemes"": 4, ""competence-multimedia-telecommunications"": 2, ""competence-statistiques-informatique"": 5}",design;informatique;agriculture,projet_personnel_tech;projet_associatif,fonction_publique,hybride,parcours-isaia
cand-000294,matiere_synthetique_12;matiere_synthetique_20,15.22,"{""competence-techniques-informatiques-gestion"": 1, ""competence-electronique-systemes"": 5, ""competence-multimedia-telecommunications"": 5, ""competence-statistiques-informatique"": 5}",finance;sante;management,,entrepreneuriat,bureau,parcours-esiia
cand-000686,matiere_synthetique_17,10.7,"{""competence-techniques-informatiques-gestion"": 2, ""competence-electronique-systemes"": 3, ""competence-multimedia-telecommunications"": 5, ""competence-statistiques-informatique"": 4}",design,projet_personnel_tech,fonction_publique,teletravail,parcours-imticia
cand-000134,matiere_synthetique_16;matiere_synthetique_1,17.76,"{""competence-techniques-informatiques-gestion"": 4, ""competence-electronique-systemes"": 5, ""competence-multimedia-telecommunications"": 5, ""competence-statistiques-informatique"": 3}",finance;sante,,entrepreneuriat,hybride,parcours-esiia
cand-000799,matiere_synthetique_3;matiere_synthetique_11,14.82,"{""competence-techniques-informatiques-gestion"": 1, ""competence-electronique-systemes"": 5, ""competence-multimedia-telecommunications"": 0, ""competence-statistiques-informatique"": 5}",robotique;informatique,,entrepreneuriat,bureau,parcours-esiia
cand-000532,matiere_synthetique_6,15.6,"{""competence-techniques-informatiques-gestion"": 5, ""competence-electronique-systemes"": 5, ""competence-multimedia-telecommunications"": 4, ""competence-statistiques-informatique"": 5}",robotique;sante,,recherche,teletravail,parcours-igglia
cand-000939,matiere_synthetique_2,16.02,"{""competence-techniques-informatiques-gestion"": 2, ""competence-electronique-systemes"": 0, ""competence-multimedia-telecommunications"": 2, ""competence-statistiques-informatique"": 5}",management;design,projet_personnel_tech;projet_associatif,salariat,hybride,parcours-isaia
cand-000319,matiere_synthetique_18;matiere_synthetique_14,10.33,"{""competence-techniques-informatiques-gestion"": 3, ""competence-electronique-systemes"": 2, ""competence-multimedia-telecommunications"": 3, ""competence-statistiques-informatique"": 4}",tourisme;informatique,,salariat,bureau,parcours-isaia
cand-000798,matiere_synthetique_3;matiere_synthetique_17,11.87,"{""competence-techniques-informatiques-gestion"": 3, ""competence-electronique-systemes"": 5, ""competence-multimedia-telecommunications"": 3, ""competence-statistiques-informatique"": 4}",management,projet_personnel_tech,entrepreneuriat,hybride,parcours-esiia
cand-000393,matiere_synthetique_17,16.15,"{""competence-techniques-informatiques-gestion"": 5, ""competence-electronique-systemes"": 4, ""competence-multimedia-telecommunications"": 3, ""competence-statistiques-informatique"": 5}",finance;management,,recherche,teletravail,parcours-igglia
cand-000202,matiere_synthetique_4,10.03,"{""competence-techniques-informatiques-gestion"": 2, ""competence-electronique-systemes"": 3, ""competence-multimedia-telecommunications"": 5, ""competence-statistiques-informatique"": 4}",sante;ecologie;robotique,,salariat,hybride,parcours-imticia
cand-000622,matiere_synthetique_16,11.9,"{""competence-techniques-informatiques-gestion"": 3, ""competence-electronique-systemes"": 5, ""competence-multimedia-telecommunications"": 1, ""competence-statistiques-informatique"": 5}",management;robotique;ecologie,,entrepreneuriat,terrain,parcours-esiia
cand-000394,matiere_synthetique_16,15.83,"{""competence-techniques-informatiques-gestion"": 5, ""competence-electronique-systemes"": 4, ""competence-multimedia-telecommunications"": 1, ""competence-statistiques-informatique"": 5}",management;finance;robotique,projet_personnel_tech,entrepreneuriat,bureau,parcours-igglia
cand-000355,matiere_synthetique_1;matiere_synthetique_6,17.12,"{""competence-techniques-informatiques-gestion"": 2, ""competence-electronique-systemes"": 5, ""competence-multimedia-telecommunications"": 2, ""competence-statistiques-informatique"": 5}",design,,salariat,bureau,parcours-esiia
cand-000504,matiere_synthetique_6;matiere_synthetique_16,15.57,"{""competence-techniques-informatiques-gestion"": 3, ""competence-electronique-systemes"": 2, ""competence-multimedia-telecommunications"": 5, ""competence-statistiques-informatique"": 3}",sante;tourisme;robotique,,salariat,bureau,parcours-imticia
cand-000904,matiere_synthetique_20,16.1,"{""competence-techniques-informatiques-gestion"": 4, ""competence-electronique-systemes"": 4, ""competence-multimedia-telecommunications"": 5, ""competence-statistiques-informatique"": 5}",informatique,,recherche,terrain,parcours-imticia
cand-000530,matiere_synthetique_3,10.95,"{""competence-techniques-informatiques-gestion"": 3, ""competence-electronique-systemes"": 5, ""competence-multimedia-telecommunications"": 5, ""competence-statistiques-informatique"": 5}",tourisme;finance,,fonction_publique,hybride,parcours-esiia
cand-000286,matiere_synthetique_11,10.6,"{""competence-techniques-informatiques-gestion"": 3, ""competence-electronique-systemes"": 5, ""competence-multimedia-telecommunications"": 4, ""competence-statistiques-informatique"": 5}",management;finance,,entrepreneuriat,bureau,parcours-esiia
cand-000476,matiere_synthetique_20,17.15,"{""competence-techniques-informatiques-gestion"": 5, ""competence-electronique-systemes"": 5, ""competence-multimedia-telecommunications"": 3, ""competence-statistiques-informatique"": 0}",design;agriculture;ecologie,projet_personnel_tech;projet_associatif,recherche,terrain,parcours-igglia
cand-000420,matiere_synthetique_16;matiere_synthetique_11,12.78,"{""competence-techniques-informatiques-gestion"": 1, ""competence-electronique-systemes"": 1, ""competence-multimedia-telecommunications"": 4, ""competence-statistiques-informatique"": 1}",agriculture;robotique;management,,enseignement,teletravail,parcours-imticia
cand-000533,matiere_synthetique_11;matiere_synthetique_5;matiere_synthetique_14,12.81,"{""competence-techniques-informatiques-gestion"": 3, ""competence-electronique-systemes"": 4, ""competence-multimedia-telecommunications"": 2, ""competence-statistiques-informatique"": 3}",robotique;tourisme;informatique,projet_personnel_tech,salariat,teletravail,parcours-esiia
cand-000269,matiere_synthetique_2,9.61,"{""competence-techniques-informatiques-gestion"": 1, ""competence-electronique-systemes"": 2, ""competence-multimedia-telecommunications"": 4, ""competence-statistiques-informatique"": 3}",robotique,projet_personnel_tech,recherche,teletravail,parcours-imticia
cand-000073,matiere_synthetique_17,13.4,"{""competence-techniques-informatiques-gestion"": 2, ""competence-electronique-systemes"": 5, ""competence-multimedia-telecommunications"": 5, ""competence-statistiques-informatique"": 3}",tourisme;design,,salariat,bureau,parcours-esiia
cand-000392,matiere_synthetique_15;matiere_synthetique_13,14.33,"{""competence-techniques-informatiques-gestion"": 4, ""competence-electronique-systemes"": 3, ""competence-multimedia-telecommunications"": 4, ""competence-statistiques-informatique"": 5}",sante;design;informatique,,recherche,hybride,parcours-isaia
cand-000279,matiere_synthetique_10;matiere_synthetique_20;matiere_synthetique_20,13.43,"{""competence-techniques-informatiques-gestion"": 0, ""competence-electronique-systemes"": 3, ""competence-multimedia-telecommunications"": 3, ""competence-statistiques-informatique"": 4}",sante;design,,entrepreneuriat,bureau,parcours-isaia
cand-000548,matiere_synthetique_8;matiere_synthetique_15,8.92,"{""competence-techniques-informatiques-gestion"": 5, ""competence-electronique-systemes"": 4, ""competence-multimedia-telecommunications"": 5, ""competence-statistiques-informatique"": 4}",finance;sante;management,projet_personnel_tech,salariat,teletravail,parcours-igglia
cand-000815,matiere_synthetique_15;matiere_synthetique_8;matiere_synthetique_17,9.45,"{""competence-techniques-informatiques-gestion"": 5, ""competence-electronique-systemes"": 0, ""competence-multimedia-telecommunications"": 1, ""competence-statistiques-informatique"": 0}",agriculture,,entrepreneuriat,hybride,parcours-igglia
cand-000636,matiere_synthetique_20;matiere_synthetique_2,15.81,"{""competence-techniques-informatiques-gestion"": 1, ""competence-electronique-systemes"": 5, ""competence-multimedia-telecommunications"": 5, ""competence-statistiques-informatique"": 3}",agriculture,,enseignement,bureau,parcours-esiia
cand-000539,matiere_synthetique_7;matiere_synthetique_11;matiere_synthetique_9,10.52,"{""competence-techniques-informatiques-gestion"": 2, ""competence-electronique-systemes"": 3, ""competence-multimedia-telecommunications"": 1, ""competence-statistiques-informatique"": 5}",agriculture,,enseignement,teletravail,parcours-isaia
cand-000280,matiere_synthetique_3;matiere_synthetique_1,13.1,"{""competence-techniques-informatiques-gestion"": 1, ""competence-electronique-systemes"": 5, ""competence-multimedia-telecommunications"": 2, ""competence-statistiques-informatique"": 5}",informatique,,recherche,hybride,parcours-esiia
cand-000174,matiere_synthetique_6;matiere_synthetique_3,10.58,"{""competence-techniques-informatiques-gestion"": 2, ""competence-electronique-systemes"": 3, ""competence-multimedia-telecommunications"": 5, ""competence-statistiques-informatique"": 3}",design;ecologie;informatique,,fonction_publique,teletravail,parcours-imticia
cand-000848,matiere_synthetique_6;matiere_synthetique_17,14.4,"{""competence-techniques-informatiques-gestion"": 1, ""competence-electronique-systemes"": 5, ""competence-multimedia-telecommunications"": 3, ""competence-statistiques-informatique"": 3}",robotique,,enseignement,bureau,parcours-esiia
cand-000705,matiere_synthetique_11;matiere_synthetique_13;matiere_synthetique_8,14.49,"{""competence-techniques-informatiques-gestion"": 4, ""competence-electronique-systemes"": 1, ""competence-multimedia-telecommunications"": 5, ""competence-statistiques-informatique"": 4}",agriculture,,fonction_publique,teletravail,parcours-imticia
cand-000659,matiere_synthetique_4,7.96,"{""competence-techniques-informatiques-gestion"": 2, ""competence-electronique-systemes"": 2, ""competence-multimedia-telecommunications"": 5, ""competence-statistiques-informatique"": 1}",informatique;finance,,fonction_publique,bureau,parcours-imticia
cand-000474,matiere_synthetique_11;matiere_synthetique_2,11.41,"{""competence-techniques-informatiques-gestion"": 3, ""competence-electronique-systemes"": 3, ""competence-multimedia-telecommunications"": 5, ""competence-statistiques-informatique"": 4}",finance;informatique,projet_personnel_tech,salariat,hybride,parcours-imticia
cand-000501,matiere_synthetique_9;matiere_synthetique_1;matiere_synthetique_4,18.52,"{""competence-techniques-informatiques-gestion"": 4, ""competence-electronique-systemes"": 4, ""competence-multimedia-telecommunications"": 5, ""competence-statistiques-informatique"": 2}",management;ecologie,projet_personnel_tech;projet_associatif,fonction_publique,bureau,parcours-imticia
cand-000769,matiere_synthetique_11,8.37,"{""competence-techniques-informatiques-gestion"": 4, ""competence-electronique-systemes"": 0, ""competence-multimedia-telecommunications"": 3, ""competence-statistiques-informatique"": 4}",sante,projet_associatif,recherche,bureau,parcours-igglia
cand-000277,matiere_synthetique_12;matiere_synthetique_12,12.0,"{""competence-techniques-informatiques-gestion"": 5, ""competence-electronique-systemes"": 5, ""competence-multimedia-telecommunications"": 1, ""competence-statistiques-informatique"": 3}",management;sante,,enseignement,terrain,parcours-igglia
cand-000934,matiere_synthetique_2;matiere_synthetique_17;matiere_synthetique_3,17.88,"{""competence-techniques-informatiques-gestion"": 0, ""competence-electronique-systemes"": 3, ""competence-multimedia-telecommunications"": 5, ""competence-statistiques-informatique"": 5}",tourisme;design;management,projet_personnel_tech,fonction_publique,bureau,parcours-imticia
cand-000936,matiere_synthetique_12,14.41,"{""competence-techniques-informatiques-gestion"": 5, ""competence-electronique-systemes"": 1, ""competence-multimedia-telecommunications"": 4, ""competence-statistiques-informatique"": 3}",sante;informatique;agriculture,projet_associatif,fonction_publique,hybride,parcours-igglia
cand-000081,matiere_synthetique_16;matiere_synthetique_4,11.69,"{""competence-techniques-informatiques-gestion"": 2, ""competence-electronique-systemes"": 5, ""competence-multimedia-telecommunications"": 2, ""competence-statistiques-informatique"": 1}",management;ecologie;design,,enseignement,bureau,parcours-esiia
cand-000015,matiere_synthetique_10;matiere_synthetique_12,8.03,"{""competence-techniques-informatiques-gestion"": 5, ""competence-electronique-systemes"": 5, ""competence-multimedia-telecommunications"": 3, ""competence-statistiques-informatique"": 1}",design;agriculture,projet_associatif,recherche,terrain,parcours-igglia
cand-000845,matiere_synthetique_5;matiere_synthetique_19,11.7,"{""competence-techniques-informatiques-gestion"": 5, ""competence-electronique-systemes"": 5, ""competence-multimedia-telecommunications"": 4, ""competence-statistiques-informatique"": 1}",agriculture,,enseignement,bureau,parcours-igglia
cand-000537,matiere_synthetique_7;matiere_synthetique_20,9.55,"{""competence-techniques-informatiques-gestion"": 2, ""competence-electronique-systemes"": 5, ""competence-multimedia-telecommunications"": 3, ""competence-statistiques-informatique"": 2}",ecologie;robotique;management,,entrepreneuriat,terrain,parcours-esiia
cand-000031,matiere_synthetique_11;matiere_synthetique_11,11.77,"{""competence-techniques-informatiques-gestion"": 2, ""competence-electronique-systemes"": 5, ""competence-multimedia-telecommunications"": 5, ""competence-statistiques-informatique"": 5}",robotique;design;agriculture,projet_personnel_tech,salariat,bureau,parcours-esiia
cand-000875,matiere_synthetique_20;matiere_synthetique_14,19.77,"{""competence-techniques-informatiques-gestion"": 3, ""competence-electronique-systemes"": 5, ""competence-multimedia-telecommunications"": 2, ""competence-statistiques-informatique"": 5}",management;design,,recherche,hybride,parcours-esiia
cand-000278,matiere_synthetique_6;matiere_synthetique_16,14.56,"{""competence-techniques-informatiques-gestion"": 4, ""competence-electronique-systemes"": 4, ""competence-multimedia-telecommunications"": 1, ""competence-statistiques-informatique"": 3}",robotique;design;informatique,projet_associatif,recherche,bureau,parcours-igglia
cand-000802,matiere_synthetique_6;matiere_synthetique_17;matiere_synthetique_5,18.06,"{""competence-techniques-informatiques-gestion"": 5, ""competence-electronique-systemes"": 2, ""competence-multimedia-telecommunications"": 2, ""competence-statistiques-informatique"": 0}",design;informatique,,fonction_publique,terrain,parcours-igglia
cand-000067,matiere_synthetique_11,9.37,"{""competence-techniques-informatiques-gestion"": 1, ""competence-electronique-systemes"": 5, ""competence-multimedia-telecommunications"": 2, ""competence-statistiques-informatique"": 3}",ecologie,projet_personnel_tech,entrepreneuriat,hybride,parcours-esiia
cand-000854,matiere_synthetique_3,12.71,"{""competence-techniques-informatiques-gestion"": 3, ""competence-electronique-systemes"": 5, ""competence-multimedia-telecommunications"": 5, ""competence-statistiques-informatique"": 3}",tourisme;agriculture,,salariat,hybride,parcours-esiia
cand-000306,matiere_synthetique_11,13.56,"{""competence-techniques-informatiques-gestion"": 5, ""competence-electronique-systemes"": 3, ""competence-multimedia-telecommunications"": 4, ""competence-statistiques-informatique"": 5}",ecologie,,entrepreneuriat,hybride,parcours-igglia
cand-000421,matiere_synthetique_12,10.91,"{""competence-techniques-informatiques-gestion"": 3, ""competence-electronique-systemes"": 1, ""competence-multimedia-telecommunications"": 1, ""competence-statistiques-informatique"": 0}",ecologie;design;informatique,projet_associatif,fonction_publique,hybride,parcours-igglia
cand-000254,matiere_synthetique_17;matiere_synthetique_12,16.05,"{""competence-techniques-informatiques-gestion"": 2, ""competence-electronique-systemes"": 1, ""competence-multimedia-telecommunications"": 1, ""competence-statistiques-informatique"": 3}",agriculture;tourisme,projet_associatif,fonction_publique,teletravail,parcours-isaia
cand-000902,matiere_synthetique_13;matiere_synthetique_11,13.64,"{""competence-techniques-informatiques-gestion"": 5, ""competence-electronique-systemes"": 4, ""competence-multimedia-telecommunications"": 2, ""competence-statistiques-informatique"": 2}",management;tourisme;finance,,salariat,bureau,parcours-igglia
cand-000119,matiere_synthetique_10;matiere_synthetique_12;matiere_synthetique_16,14.14,"{""competence-techniques-informatiques-gestion"": 0, ""competence-electronique-systemes"": 5, ""competence-multimedia-telecommunications"": 5, ""competence-statistiques-informatique"": 2}",sante;robotique;management,,recherche,teletravail,parcours-esiia
cand-000697,matiere_synthetique_17;matiere_synthetique_18;matiere_synthetique_13,13.36,"{""competence-techniques-informatiques-gestion"": 5, ""competence-electronique-systemes"": 4, ""competence-multimedia-telecommunications"": 1, ""competence-statistiques-informatique"": 5}",finance;management;design,,recherche,bureau,parcours-igglia
cand-000596,matiere_synthetique_20,8.74,"{""competence-techniques-informatiques-gestion"": 2, ""competence-electronique-systemes"": 0, ""competence-multimedia-telecommunications"": 5, ""competence-statistiques-informatique"": 5}",ecologie;agriculture;informatique,,salariat,terrain,parcours-imticia
cand-000240,matiere_synthetique_2;matiere_synthetique_10;matiere_synthetique_7,10.68,"{""competence-techniques-informatiques-gestion"": 5, ""competence-electronique-systemes"": 1, ""competence-multimedia-telecommunications"": 1, ""competence-statistiques-informatique"": 2}",informatique;robotique,,entrepreneuriat,terrain,parcours-igglia
cand-000490,matiere_synthetique_14;matiere_synthetique_11,11.7,"{""competence-techniques-informatiques-gestion"": 5, ""competence-electronique-systemes"": 1, ""competence-multimedia-telecommunications"": 5, ""competence-statistiques-informatique"": 1}",ecologie,projet_personnel_tech,fonction_publique,bureau,parcours-igglia
cand-000023,matiere_synthetique_20;matiere_synthetique_10,14.76,"{""competence-techniques-informatiques-gestion"": 4, ""competence-electronique-systemes"": 2, ""competence-multimedia-telecommunications"": 5, ""competence-statistiques-informatique"": 4}",agriculture;management;informatique,projet_associatif,enseignement,teletravail,parcours-imticia
cand-000797,matiere_synthetique_20;matiere_synthetique_17;matiere_synthetique_20,11.07,"{""competence-techniques-informatiques-gestion"": 1, ""competence-electronique-systemes"": 4, ""competence-multimedia-telecommunications"": 2, ""competence-statistiques-informatique"": 5}",management;finance,,recherche,terrain,parcours-isaia
cand-000137,matiere_synthetique_17,16.09,"{""competence-techniques-informatiques-gestion"": 1, ""competence-electronique-systemes"": 2, ""competence-multimedia-telecommunications"": 5, ""competence-statistiques-informatique"": 1}",tourisme;management;ecologie,projet_personnel_tech;projet_associatif,fonction_publique,hybride,parcours-imticia
cand-000149,matiere_synthetique_5,18.51,"{""competence-techniques-informatiques-gestion"": 2, ""competence-electronique-systemes"": 3, ""competence-multimedia-telecommunications"": 5, ""competence-statistiques-informatique"": 5}",finance;management,projet_personnel_tech,enseignement,terrain,parcours-imticia
cand-000509,matiere_synthetique_18;matiere_synthetique_8;matiere_synthetique_7,11.26,"{""competence-techniques-informatiques-gestion"": 0, ""competence-electronique-systemes"": 5, ""competence-multimedia-telecommunications"": 3, ""competence-statistiques-informatique"": 1}",finance,projet_personnel_tech,enseignement,hybride,parcours-esiia
cand-000903,matiere_synthetique_20;matiere_synthetique_13,13.86,"{""competence-techniques-informatiques-gestion"": 3, ""competence-electronique-systemes"": 3, ""competence-multimedia-telecommunications"": 3, ""competence-statistiques-informatique"": 2}",finance;agriculture;sante,,enseignement,teletravail,parcours-igglia
cand-000186,matiere_synthetique_9;matiere_synthetique_8,18.39,"{""competence-techniques-informatiques-gestion"": 2, ""competence-electronique-systemes"": 4, ""competence-multimedia-telecommunications"": 2, ""competence-statistiques-informatique"": 1}",informatique;sante;agriculture,,entrepreneuriat,terrain,parcours-esiia
cand-000121,matiere_synthetique_9,11.12,"{""competence-techniques-informatiques-gestion"": 5, ""competence-electronique-systemes"": 5, ""competence-multimedia-telecommunications"": 5, ""competence-statistiques-informatique"": 5}",finance;management,projet_personnel_tech,recherche,teletravail,parcours-igglia
cand-000161,matiere_synthetique_2,11.61,"{""competence-techniques-informatiques-gestion"": 0, ""competence-electronique-systemes"": 1, ""competence-multimedia-telecommunications"": 5, ""competence-statistiques-informatique"": 3}",sante;finance;tourisme,,entrepreneuriat,bureau,parcours-imticia
cand-000655,matiere_synthetique_1;matiere_synthetique_19,13.59,"{""competence-techniques-informatiques-gestion"": 3, ""competence-electronique-systemes"": 5, ""competence-multimedia-telecommunications"": 1, ""competence-statistiques-informatique"": 2}",sante;management;tourisme,,entrepreneuriat,hybride,parcours-esiia
cand-000024,matiere_synthetique_8;matiere_synthetique_6,9.9,"{""competence-techniques-informatiques-gestion"": 5, ""competence-electronique-systemes"": 5, ""competence-multimedia-telecommunications"": 5, ""competence-statistiques-informatique"": 2}",finance,projet_personnel_tech,recherche,teletravail,parcours-igglia
cand-000788,matiere_synthetique_6,8.77,"{""competence-techniques-informatiques-gestion"": 4, ""competence-electronique-systemes"": 2, ""competence-multimedia-telecommunications"": 3, ""competence-statistiques-informatique"": 4}",tourisme;informatique;finance,projet_personnel_tech,entrepreneuriat,teletravail,parcours-igglia
cand-000475,matiere_synthetique_9,12.19,"{""competence-techniques-informatiques-gestion"": 4, ""competence-electronique-systemes"": 5, ""competence-multimedia-telecommunications"": 3, ""competence-statistiques-informatique"": 5}",management,projet_personnel_tech;projet_associatif,recherche,teletravail,parcours-esiia
cand-000608,matiere_synthetique_1;matiere_synthetique_8,17.18,"{""competence-techniques-informatiques-gestion"": 4, ""competence-electronique-systemes"": 1, ""competence-multimedia-telecommunications"": 5, ""competence-statistiques-informatique"": 5}",management;finance;robotique,,entrepreneuriat,bureau,parcours-imticia
cand-000493,matiere_synthetique_16;matiere_synthetique_11,12.44,"{""competence-techniques-informatiques-gestion"": 5, ""competence-electronique-systemes"": 5, ""competence-multimedia-telecommunications"": 3, ""competence-statistiques-informatique"": 1}",ecologie;agriculture;tourisme,,fonction_publique,teletravail,parcours-igglia
cand-000674,matiere_synthetique_15;matiere_synthetique_16;matiere_synthetique_7,15.73,"{""competence-techniques-informatiques-gestion"": 5, ""competence-electronique-systemes"": 3, ""competence-multimedia-telecommunications"": 3, ""competence-statistiques-informatique"": 3}",finance;sante,projet_personnel_tech,fonction_publique,terrain,parcours-igglia
cand-000524,matiere_synthetique_6;matiere_synthetique_18;matiere_synthetique_13,12.08,"{""competence-techniques-informatiques-gestion"": 2, ""competence-electronique-systemes"": 5, ""competence-multimedia-telecommunications"": 1, ""competence-statistiques-informatique"": 2}",management;finance,projet_personnel_tech,salariat,teletravail,parcours-esiia
cand-000857,matiere_synthetique_11;matiere_synthetique_4;matiere_synthetique_19,11.53,"{""competence-techniques-informatiques-gestion"": 5, ""competence-electronique-systemes"": 5, ""competence-multimedia-telecommunications"": 1, ""competence-statistiques-informatique"": 4}",sante;management,,recherche,teletravail,parcours-igglia
cand-000734,matiere_synthetique_9,11.3,"{""competence-techniques-informatiques-gestion"": 2, ""competence-electronique-systemes"": 5, ""competence-multimedia-telecommunications"": 5, ""competence-statistiques-informatique"": 4}",design,,recherche,teletravail,parcours-esiia
cand-000075,matiere_synthetique_8;matiere_synthetique_10;matiere_synthetique_20,10.52,"{""competence-techniques-informatiques-gestion"": 5, ""competence-electronique-systemes"": 0, ""competence-multimedia-telecommunications"": 3, ""competence-statistiques-informatique"": 1}",finance;agriculture,projet_associatif,enseignement,hybride,parcours-igglia
cand-000183,matiere_synthetique_15,11.74,"{""competence-techniques-informatiques-gestion"": 1, ""competence-electronique-systemes"": 3, ""competence-multimedia-telecommunications"": 1, ""competence-statistiques-informatique"": 5}",design;agriculture,,enseignement,teletravail,parcours-isaia
cand-000691,matiere_synthetique_7,11.04,"{""competence-techniques-informatiques-gestion"": 5, ""competence-electronique-systemes"": 5, ""competence-multimedia-telecommunications"": 1, ""competence-statistiques-informatique"": 4}",tourisme;agriculture,,salariat,terrain,parcours-igglia
cand-000222,matiere_synthetique_14;matiere_synthetique_17,14.68,"{""competence-techniques-informatiques-gestion"": 3, ""competence-electronique-systemes"": 0, ""competence-multimedia-telecommunications"": 2, ""competence-statistiques-informatique"": 3}",informatique,projet_personnel_tech;projet_associatif,fonction_publique,teletravail,parcours-igglia
cand-000012,matiere_synthetique_6;matiere_synthetique_12,11.94,"{""competence-techniques-informatiques-gestion"": 3, ""competence-electronique-systemes"": 2, ""competence-multimedia-telecommunications"": 3, ""competence-statistiques-informatique"": 2}",tourisme,projet_personnel_tech,entrepreneuriat,bureau,parcours-igglia
cand-000830,matiere_synthetique_18;matiere_synthetique_13;matiere_synthetique_1,18.34,"{""competence-techniques-informatiques-gestion"": 4, ""competence-electronique-systemes"": 1, ""competence-multimedia-telecommunications"": 5, ""competence-statistiques-informatique"": 2}",tourisme;informatique;management,,entrepreneuriat,terrain,parcours-imticia
cand-000776,matiere_synthetique_6,17.32,"{""competence-techniques-informatiques-gestion"": 2, ""competence-electronique-systemes"": 1, ""competence-multimedia-telecommunications"": 4, ""competence-statistiques-informatique"": 0}",robotique,,enseignement,terrain,parcours-imticia
cand-000940,matiere_synthetique_6,6.31,"{""competence-techniques-informatiques-gestion"": 5, ""competence-electronique-systemes"": 1, ""competence-multimedia-telecommunications"": 2, ""competence-statistiques-informatique"": 2}",sante;agriculture,,salariat,bureau,parcours-igglia
cand-000428,matiere_synthetique_12;matiere_synthetique_10;matiere_synthetique_15,13.81,"{""competence-techniques-informatiques-gestion"": 5, ""competence-electronique-systemes"": 5, ""competence-multimedia-telecommunications"": 2, ""competence-statistiques-informatique"": 3}",sante;management;agriculture,,recherche,hybride,parcours-igglia
cand-000552,matiere_synthetique_9,10.77,"{""competence-techniques-informatiques-gestion"": 1, ""competence-electronique-systemes"": 5, ""competence-multimedia-telecommunications"": 5, ""competence-statistiques-informatique"": 3}",robotique;management;sante,,salariat,hybride,parcours-esiia
cand-000145,matiere_synthetique_15,16.31,"{""competence-techniques-informatiques-gestion"": 0, ""competence-electronique-systemes"": 4, ""competence-multimedia-telecommunications"": 3, ""competence-statistiques-informatique"": 2}",tourisme;agriculture;management,projet_personnel_tech,recherche,bureau,parcours-esiia
cand-000929,matiere_synthetique_19;matiere_synthetique_1;matiere_synthetique_4,10.6,"{""competence-techniques-informatiques-gestion"": 5, ""competence-electronique-systemes"": 5, ""competence-multimedia-telecommunications"": 3, ""competence-statistiques-informatique"": 5}",management;agriculture;sante,projet_associatif,enseignement,terrain,parcours-igglia
cand-000594,matiere_synthetique_17,11.14,"{""competence-techniques-informatiques-gestion"": 1, ""competence-electronique-systemes"": 5, ""competence-multimedia-telecommunications"": 1, ""competence-statistiques-informatique"": 5}",management;sante,,enseignement,teletravail,parcours-esiia
cand-000823,matiere_synthetique_14;matiere_synthetique_13;matiere_synthetique_20,11.03,"{""competence-techniques-informatiques-gestion"": 3, ""competence-electronique-systemes"": 1, ""competence-multimedia-telecommunications"": 5, ""competence-statistiques-informatique"": 2}",sante;informatique,,fonction_publique,teletravail,parcours-imticia
cand-000794,matiere_synthetique_1,13.81,"{""competence-techniques-informatiques-gestion"": 3, ""competence-electronique-systemes"": 2, ""competence-multimedia-telecommunications"": 0, ""competence-statistiques-informatique"": 1}",agriculture;sante,projet_personnel_tech,fonction_publique,teletravail,parcours-igglia
cand-000980,matiere_synthetique_8,12.71,"{""competence-techniques-informatiques-gestion"": 5, ""competence-electronique-systemes"": 5, ""competence-multimedia-telecommunications"": 3, ""competence-statistiques-informatique"": 2}",finance;design;agriculture,,salariat,teletravail,parcours-igglia
cand-000763,matiere_synthetique_11;matiere_synthetique_5,17.81,"{""competence-techniques-informatiques-gestion"": 2, ""competence-electronique-systemes"": 2, ""competence-multimedia-telecommunications"": 5, ""competence-statistiques-informatique"": 2}",management,projet_personnel_tech,salariat,teletravail,parcours-imticia
cand-000094,matiere_synthetique_16,17.65,"{""competence-techniques-informatiques-gestion"": 1, ""competence-electronique-systemes"": 1, ""competence-multimedia-telecommunications"": 2, ""competence-statistiques-informatique"": 4}",agriculture;tourisme;robotique,projet_personnel_tech;projet_associatif,enseignement,hybride,parcours-isaia
cand-000252,matiere_synthetique_3;matiere_synthetique_9;matiere_synthetique_16,11.11,"{""competence-techniques-informatiques-gestion"": 5, ""competence-electronique-systemes"": 2, ""competence-multimedia-telecommunications"": 5, ""competence-statistiques-informatique"": 5}",finance;robotique,,salariat,teletravail,parcours-igglia
cand-000633,matiere_synthetique_11;matiere_synthetique_18;matiere_synthetique_18,13.67,"{""competence-techniques-informatiques-gestion"": 5, ""competence-electronique-systemes"": 5, ""competence-multimedia-telecommunications"": 5, ""competence-statistiques-informatique"": 5}",informatique;management;sante,projet_personnel_tech,recherche,hybride,parcours-igglia
cand-000192,matiere_synthetique_13,6.89,"{""competence-techniques-informatiques-gestion"": 5, ""competence-electronique-systemes"": 5, ""competence-multimedia-telecommunications"": 5, ""competence-statistiques-informatique"": 5}",tourisme;design,projet_personnel_tech,salariat,terrain,parcours-igglia
cand-000838,matiere_synthetique_15,12.93,"{""competence-techniques-informatiques-gestion"": 2, ""competence-electronique-systemes"": 2, ""competence-multimedia-telecommunications"": 5, ""competence-statistiques-informatique"": 1}",tourisme;finance,projet_associatif,entrepreneuriat,hybride,parcours-imticia
cand-000180,matiere_synthetique_9;matiere_synthetique_12;matiere_synthetique_8,15.24,"{""competence-techniques-informatiques-gestion"": 1, ""competence-electronique-systemes"": 3, ""competence-multimedia-telecommunications"": 2, ""competence-statistiques-informatique"": 1}",tourisme;informatique,,fonction_publique,terrain,parcours-esiia
cand-000730,matiere_synthetique_10,19.32,"{""competence-techniques-informatiques-gestion"": 1, ""competence-electronique-systemes"": 5, ""competence-multimedia-telecommunications"": 5, ""competence-statistiques-informatique"": 2}",sante,,enseignement,terrain,parcours-esiia
cand-000038,matiere_synthetique_5;matiere_synthetique_4,12.24,"{""competence-techniques-informatiques-gestion"": 1, ""competence-electronique-systemes"": 5, ""competence-multimedia-telecommunications"": 3, ""competence-statistiques-informatique"": 5}",management;finance;sante,,fonction_publique,bureau,parcours-esiia
cand-000895,matiere_synthetique_16;matiere_synthetique_7;matiere_synthetique_2,10.5,"{""competence-techniques-informatiques-gestion"": 0, ""competence-electronique-systemes"": 3, ""competence-multimedia-telecommunications"": 4, ""competence-statistiques-informatique"": 3}",tourisme;sante,projet_personnel_tech;projet_associatif,salariat,teletravail,parcours-imticia
cand-000729,matiere_synthetique_6,17.0,"{""competence-techniques-informatiques-gestion"": 1, ""competence-electronique-systemes"": 1, ""competence-multimedia-telecommunications"": 4, ""competence-statistiques-informatique"": 5}",finance,,recherche,bureau,parcours-isaia
cand-000276,matiere_synthetique_19;matiere_synthetique_11,8.93,"{""competence-techniques-informatiques-gestion"": 1, ""competence-electronique-systemes"": 4, ""competence-multimedia-telecommunications"": 2, ""competence-statistiques-informatique"": 3}",sante;tourisme,projet_associatif,salariat,terrain,parcours-esiia
cand-000758,matiere_synthetique_8,16.15,"{""competence-techniques-informatiques-gestion"": 1, ""competence-electronique-systemes"": 1, ""competence-multimedia-telecommunications"": 4, ""competence-statistiques-informatique"": 5}",informatique,,entrepreneuriat,terrain,parcours-isaia
cand-000719,matiere_synthetique_5;matiere_synthetique_6;matiere_synthetique_9,14.12,"{""competence-techniques-informatiques-gestion"": 5, ""competence-electronique-systemes"": 1, ""competence-multimedia-telecommunications"": 4, ""competence-statistiques-informatique"": 1}",management;robotique,projet_associatif,entrepreneuriat,bureau,parcours-igglia
cand-000410,matiere_synthetique_9,18.19,"{""competence-techniques-informatiques-gestion"": 5, ""competence-electronique-systemes"": 5, ""competence-multimedia-telecommunications"": 5, ""competence-statistiques-informatique"": 5}",management,,fonction_publique,bureau,parcours-igglia
cand-000937,matiere_synthetique_1,13.87,"{""competence-techniques-informatiques-gestion"": 5, ""competence-electronique-systemes"": 4, ""competence-multimedia-telecommunications"": 5, ""competence-statistiques-informatique"": 2}",finance,,fonction_publique,terrain,parcours-igglia
cand-000431,matiere_synthetique_15,11.03,"{""competence-techniques-informatiques-gestion"": 2, ""competence-electronique-systemes"": 2, ""competence-multimedia-telecommunications"": 4, ""competence-statistiques-informatique"": 5}",sante;management;informatique,projet_personnel_tech,enseignement,terrain,parcours-isaia
cand-000588,matiere_synthetique_18;matiere_synthetique_11;matiere_synthetique_4,7.29,"{""competence-techniques-informatiques-gestion"": 2, ""competence-electronique-systemes"": 3, ""competence-multimedia-telecommunications"": 3, ""competence-statistiques-informatique"": 1}",robotique;sante;informatique,projet_personnel_tech,salariat,hybride,parcours-esiia
cand-000238,matiere_synthetique_5;matiere_synthetique_2;matiere_synthetique_10,11.24,"{""competence-techniques-informatiques-gestion"": 1, ""competence-electronique-systemes"": 4, ""competence-multimedia-telecommunications"": 4, ""competence-statistiques-informatique"": 4}",sante;finance,,recherche,terrain,parcours-esiia
cand-000665,matiere_synthetique_18;matiere_synthetique_1;matiere_synthetique_11,10.0,"{""competence-techniques-informatiques-gestion"": 5, ""competence-electronique-systemes"": 1, ""competence-multimedia-telecommunications"": 5, ""competence-statistiques-informatique"": 3}",design,,salariat,terrain,parcours-igglia
cand-000801,matiere_synthetique_8;matiere_synthetique_17;matiere_synthetique_10,11.72,"{""competence-techniques-informatiques-gestion"": 5, ""competence-electronique-systemes"": 1, ""competence-multimedia-telecommunications"": 1, ""competence-statistiques-informatique"": 1}",agriculture;ecologie;management,,entrepreneuriat,teletravail,parcours-igglia
cand-000228,matiere_synthetique_6;matiere_synthetique_8,13.17,"{""competence-techniques-informatiques-gestion"": 3, ""competence-electronique-systemes"": 2, ""competence-multimedia-telecommunications"": 1, ""competence-statistiques-informatique"": 3}",informatique;ecologie,projet_associatif,enseignement,hybride,parcours-igglia
cand-000956,matiere_synthetique_4;matiere_synthetique_19,12.18,"{""competence-techniques-informatiques-gestion"": 5, ""competence-electronique-systemes"": 5, ""competence-multimedia-telecommunications"": 5, ""competence-statistiques-informatique"": 1}",informatique,,entrepreneuriat,teletravail,parcours-igglia
cand-000968,matiere_synthetique_13;matiere_synthetique_2,17.51,"{""competence-techniques-informatiques-gestion"": 5, ""competence-electronique-systemes"": 5, ""competence-multimedia-telecommunications"": 4, ""competence-statistiques-informatique"": 5}",finance;ecologie;sante,projet_personnel_tech,enseignement,terrain,parcours-igglia
cand-000542,matiere_synthetique_14;matiere_synthetique_17;matiere_synthetique_11,16.76,"{""competence-techniques-informatiques-gestion"": 4, ""competence-electronique-systemes"": 5, ""competence-multimedia-telecommunications"": 1, ""competence-statistiques-informatique"": 5}",informatique;robotique,,enseignement,teletravail,parcours-esiia
cand-000148,matiere_synthetique_15;matiere_synthetique_12;matiere_synthetique_7,7.8,"{""competence-techniques-informatiques-gestion"": 5, ""competence-electronique-systemes"": 4, ""competence-multimedia-telecommunications"": 5, ""competence-statistiques-informatique"": 3}",robotique;finance;tourisme,projet_personnel_tech,entrepreneuriat,bureau,parcours-igglia
cand-000350,matiere_synthetique_13,15.74,"{""competence-techniques-informatiques-gestion"": 1, ""competence-electronique-systemes"": 3, ""competence-multimedia-telecommunications"": 2, ""competence-statistiques-informatique"": 4}",agriculture;robotique;sante,,salariat,bureau,parcours-isaia
cand-000480,matiere_synthetique_7,13.23,"{""competence-techniques-informatiques-gestion"": 1, ""competence-electronique-systemes"": 5, ""competence-multimedia-telecommunications"": 5, ""competence-statistiques-informatique"": 4}",tourisme;sante;management,,salariat,bureau,parcours-esiia
cand-000690,matiere_synthetique_19,10.47,"{""competence-techniques-informatiques-gestion"": 4, ""competence-electronique-systemes"": 3, ""competence-multimedia-telecommunications"": 2, ""competence-statistiques-informatique"": 3}",design;ecologie,,salariat,teletravail,parcours-igglia
cand-000045,matiere_synthetique_10,11.6,"{""competence-techniques-informatiques-gestion"": 0, ""competence-electronique-systemes"": 5, ""competence-multimedia-telecommunications"": 2, ""competence-statistiques-informatique"": 2}",informatique;agriculture,projet_personnel_tech,entrepreneuriat,terrain,parcours-esiia
cand-000138,matiere_synthetique_15,13.06,"{""competence-techniques-informatiques-gestion"": 5, ""competence-electronique-systemes"": 1, ""competence-multimedia-telecommunications"": 4, ""competence-statistiques-informatique"": 5}",management;ecologie,,salariat,teletravail,parcours-igglia
cand-000652,matiere_synthetique_3;matiere_synthetique_13;matiere_synthetique_8,14.71,"{""competence-techniques-informatiques-gestion"": 2, ""competence-electronique-systemes"": 0, ""competence-multimedia-telecommunications"": 5, ""competence-statistiques-informatique"": 2}",finance,projet_personnel_tech,entrepreneuriat,teletravail,parcours-imticia
cand-000814,matiere_synthetique_3;matiere_synthetique_16,10.5,"{""competence-techniques-informatiques-gestion"": 5, ""competence-electronique-systemes"": 4, ""competence-multimedia-telecommunications"": 3, ""competence-statistiques-informatique"": 5}",sante;design;management,,recherche,bureau,parcours-igglia
cand-000605,matiere_synthetique_9,13.87,"{""competence-techniques-informatiques-gestion"": 3, ""competence-electronique-systemes"": 1, ""competence-multimedia-telecommunications"": 2, ""competence-statistiques-informatique"": 5}",finance,,recherche,terrain,parcours-isaia
cand-000340,matiere_synthetique_19;matiere_synthetique_7;matiere_synthetique_2,14.12,"{""competence-techniques-informatiques-gestion"": 1, ""competence-electronique-systemes"": 1, ""competence-multimedia-telecommunications"": 3, ""competence-statistiques-informatique"": 4}",finance,,recherche,terrain,parcours-isaia
cand-000466,matiere_synthetique_1,7.35,"{""competence-techniques-informatiques-gestion"": 3, ""competence-electronique-systemes"": 2, ""competence-multimedia-telecommunications"": 2, ""competence-statistiques-informatique"": 4}",informatique;robotique,,enseignement,bureau,parcours-isaia
cand-000991,matiere_synthetique_17,14.82,"{""competence-techniques-informatiques-gestion"": 5, ""competence-electronique-systemes"": 5, ""competence-multimedia-telecommunications"": 3, ""competence-statistiques-informatique"": 1}",agriculture,,salariat,teletravail,parcours-igglia
cand-000748,matiere_synthetique_14;matiere_synthetique_5;matiere_synthetique_2,6.4,"{""competence-techniques-informatiques-gestion"": 0, ""competence-electronique-systemes"": 3, ""competence-multimedia-telecommunications"": 4, ""competence-statistiques-informatique"": 4}",ecologie;design,,fonction_publique,teletravail,parcours-imticia
cand-000872,matiere_synthetique_16;matiere_synthetique_20,13.07,"{""competence-techniques-informatiques-gestion"": 4, ""competence-electronique-systemes"": 3, ""competence-multimedia-telecommunications"": 5, ""competence-statistiques-informatique"": 3}",agriculture;robotique;finance,,entrepreneuriat,bureau,parcours-imticia
cand-000053,matiere_synthetique_18,14.03,"{""competence-techniques-informatiques-gestion"": 5, ""competence-electronique-systemes"": 3, ""competence-multimedia-telecommunications"": 5, ""competence-statistiques-informatique"": 4}",sante;informatique;robotique,,recherche,terrain,parcours-igglia
cand-000724,matiere_synthetique_12;matiere_synthetique_8;matiere_synthetique_7,12.51,"{""competence-techniques-informatiques-gestion"": 5, ""competence-electronique-systemes"": 1, ""competence-multimedia-telecommunications"": 1, ""competence-statistiques-informatique"": 4}",sante;management;design,,salariat,bureau,parcours-igglia
cand-000344,matiere_synthetique_10;matiere_synthetique_16,13.04,"{""competence-techniques-informatiques-gestion"": 4, ""competence-electronique-systemes"": 1, ""competence-multimedia-telecommunications"": 5, ""competence-statistiques-informatique"": 2}",tourisme;informatique;management,,salariat,teletravail,parcours-imticia
cand-000616,matiere_synthetique_19,7.79,"{""competence-techniques-informatiques-gestion"": 2, ""competence-electronique-systemes"": 2, ""competence-multimedia-telecommunications"": 2, ""competence-statistiques-informatique"": 4}",finance;sante,,entrepreneuriat,terrain,parcours-isaia
cand-000287,matiere_synthetique_12,9.0,"{""competence-techniques-informatiques-gestion"": 2, ""competence-electronique-systemes"": 5, ""competence-multimedia-telecommunications"": 2, ""competence-statistiques-informatique"": 5}",tourisme,projet_personnel_tech,salariat,hybride,parcours-esiia
cand-000232,matiere_synthetique_4,8.96,"{""competence-techniques-informatiques-gestion"": 4, ""competence-electronique-systemes"": 4, ""competence-multimedia-telecommunications"": 1, ""competence-statistiques-informatique"": 5}",ecologie;sante,projet_personnel_tech,recherche,bureau,parcours-isaia
cand-000438,matiere_synthetique_12;matiere_synthetique_15;matiere_synthetique_15,7.12,"{""competence-techniques-informatiques-gestion"": 4, ""competence-electronique-systemes"": 3, ""competence-multimedia-telecommunications"": 5, ""competence-statistiques-informatique"": 2}",sante;informatique,,fonction_publique,teletravail,parcours-imticia
cand-000955,matiere_synthetique_11;matiere_synthetique_4,15.19,"{""competence-techniques-informatiques-gestion"": 5, ""competence-electronique-systemes"": 4, ""competence-multimedia-telecommunications"": 5, ""competence-statistiques-informatique"": 3}",sante;informatique,,enseignement,terrain,parcours-igglia
cand-000518,matiere_synthetique_7;matiere_synthetique_10,7.47,"{""competence-techniques-informatiques-gestion"": 1, ""competence-electronique-systemes"": 5, ""competence-multimedia-telecommunications"": 5, ""competence-statistiques-informatique"": 5}",robotique,,recherche,teletravail,parcours-esiia
cand-000649,matiere_synthetique_20,11.73,"{""competence-techniques-informatiques-gestion"": 2, ""competence-electronique-systemes"": 5, ""competence-multimedia-telecommunications"": 4, ""competence-statistiques-informatique"": 2}",ecologie,projet_personnel_tech,recherche,hybride,parcours-esiia
cand-000384,matiere_synthetique_7;matiere_synthetique_7;matiere_synthetique_11,17.34,"{""competence-techniques-informatiques-gestion"": 5, ""competence-electronique-systemes"": 4, ""competence-multimedia-telecommunications"": 0, ""competence-statistiques-informatique"": 1}",informatique;design,projet_associatif,salariat,hybride,parcours-igglia
cand-000345,matiere_synthetique_9;matiere_synthetique_7;matiere_synthetique_2,15.76,"{""competence-techniques-informatiques-gestion"": 2, ""competence-electronique-systemes"": 5, ""competence-multimedia-telecommunications"": 5, ""competence-statistiques-informatique"": 2}",management,,recherche,hybride,parcours-esiia
cand-000559,matiere_synthetique_20,18.12,"{""competence-techniques-informatiques-gestion"": 4, ""competence-electronique-systemes"": 1, ""competence-multimedia-telecommunications"": 2, ""competence-statistiques-informatique"": 2}",tourisme;design,,fonction_publique,bureau,parcours-igglia
cand-000456,matiere_synthetique_14;matiere_synthetique_9,10.36,"{""competence-techniques-informatiques-gestion"": 5, ""competence-electronique-systemes"": 3, ""competence-multimedia-telecommunications"": 4, ""competence-statistiques-informatique"": 3}",sante;management;agriculture,,fonction_publique,teletravail,parcours-igglia
cand-000944,matiere_synthetique_5;matiere_synthetique_2,16.37,"{""competence-techniques-informatiques-gestion"": 5, ""competence-electronique-systemes"": 4, ""competence-multimedia-telecommunications"": 2, ""competence-statistiques-informatique"": 0}",informatique;tourisme,,enseignement,terrain,parcours-igglia
cand-000846,matiere_synthetique_8,13.91,"{""competence-techniques-informatiques-gestion"": 4, ""competence-electronique-systemes"": 5, ""competence-multimedia-telecommunications"": 4, ""competence-statistiques-informatique"": 3}",management;informatique,,recherche,bureau,parcours-esiia
cand-000378,matiere_synthetique_14;matiere_synthetique_17,15.25,"{""competence-techniques-informatiques-gestion"": 5, ""competence-electronique-systemes"": 5, ""competence-multimedia-telecommunications"": 4, ""competence-statistiques-informatique"": 4}",tourisme;sante;robotique,,salariat,hybride,parcours-igglia
cand-000158,matiere_synthetique_1;matiere_synthetique_3,15.05,"{""competence-techniques-informatiques-gestion"": 5, ""competence-electronique-systemes"": 1, ""competence-multimedia-telecommunications"": 5, ""competence-statistiques-informatique"": 1}",management;informatique,,recherche,bureau,parcours-igglia
cand-000400,matiere_synthetique_13;matiere_synthetique_4,15.1,"{""competence-techniques-informatiques-gestion"": 1, ""competence-electronique-systemes"": 3, ""competence-multimedia-telecommunications"": 4, ""competence-statistiques-informatique"": 1}",sante;finance;tourisme,,enseignement,hybride,parcours-imticia
cand-000173,matiere_synthetique_6;matiere_synthetique_5;matiere_synthetique_13,15.02,"{""competence-techniques-informatiques-gestion"": 1, ""competence-electronique-systemes"": 1, ""competence-multimedia-telecommunications"": 4, ""competence-statistiques-informatique"": 1}",ecologie;finance;sante,,salariat,bureau,parcours-imticia
cand-000995,matiere_synthetique_20;matiere_synthetique_9;matiere_synthetique_1,17.38,"{""competence-techniques-informatiques-gestion"": 5, ""competence-electronique-systemes"": 4, ""competence-multimedia-telecommunications"": 1, ""competence-statistiques-informatique"": 5}",informatique;ecologie,projet_personnel_tech,recherche,hybride,parcours-igglia
cand-000628,matiere_synthetique_8,18.52,"{""competence-techniques-informatiques-gestion"": 1, ""competence-electronique-systemes"": 2, ""competence-multimedia-telecommunications"": 0, ""competence-statistiques-informatique"": 4}",robotique;informatique;sante,projet_personnel_tech;projet_associatif,entrepreneuriat,hybride,parcours-isaia
cand-000541,matiere_synthetique_13;matiere_synthetique_2;matiere_synthetique_3,11.53,"{""competence-techniques-informatiques-gestion"": 5, ""competence-electronique-systemes"": 5, ""competence-multimedia-telecommunications"": 5, ""competence-statistiques-informatique"": 5}",finance;informatique,,recherche,terrain,parcours-igglia
cand-000773,matiere_synthetique_1;matiere_synthetique_19;matiere_synthetique_7,13.54,"{""competence-techniques-informatiques-gestion"": 2, ""competence-electronique-systemes"": 3, ""competence-multimedia-telecommunications"": 5, ""competence-statistiques-informatique"": 5}",management;informatique,projet_personnel_tech;projet_associatif,fonction_publique,teletravail,parcours-imticia
cand-000018,matiere_synthetique_17;matiere_synthetique_11,9.7,"{""competence-techniques-informatiques-gestion"": 1, ""competence-electronique-systemes"": 5, ""competence-multimedia-telecommunications"": 2, ""competence-statistiques-informatique"": 5}",agriculture;sante,,salariat,teletravail,parcours-esiia
cand-000468,matiere_synthetique_5;matiere_synthetique_11,10.61,"{""competence-techniques-informatiques-gestion"": 0, ""competence-electronique-systemes"": 2, ""competence-multimedia-telecommunications"": 1, ""competence-statistiques-informatique"": 5}",tourisme;informatique,projet_personnel_tech,recherche,bureau,parcours-isaia
cand-000162,matiere_synthetique_5;matiere_synthetique_16,8.46,"{""competence-techniques-informatiques-gestion"": 5, ""competence-electronique-systemes"": 5, ""competence-multimedia-telecommunications"": 5, ""competence-statistiques-informatique"": 1}",agriculture;ecologie,,entrepreneuriat,terrain,parcours-igglia
cand-000517,matiere_synthetique_1;matiere_synthetique_10;matiere_synthetique_2,17.41,"{""competence-techniques-informatiques-gestion"": 5, ""competence-electronique-systemes"": 1, ""competence-multimedia-telecommunications"": 5, ""competence-statistiques-informatique"": 1}",sante;tourisme;agriculture,projet_personnel_tech,recherche,bureau,parcours-igglia
cand-000009,matiere_synthetique_20;matiere_synthetique_8,16.05,"{""competence-techniques-informatiques-gestion"": 4, ""competence-electronique-systemes"": 0, ""competence-multimedia-telecommunications"": 2, ""competence-statistiques-informatique"": 0}",informatique;finance;design,,entrepreneuriat,terrain,parcours-igglia
cand-000905,matiere_synthetique_11,9.68,"{""competence-techniques-informatiques-gestion"": 5, ""competence-electronique-systemes"": 3, ""competence-multimedia-telecommunications"": 1, ""competence-statistiques-informatique"": 1}",sante;robotique,,fonction_publique,terrain,parcours-igglia
cand-000113,matiere_synthetique_1;matiere_synthetique_10;matiere_synthetique_9,6.61,"{""competence-techniques-informatiques-gestion"": 1, ""competence-electronique-systemes"": 5, ""competence-multimedia-telecommunications"": 3, ""competence-statistiques-informatique"": 0}",agriculture;design,projet_associatif,recherche,terrain,parcours-esiia
cand-000960,matiere_synthetique_15;matiere_synthetique_18;matiere_synthetique_18,10.3,"{""competence-techniques-informatiques-gestion"": 2, ""competence-electronique-systemes"": 3, ""competence-multimedia-telecommunications"": 3, ""competence-statistiques-informatique"": 5}",robotique,projet_personnel_tech,entrepreneuriat,terrain,parcours-isaia
cand-000496,matiere_synthetique_20;matiere_synthetique_1,12.28,"{""competence-techniques-informatiques-gestion"": 2, ""competence-electronique-systemes"": 5, ""competence-multimedia-telecommunications"": 4, ""competence-statistiques-informatique"": 5}",robotique,projet_personnel_tech,entrepreneuriat,teletravail,parcours-esiia
cand-000733,matiere_synthetique_14;matiere_synthetique_9,18.78,"{""competence-techniques-informatiques-gestion"": 3, ""competence-electronique-systemes"": 2, ""competence-multimedia-telecommunications"": 0, ""competence-statistiques-informatique"": 1}",management;design,,recherche,teletravail,parcours-igglia
cand-000201,matiere_synthetique_18,12.65,"{""competence-techniques-informatiques-gestion"": 5, ""competence-electronique-systemes"": 3, ""competence-multimedia-telecommunications"": 4, ""competence-statistiques-informatique"": 2}",informatique;agriculture,projet_personnel_tech,enseignement,terrain,parcours-igglia
cand-000337,matiere_synthetique_8;matiere_synthetique_3;matiere_synthetique_6,19.03,"{""competence-techniques-informatiques-gestion"": 5, ""competence-electronique-systemes"": 3, ""competence-multimedia-telecommunications"": 3, ""competence-statistiques-informatique"": 1}",informatique,,salariat,bureau,parcours-igglia
cand-000678,matiere_synthetique_1;matiere_synthetique_12;matiere_synthetique_18,12.38,"{""competence-techniques-informatiques-gestion"": 3, ""competence-electronique-systemes"": 3, ""competence-multimedia-telecommunications"": 1, ""competence-statistiques-informatique"": 2}",agriculture,,recherche,hybride,parcours-igglia
cand-000478,matiere_synthetique_2,10.17,"{""competence-techniques-informatiques-gestion"": 5, ""competence-electronique-systemes"": 3, ""competence-multimedia-telecommunications"": 5, ""competence-statistiques-informatique"": 5}",tourisme,projet_personnel_tech,enseignement,bureau,parcours-igglia
cand-000647,matiere_synthetique_14,10.5,"{""competence-techniques-informatiques-gestion"": 0, ""competence-electronique-systemes"": 2, ""competence-multimedia-telecommunications"": 5, ""competence-statistiques-informatique"": 2}",management;agriculture,projet_personnel_tech,salariat,terrain,parcours-imticia
cand-000856,matiere_synthetique_19;matiere_synthetique_10;matiere_synthetique_2,13.24,"{""competence-techniques-informatiques-gestion"": 1, ""competence-electronique-systemes"": 4, ""competence-multimedia-telecommunications"": 2, ""competence-statistiques-informatique"": 3}",design;informatique,projet_personnel_tech,fonction_publique,bureau,parcours-esiia
cand-000150,matiere_synthetique_16;matiere_synthetique_6;matiere_synthetique_2,13.22,"{""competence-techniques-informatiques-gestion"": 1, ""competence-electronique-systemes"": 1, ""competence-multimedia-telecommunications"": 3, ""competence-statistiques-informatique"": 5}",finance,,entrepreneuriat,bureau,parcours-isaia
cand-000197,matiere_synthetique_10;matiere_synthetique_4;matiere_synthetique_14,9.75,"{""competence-techniques-informatiques-gestion"": 5, ""competence-electronique-systemes"": 5, ""competence-multimedia-telecommunications"": 2, ""competence-statistiques-informatique"": 5}",finance,,enseignement,teletravail,parcours-igglia
cand-000964,matiere_synthetique_1;matiere_synthetique_3;matiere_synthetique_14,7.71,"{""competence-techniques-informatiques-gestion"": 4, ""competence-electronique-systemes"": 1, ""competence-multimedia-telecommunications"": 0, ""competence-statistiques-informatique"": 3}",management,,recherche,teletravail,parcours-igglia
cand-000170,matiere_synthetique_7;matiere_synthetique_17,11.04,"{""competence-techniques-informatiques-gestion"": 5, ""competence-electronique-systemes"": 2, ""competence-multimedia-telecommunications"": 2, ""competence-statistiques-informatique"": 5}",agriculture;design,projet_personnel_tech,recherche,hybride,parcours-igglia
cand-000401,matiere_synthetique_2;matiere_synthetique_5,18.87,"{""competence-techniques-informatiques-gestion"": 4, ""competence-electronique-systemes"": 5, ""competence-multimedia-telecommunications"": 4, ""competence-statistiques-informatique"": 5}",management;ecologie,,entrepreneuriat,bureau,parcours-esiia
cand-000297,matiere_synthetique_1;matiere_synthetique_9,13.01,"{""competence-techniques-informatiques-gestion"": 5, ""competence-electronique-systemes"": 5, ""competence-multimedia-telecommunications"": 2, ""competence-statistiques-informatique"": 1}",management,,entrepreneuriat,teletravail,parcours-igglia
cand-000516,matiere_synthetique_2;matiere_synthetique_14,15.91,"{""competence-techniques-informatiques-gestion"": 5, ""competence-electronique-systemes"": 5, ""competence-multimedia-telecommunications"": 5, ""competence-statistiques-informatique"": 5}",agriculture;informatique;design,,enseignement,terrain,parcours-igglia
cand-000568,matiere_synthetique_20;matiere_synthetique_20;matiere_synthetique_18,12.44,"{""competence-techniques-informatiques-gestion"": 1, ""competence-electronique-systemes"": 5, ""competence-multimedia-telecommunications"": 3, ""competence-statistiques-informatique"": 5}",management;finance,,fonction_publique,teletravail,parcours-esiia
cand-000485,matiere_synthetique_15;matiere_synthetique_4;matiere_synthetique_19,11.68,"{""competence-techniques-informatiques-gestion"": 2, ""competence-electronique-systemes"": 2, ""competence-multimedia-telecommunications"": 2, ""competence-statistiques-informatique"": 0}",agriculture;sante,,recherche,terrain,parcours-igglia
cand-000749,matiere_synthetique_18,13.07,"{""competence-techniques-informatiques-gestion"": 4, ""competence-electronique-systemes"": 2, ""competence-multimedia-telecommunications"": 2, ""competence-statistiques-informatique"": 4}",management,,enseignement,bureau,parcours-igglia
cand-000050,matiere_synthetique_13,16.03,"{""competence-techniques-informatiques-gestion"": 5, ""competence-electronique-systemes"": 4, ""competence-multimedia-telecommunications"": 5, ""competence-statistiques-informatique"": 3}",ecologie;management,projet_associatif,salariat,teletravail,parcours-igglia
cand-000740,matiere_synthetique_1,15.21,"{""competence-techniques-informatiques-gestion"": 5, ""competence-electronique-systemes"": 2, ""competence-multimedia-telecommunications"": 5, ""competence-statistiques-informatique"": 3}",informatique;finance;design,projet_associatif,recherche,terrain,parcours-igglia
cand-000231,matiere_synthetique_1;matiere_synthetique_2;matiere_synthetique_3,9.77,"{""competence-techniques-informatiques-gestion"": 4, ""competence-electronique-systemes"": 1, ""competence-multimedia-telecommunications"": 5, ""competence-statistiques-informatique"": 1}",management;ecologie;sante,,recherche,terrain,parcours-imticia
cand-000467,matiere_synthetique_8,18.72,"{""competence-techniques-informatiques-gestion"": 5, ""competence-electronique-systemes"": 5, ""competence-multimedia-telecommunications"": 4, ""competence-statistiques-informatique"": 5}",sante;design,projet_associatif,salariat,hybride,parcours-igglia
cand-000195,matiere_synthetique_16;matiere_synthetique_10,17.19,"{""competence-techniques-informatiques-gestion"": 1, ""competence-electronique-systemes"": 5, ""competence-multimedia-telecommunications"": 2, ""competence-statistiques-informatique"": 3}",robotique;informatique;sante,,recherche,hybride,parcours-esiia
cand-000563,matiere_synthetique_6,8.17,"{""competence-techniques-informatiques-gestion"": 4, ""competence-electronique-systemes"": 2, ""competence-multimedia-telecommunications"": 4, ""competence-statistiques-informatique"": 4}",tourisme,,fonction_publique,teletravail,parcours-igglia
cand-000364,matiere_synthetique_12,10.01,"{""competence-techniques-informatiques-gestion"": 4, ""competence-electronique-systemes"": 2, ""competence-multimedia-telecommunications"": 4, ""competence-statistiques-informatique"": 2}",agriculture;design,,enseignement,bureau,parcours-igglia
cand-000216,matiere_synthetique_5;matiere_synthetique_20;matiere_synthetique_20,14.04,"{""competence-techniques-informatiques-gestion"": 3, ""competence-electronique-systemes"": 3, ""competence-multimedia-telecommunications"": 1, ""competence-statistiques-informatique"": 5}",finance,,enseignement,terrain,parcours-isaia
cand-000069,matiere_synthetique_5;matiere_synthetique_9,13.41,"{""competence-techniques-informatiques-gestion"": 5, ""competence-electronique-systemes"": 5, ""competence-multimedia-telecommunications"": 5, ""competence-statistiques-informatique"": 1}",design;management,,salariat,bureau,parcours-igglia
cand-000603,matiere_synthetique_10,16.69,"{""competence-techniques-informatiques-gestion"": 2, ""competence-electronique-systemes"": 4, ""competence-multimedia-telecommunications"": 3, ""competence-statistiques-informatique"": 3}",finance;design;sante,projet_associatif,entrepreneuriat,bureau,parcours-esiia
cand-000511,matiere_synthetique_17;matiere_synthetique_9;matiere_synthetique_7,6.59,"{""competence-techniques-informatiques-gestion"": 2, ""competence-electronique-systemes"": 5, ""competence-multimedia-telecommunications"": 1, ""competence-statistiques-informatique"": 4}",design;sante,projet_personnel_tech,salariat,teletravail,parcours-esiia
cand-000014,matiere_synthetique_18,15.05,"{""competence-techniques-informatiques-gestion"": 5, ""competence-electronique-systemes"": 1, ""competence-multimedia-telecommunications"": 5, ""competence-statistiques-informatique"": 2}",finance;design;agriculture,,fonction_publique,teletravail,parcours-igglia
cand-000685,matiere_synthetique_8;matiere_synthetique_9,7.17,"{""competence-techniques-informatiques-gestion"": 2, ""competence-electronique-systemes"": 4, ""competence-multimedia-telecommunications"": 5, ""competence-statistiques-informatique"": 2}",ecologie;tourisme,,entrepreneuriat,teletravail,parcours-imticia
cand-000677,matiere_synthetique_13;matiere_synthetique_4;matiere_synthetique_16,15.35,"{""competence-techniques-informatiques-gestion"": 5, ""competence-electronique-systemes"": 4, ""competence-multimedia-telecommunications"": 4, ""competence-statistiques-informatique"": 4}",tourisme;design,,fonction_publique,bureau,parcours-igglia
cand-000827,matiere_synthetique_10;matiere_synthetique_9,16.21,"{""competence-techniques-informatiques-gestion"": 5, ""competence-electronique-systemes"": 5, ""competence-multimedia-telecommunications"": 5, ""competence-statistiques-informatique"": 5}",management;ecologie;sante,,fonction_publique,bureau,parcours-igglia
cand-000805,matiere_synthetique_12,16.6,"{""competence-techniques-informatiques-gestion"": 2, ""competence-electronique-systemes"": 3, ""competence-multimedia-telecommunications"": 5, ""competence-statistiques-informatique"": 5}",robotique;tourisme,projet_personnel_tech,salariat,teletravail,parcours-imticia
cand-000323,matiere_synthetique_10;matiere_synthetique_7;matiere_synthetique_1,17.21,"{""competence-techniques-informatiques-gestion"": 1, ""competence-electronique-systemes"": 5, ""competence-multimedia-telecommunications"": 1, ""competence-statistiques-informatique"": 4}",management;agriculture;informatique,projet_personnel_tech,enseignement,teletravail,parcours-esiia
cand-000555,matiere_synthetique_10;matiere_synthetique_11;matiere_synthetique_12,17.03,"{""competence-techniques-informatiques-gestion"": 1, ""competence-electronique-systemes"": 5, ""competence-multimedia-telecommunications"": 3, ""competence-statistiques-informatique"": 5}",tourisme;informatique;sante,projet_personnel_tech,recherche,bureau,parcours-esiia
cand-000176,matiere_synthetique_8;matiere_synthetique_10,13.66,"{""competence-techniques-informatiques-gestion"": 4, ""competence-electronique-systemes"": 5, ""competence-multimedia-telecommunications"": 1, ""competence-statistiques-informatique"": 3}",finance,projet_personnel_tech,fonction_publique,hybride,parcours-esiia
cand-000610,matiere_synthetique_12;matiere_synthetique_11;matiere_synthetique_7,7.31,"{""competence-techniques-informatiques-gestion"": 5, ""competence-electronique-systemes"": 1, ""competence-multimedia-telecommunications"": 0, ""competence-statistiques-informatique"": 5}",finance;ecologie;sante,projet_personnel_tech,recherche,hybride,parcours-igglia
cand-000057,matiere_synthetique_3;matiere_synthetique_15,15.48,"{""competence-techniques-informatiques-gestion"": 3, ""competence-electronique-systemes"": 5, ""competence-multimedia-telecommunications"": 5, ""competence-statistiques-informatique"": 4}",management;tourisme;agriculture,,entrepreneuriat,teletravail,parcours-esiia
cand-000945,matiere_synthetique_19,10.74,"{""competence-techniques-informatiques-gestion"": 5, ""competence-electronique-systemes"": 3, ""competence-multimedia-telecommunications"": 4, ""competence-statistiques-informatique"": 1}",design;informatique;ecologie,,salariat,teletravail,parcours-igglia
cand-000566,matiere_synthetique_12;matiere_synthetique_2;matiere_synthetique_5,14.75,"{""competence-techniques-informatiques-gestion"": 4, ""competence-electronique-systemes"": 2, ""competence-multimedia-telecommunications"": 3, ""competence-statistiques-informatique"": 2}",sante;robotique,,entrepreneuriat,hybride,parcours-igglia
cand-000657,matiere_synthetique_5;matiere_synthetique_10,8.28,"{""competence-techniques-informatiques-gestion"": 0, ""competence-electronique-systemes"": 4, ""competence-multimedia-telecommunications"": 0, ""competence-statistiques-informatique"": 3}",design;informatique,,fonction_publique,hybride,parcours-esiia
cand-000283,matiere_synthetique_19,5.1,"{""competence-techniques-informatiques-gestion"": 5, ""competence-electronique-systemes"": 2, ""competence-multimedia-telecommunications"": 3, ""competence-statistiques-informatique"": 5}",ecologie,,enseignement,hybride,parcours-igglia
cand-000618,matiere_synthetique_1;matiere_synthetique_20,17.74,"{""competence-techniques-informatiques-gestion"": 1, ""competence-electronique-systemes"": 5, ""competence-multimedia-telecommunications"": 4, ""competence-statistiques-informatique"": 4}",sante;robotique;ecologie,,enseignement,bureau,parcours-esiia
cand-000813,matiere_synthetique_4;matiere_synthetique_7,11.53,"{""competence-techniques-informatiques-gestion"": 5, ""competence-electronique-systemes"": 3, ""competence-multimedia-telecommunications"": 1, ""competence-statistiques-informatique"": 4}",tourisme,,enseignement,bureau,parcours-igglia
cand-000016,matiere_synthetique_2;matiere_synthetique_4;matiere_synthetique_6,14.76,"{""competence-techniques-informatiques-gestion"": 3, ""competence-electronique-systemes"": 0, ""competence-multimedia-telecommunications"": 3, ""competence-statistiques-informatique"": 4}",design,,salariat,bureau,parcours-isaia
cand-000168,matiere_synthetique_11;matiere_synthetique_14;matiere_synthetique_20,16.64,"{""competence-techniques-informatiques-gestion"": 3, ""competence-electronique-systemes"": 2, ""competence-multimedia-telecommunications"": 3, ""competence-statistiques-informatique"": 5}",finance;ecologie;informatique,projet_personnel_tech,enseignement,bureau,parcours-isaia
cand-000791,matiere_synthetique_2,12.39,"{""competence-techniques-informatiques-gestion"": 4, ""competence-electronique-systemes"": 4, ""competence-multimedia-telecommunications"": 5, ""competence-statistiques-informatique"": 5}",agriculture,projet_personnel_tech,entrepreneuriat,bureau,parcours-imticia
cand-000101,matiere_synthetique_9;matiere_synthetique_7,8.69,"{""competence-techniques-informatiques-gestion"": 4, ""competence-electronique-systemes"": 4, ""competence-multimedia-telecommunications"": 2, ""competence-statistiques-informatique"": 1}",finance;robotique,,recherche,bureau,parcours-igglia
cand-000020,matiere_synthetique_4,19.03,"{""competence-techniques-informatiques-gestion"": 5, ""competence-electronique-systemes"": 1, ""competence-multimedia-telecommunications"": 5, ""competence-statistiques-informatique"": 2}",management;robotique;finance,,recherche,teletravail,parcours-igglia
cand-000755,matiere_synthetique_18;matiere_synthetique_12,9.39,"{""competence-techniques-informatiques-gestion"": 5, ""competence-electronique-systemes"": 5, ""competence-multimedia-telecommunications"": 5, ""competence-statistiques-informatique"": 4}",agriculture;robotique;finance,,enseignement,bureau,parcours-igglia
cand-000229,matiere_synthetique_15;matiere_synthetique_19;matiere_synthetique_15,14.18,"{""competence-techniques-informatiques-gestion"": 3, ""competence-electronique-systemes"": 5, ""competence-multimedia-telecommunications"": 2, ""competence-statistiques-informatique"": 3}",finance;ecologie,projet_personnel_tech,enseignement,bureau,parcours-esiia
cand-000985,matiere_synthetique_10;matiere_synthetique_13,12.78,"{""competence-techniques-informatiques-gestion"": 5, ""competence-electronique-systemes"": 3, ""competence-multimedia-telecommunications"": 3, ""competence-statistiques-informatique"": 5}",informatique,,fonction_publique,hybride,parcours-igglia
cand-000602,matiere_synthetique_9,11.61,"{""competence-techniques-informatiques-gestion"": 5, ""competence-electronique-systemes"": 1, ""competence-multimedia-telecommunications"": 1, ""competence-statistiques-informatique"": 2}",design;agriculture;informatique,projet_associatif,recherche,terrain,parcours-igglia
cand-000821,matiere_synthetique_18;matiere_synthetique_9;matiere_synthetique_7,9.17,"{""competence-techniques-informatiques-gestion"": 1, ""competence-electronique-systemes"": 5, ""competence-multimedia-telecommunications"": 1, ""competence-statistiques-informatique"": 5}",agriculture,,enseignement,hybride,parcours-esiia
cand-000044,matiere_synthetique_18;matiere_synthetique_2,14.39,"{""competence-techniques-informatiques-gestion"": 1, ""competence-electronique-systemes"": 5, ""competence-multimedia-telecommunications"": 5, ""competence-statistiques-informatique"": 5}",finance;informatique;ecologie,projet_personnel_tech,recherche,terrain,parcours-esiia
cand-000074,matiere_synthetique_13;matiere_synthetique_12,14.83,"{""competence-techniques-informatiques-gestion"": 4, ""competence-electronique-systemes"": 3, ""competence-multimedia-telecommunications"": 5, ""competence-statistiques-informatique"": 3}",management;sante;agriculture,projet_personnel_tech;projet_associatif,salariat,terrain,parcours-imticia
cand-000849,matiere_synthetique_6,18.38,"{""competence-techniques-informatiques-gestion"": 5, ""competence-electronique-systemes"": 2, ""competence-multimedia-telecommunications"": 4, ""competence-statistiques-informatique"": 4}",robotique;sante;ecologie,projet_personnel_tech;projet_associatif,fonction_publique,teletravail,parcours-igglia
cand-000395,matiere_synthetique_3,17.76,"{""competence-techniques-informatiques-gestion"": 5, ""competence-electronique-systemes"": 2, ""competence-multimedia-telecommunications"": 1, ""competence-statistiques-informatique"": 3}",informatique,,recherche,hybride,parcours-igglia
cand-000241,matiere_synthetique_1;matiere_synthetique_17;matiere_synthetique_17,12.59,"{""competence-techniques-informatiques-gestion"": 1, ""competence-electronique-systemes"": 5, ""competence-multimedia-telecommunications"": 4, ""competence-statistiques-informatique"": 5}",agriculture;ecologie;robotique,projet_associatif,fonction_publique,bureau,parcours-esiia
cand-000775,matiere_synthetique_10,12.67,"{""competence-techniques-informatiques-gestion"": 4, ""competence-electronique-systemes"": 5, ""competence-multimedia-telecommunications"": 5, ""competence-statistiques-informatique"": 5}",agriculture;tourisme;finance,projet_personnel_tech;projet_associatif,salariat,teletravail,parcours-esiia
cand-000863,matiere_synthetique_20,19.43,"{""competence-techniques-informatiques-gestion"": 1, ""competence-electronique-systemes"": 5, ""competence-multimedia-telecommunications"": 3, ""competence-statistiques-informatique"": 3}",tourisme;design,projet_associatif,entrepreneuriat,bureau,parcours-esiia
cand-000375,matiere_synthetique_10;matiere_synthetique_10,11.62,"{""competence-techniques-informatiques-gestion"": 3, ""competence-electronique-systemes"": 4, ""competence-multimedia-telecommunications"": 1, ""competence-statistiques-informatique"": 1}",agriculture,,enseignement,terrain,parcours-esiia
cand-000580,matiere_synthetique_7;matiere_synthetique_3;matiere_synthetique_7,9.02,"{""competence-techniques-informatiques-gestion"": 5, ""competence-electronique-systemes"": 3, ""competence-multimedia-telecommunications"": 0, ""competence-statistiques-informatique"": 5}",tourisme,projet_associatif,salariat,terrain,parcours-igglia
cand-000330,matiere_synthetique_14;matiere_synthetique_8,13.27,"{""competence-techniques-informatiques-gestion"": 2, ""competence-electronique-systemes"": 1, ""competence-multimedia-telecommunications"": 2, ""competence-statistiques-informatique"": 4}",finance,projet_associatif,salariat,teletravail,parcours-isaia
cand-000745,matiere_synthetique_11;matiere_synthetique_5;matiere_synthetique_19,10.0,"{""competence-techniques-informatiques-gestion"": 3, ""competence-electronique-systemes"": 5, ""competence-multimedia-telecommunications"": 3, ""competence-statistiques-informatique"": 2}",informatique,,fonction_publique,bureau,parcours-esiia
cand-000455,matiere_synthetique_12;matiere_synthetique_9,17.38,"{""competence-techniques-informatiques-gestion"": 1, ""competence-electronique-systemes"": 1, ""competence-multimedia-telecommunications"": 1, ""competence-statistiques-informatique"": 1}",agriculture,,recherche,bureau,parcours-igglia
cand-000792,matiere_synthetique_7,16.52,"{""competence-techniques-informatiques-gestion"": 2, ""competence-electronique-systemes"": 5, ""competence-multimedia-telecommunications"": 2, ""competence-statistiques-informatique"": 3}",agriculture,,enseignement,hybride,parcours-esiia
cand-000638,matiere_synthetique_4,9.54,"{""competence-techniques-informatiques-gestion"": 4, ""competence-electronique-systemes"": 2, ""competence-multimedia-telecommunications"": 4, ""competence-statistiques-informatique"": 4}",finance,,recherche,hybride,parcours-igglia
cand-000447,matiere_synthetique_10;matiere_synthetique_10;matiere_synthetique_11,15.33,"{""competence-techniques-informatiques-gestion"": 2, ""competence-electronique-systemes"": 5, ""competence-multimedia-telecommunications"": 5, ""competence-statistiques-informatique"": 1}",informatique;sante,,salariat,terrain,parcours-esiia
cand-000912,matiere_synthetique_6;matiere_synthetique_3,11.42,"{""competence-techniques-informatiques-gestion"": 3, ""competence-electronique-systemes"": 1, ""competence-multimedia-telecommunications"": 1, ""competence-statistiques-informatique"": 2}",ecologie;informatique;design,,recherche,teletravail,parcours-igglia
cand-000725,matiere_synthetique_6;matiere_synthetique_11;matiere_synthetique_7,12.11,"{""competence-techniques-informatiques-gestion"": 5, ""competence-electronique-systemes"": 5, ""competence-multimedia-telecommunications"": 4, ""competence-statistiques-informatique"": 2}",finance,projet_personnel_tech,entrepreneuriat,teletravail,parcours-igglia
cand-000996,matiere_synthetique_3;matiere_synthetique_4;matiere_synthetique_7,12.08,"{""competence-techniques-informatiques-gestion"": 0, ""competence-electronique-systemes"": 3, ""competence-multimedia-telecommunications"": 2, ""competence-statistiques-informatique"": 5}",robotique;finance;informatique,projet_personnel_tech;projet_associatif,enseignement,hybride,parcours-isaia
cand-000787,matiere_synthetique_15;matiere_synthetique_17,13.04,"{""competence-techniques-informatiques-gestion"": 3, ""competence-electronique-systemes"": 5, ""competence-multimedia-telecommunications"": 2, ""competence-statistiques-informatique"": 5}",robotique,projet_associatif,fonction_publique,hybride,parcours-esiia
cand-000155,matiere_synthetique_20,15.69,"{""competence-techniques-informatiques-gestion"": 1, ""competence-electronique-systemes"": 3, ""competence-multimedia-telecommunications"": 1, ""competence-statistiques-informatique"": 5}",management,,enseignement,terrain,parcours-isaia
cand-000715,matiere_synthetique_12;matiere_synthetique_20,18.79,"{""competence-techniques-informatiques-gestion"": 5, ""competence-electronique-systemes"": 1, ""competence-multimedia-telecommunications"": 3, ""competence-statistiques-informatique"": 3}",management;ecologie;robotique,,entrepreneuriat,hybride,parcours-igglia
cand-000931,matiere_synthetique_4,14.0,"{""competence-techniques-informatiques-gestion"": 5, ""competence-electronique-systemes"": 3, ""competence-multimedia-telecommunications"": 3, ""competence-statistiques-informatique"": 5}",tourisme;robotique,,fonction_publique,bureau,parcours-igglia
cand-000116,matiere_synthetique_9;matiere_synthetique_19;matiere_synthetique_19,12.05,"{""competence-techniques-informatiques-gestion"": 4, ""competence-electronique-systemes"": 3, ""competence-multimedia-telecommunications"": 3, ""competence-statistiques-informatique"": 1}",agriculture;robotique;design,projet_personnel_tech,enseignement,hybride,parcours-igglia
cand-000339,matiere_synthetique_20,13.25,"{""competence-techniques-informatiques-gestion"": 5, ""competence-electronique-systemes"": 5, ""competence-multimedia-telecommunications"": 4, ""competence-statistiques-informatique"": 0}",agriculture,projet_personnel_tech,salariat,teletravail,parcours-igglia
cand-000789,matiere_synthetique_14,7.94,"{""competence-techniques-informatiques-gestion"": 1, ""competence-electronique-systemes"": 5, ""competence-multimedia-telecommunications"": 5, ""competence-statistiques-informatique"": 4}",informatique,,enseignement,terrain,parcours-esiia
cand-000224,matiere_synthetique_11;matiere_synthetique_19,16.59,"{""competence-techniques-informatiques-gestion"": 3, ""competence-electronique-systemes"": 3, ""competence-multimedia-telecommunications"": 4, ""competence-statistiques-informatique"": 3}",design,,enseignement,bureau,parcours-imticia
cand-000783,matiere_synthetique_15,6.63,"{""competence-techniques-informatiques-gestion"": 5, ""competence-electronique-systemes"": 2, ""competence-multimedia-telecommunications"": 1, ""competence-statistiques-informatique"": 3}",ecologie;tourisme,projet_personnel_tech;projet_associatif,recherche,bureau,parcours-igglia
cand-000744,matiere_synthetique_11,12.32,"{""competence-techniques-informatiques-gestion"": 5, ""competence-electronique-systemes"": 2, ""competence-multimedia-telecommunications"": 3, ""competence-statistiques-informatique"": 2}",sante;management;finance,,enseignement,teletravail,parcours-igglia
cand-000774,matiere_synthetique_13;matiere_synthetique_12;matiere_synthetique_14,11.02,"{""competence-techniques-informatiques-gestion"": 2, ""competence-electronique-systemes"": 2, ""competence-multimedia-telecommunications"": 1, ""competence-statistiques-informatique"": 3}",finance,projet_associatif,salariat,hybride,parcours-isaia
cand-000712,matiere_synthetique_19,14.81,"{""competence-techniques-informatiques-gestion"": 5, ""competence-electronique-systemes"": 3, ""competence-multimedia-telecommunications"": 1, ""competence-statistiques-informatique"": 3}",finance;tourisme;ecologie,,entrepreneuriat,terrain,parcours-igglia
cand-000071,matiere_synthetique_20;matiere_synthetique_8;matiere_synthetique_2,12.12,"{""competence-techniques-informatiques-gestion"": 4, ""competence-electronique-systemes"": 5, ""competence-multimedia-telecommunications"": 4, ""competence-statistiques-informatique"": 3}",sante;tourisme,,enseignement,bureau,parcours-esiia
cand-000785,matiere_synthetique_6;matiere_synthetique_20;matiere_synthetique_4,11.4,"{""competence-techniques-informatiques-gestion"": 4, ""competence-electronique-systemes"": 2, ""competence-multimedia-telecommunications"": 1, ""competence-statistiques-informatique"": 2}",robotique;tourisme,,entrepreneuriat,bureau,parcours-igglia
cand-000711,matiere_synthetique_3;matiere_synthetique_7,14.85,"{""competence-techniques-informatiques-gestion"": 4, ""competence-electronique-systemes"": 3, ""competence-multimedia-telecommunications"": 1, ""competence-statistiques-informatique"": 4}",management,projet_personnel_tech,enseignement,terrain,parcours-igglia
cand-000006,matiere_synthetique_14;matiere_synthetique_5;matiere_synthetique_15,18.54,"{""competence-techniques-informatiques-gestion"": 1, ""competence-electronique-systemes"": 2, ""competence-multimedia-telecommunications"": 1, ""competence-statistiques-informatique"": 5}",agriculture;ecologie,projet_personnel_tech,fonction_publique,hybride,parcours-isaia
cand-000646,matiere_synthetique_10;matiere_synthetique_11,10.64,"{""competence-techniques-informatiques-gestion"": 1, ""competence-electronique-systemes"": 5, ""competence-multimedia-telecommunications"": 4, ""competence-statistiques-informatique"": 5}",informatique,projet_associatif,entrepreneuriat,teletravail,parcours-esiia
cand-000820,matiere_synthetique_3,11.57,"{""competence-techniques-informatiques-gestion"": 0, ""competence-electronique-systemes"": 4, ""competence-multimedia-telecommunications"": 5, ""competence-statistiques-informatique"": 3}",finance,,recherche,bureau,parcours-imticia
cand-000793,matiere_synthetique_12;matiere_synthetique_2,17.82,"{""competence-techniques-informatiques-gestion"": 1, ""competence-electronique-systemes"": 5, ""competence-multimedia-telecommunications"": 1, ""competence-statistiques-informatique"": 1}",management,,salariat,teletravail,parcours-esiia
cand-000052,matiere_synthetique_17,10.76,"{""competence-techniques-informatiques-gestion"": 4, ""competence-electronique-systemes"": 2, ""competence-multimedia-telecommunications"": 4, ""competence-statistiques-informatique"": 1}",tourisme;informatique;design,,recherche,hybride,parcours-igglia
cand-000621,matiere_synthetique_18;matiere_synthetique_14;matiere_synthetique_15,7.12,"{""competence-techniques-informatiques-gestion"": 4, ""competence-electronique-systemes"": 4, ""competence-multimedia-telecommunications"": 2, ""competence-statistiques-informatique"": 3}",informatique;tourisme,,recherche,teletravail,parcours-igglia
cand-000169,matiere_synthetique_15;matiere_synthetique_13,17.63,"{""competence-techniques-informatiques-gestion"": 0, ""competence-electronique-systemes"": 5, ""competence-multimedia-telecommunications"": 1, ""competence-statistiques-informatique"": 5}",sante,projet_personnel_tech,fonction_publique,hybride,parcours-esiia
cand-000267,matiere_synthetique_19;matiere_synthetique_5,12.36,"{""competence-techniques-informatiques-gestion"": 5, ""competence-electronique-systemes"": 3, ""competence-multimedia-telecommunications"": 1, ""competence-statistiques-informatique"": 3}",finance;design,,salariat,teletravail,parcours-igglia
cand-000271,matiere_synthetique_5,11.36,"{""competence-techniques-informatiques-gestion"": 1, ""competence-electronique-systemes"": 5, ""competence-multimedia-telecommunications"": 5, ""competence-statistiques-informatique"": 2}",agriculture;tourisme,projet_personnel_tech,recherche,terrain,parcours-esiia
cand-000714,matiere_synthetique_17;matiere_synthetique_4;matiere_synthetique_16,16.64,"{""competence-techniques-informatiques-gestion"": 4, ""competence-electronique-systemes"": 5, ""competence-multimedia-telecommunications"": 5, ""competence-statistiques-informatique"": 1}",design;agriculture,,entrepreneuriat,hybride,parcours-esiia
cand-000190,matiere_synthetique_6;matiere_synthetique_7;matiere_synthetique_1,11.77,"{""competence-techniques-informatiques-gestion"": 2, ""competence-electronique-systemes"": 2, ""competence-multimedia-telecommunications"": 3, ""competence-statistiques-informatique"": 1}",management,,enseignement,terrain,parcours-imticia
cand-000300,matiere_synthetique_10;matiere_synthetique_4,12.0,"{""competence-techniques-informatiques-gestion"": 0, ""competence-electronique-systemes"": 5, ""competence-multimedia-telecommunications"": 1, ""competence-statistiques-informatique"": 3}",management,,salariat,teletravail,parcours-esiia
cand-000159,matiere_synthetique_19,9.19,"{""competence-techniques-informatiques-gestion"": 4, ""competence-electronique-systemes"": 1, ""competence-multimedia-telecommunications"": 0, ""competence-statistiques-informatique"": 4}",tourisme;ecologie;informatique,,enseignement,hybride,parcours-igglia
cand-000484,matiere_synthetique_12;matiere_synthetique_9,14.1,"{""competence-techniques-informatiques-gestion"": 3, ""competence-electronique-systemes"": 2, ""competence-multimedia-telecommunications"": 3, ""competence-statistiques-informatique"": 4}",tourisme;agriculture;ecologie,projet_personnel_tech,enseignement,bureau,parcours-isaia
cand-000614,matiere_synthetique_19;matiere_synthetique_10,13.19,"{""competence-techniques-informatiques-gestion"": 5, ""competence-electronique-systemes"": 3, ""competence-multimedia-telecommunications"": 2, ""competence-statistiques-informatique"": 5}",tourisme;sante,projet_associatif,enseignement,teletravail,parcours-igglia
cand-000019,matiere_synthetique_15;matiere_synthetique_15,11.71,"{""competence-techniques-informatiques-gestion"": 3, ""competence-electronique-systemes"": 4, ""competence-multimedia-telecommunications"": 1, ""competence-statistiques-informatique"": 5}",design;informatique;agriculture,projet_personnel_tech,fonction_publique,teletravail,parcours-isaia
cand-000142,matiere_synthetique_15;matiere_synthetique_4,15.58,"{""competence-techniques-informatiques-gestion"": 5, ""competence-electronique-systemes"": 4, ""competence-multimedia-telecommunications"": 5, ""competence-statistiques-informatique"": 3}",informatique;tourisme,projet_personnel_tech,enseignement,teletravail,parcours-igglia
cand-000382,matiere_synthetique_4;matiere_synthetique_18;matiere_synthetique_6,10.0,"{""competence-techniques-informatiques-gestion"": 2, ""competence-electronique-systemes"": 0, ""competence-multimedia-telecommunications"": 4, ""competence-statistiques-informatique"": 5}",ecologie,projet_personnel_tech,enseignement,teletravail,parcours-isaia
cand-000494,matiere_synthetique_18;matiere_synthetique_11;matiere_synthetique_3,13.18,"{""competence-techniques-informatiques-gestion"": 5, ""competence-electronique-systemes"": 1, ""competence-multimedia-telecommunications"": 5, ""competence-statistiques-informatique"": 2}",sante,projet_personnel_tech;projet_associatif,recherche,terrain,parcours-igglia
cand-000619,matiere_synthetique_8;matiere_synthetique_7,15.5,"{""competence-techniques-informatiques-gestion"": 5, ""competence-electronique-systemes"": 5, ""competence-multimedia-telecommunications"": 3, ""competence-statistiques-informatique"": 1}",finance;design,projet_personnel_tech,salariat,terrain,parcours-igglia
cand-000160,matiere_synthetique_4;matiere_synthetique_12,6.77,"{""competence-techniques-informatiques-gestion"": 0, ""competence-electronique-systemes"": 4, ""competence-multimedia-telecommunications"": 2, ""competence-statistiques-informatique"": 5}",informatique;robotique;finance,projet_associatif,enseignement,teletravail,parcours-isaia
cand-000423,matiere_synthetique_13,14.73,"{""competence-techniques-informatiques-gestion"": 5, ""competence-electronique-systemes"": 4, ""competence-multimedia-telecommunications"": 3, ""competence-statistiques-informatique"": 5}",ecologie;tourisme,,fonction_publique,teletravail,parcours-igglia
cand-000765,matiere_synthetique_19;matiere_synthetique_13,19.07,"{""competence-techniques-informatiques-gestion"": 2, ""competence-electronique-systemes"": 4, ""competence-multimedia-telecommunications"": 1, ""competence-statistiques-informatique"": 2}",tourisme;informatique;finance,projet_associatif,recherche,teletravail,parcours-esiia
cand-000063,matiere_synthetique_20,13.98,"{""competence-techniques-informatiques-gestion"": 1, ""competence-electronique-systemes"": 1, ""competence-multimedia-telecommunications"": 5, ""competence-statistiques-informatique"": 1}",management,,enseignement,bureau,parcours-imticia
cand-000550,matiere_synthetique_19;matiere_synthetique_17,12.81,"{""competence-techniques-informatiques-gestion"": 4, ""competence-electronique-systemes"": 5, ""competence-multimedia-telecommunications"": 4, ""competence-statistiques-informatique"": 1}",ecologie;design,,enseignement,hybride,parcours-esiia
cand-000346,matiere_synthetique_3;matiere_synthetique_2,11.15,"{""competence-techniques-informatiques-gestion"": 4, ""competence-electronique-systemes"": 4, ""competence-multimedia-telecommunications"": 1, ""competence-statistiques-informatique"": 3}",tourisme;agriculture,,enseignement,terrain,parcours-igglia
cand-000452,matiere_synthetique_3;matiere_synthetique_18;matiere_synthetique_8,14.38,"{""competence-techniques-informatiques-gestion"": 3, ""competence-electronique-systemes"": 2, ""competence-multimedia-telecommunications"": 5, ""competence-statistiques-informatique"": 1}",tourisme;ecologie,,fonction_publique,hybride,parcours-imticia
cand-000362,matiere_synthetique_2;matiere_synthetique_8,12.88,"{""competence-techniques-informatiques-gestion"": 3, ""competence-electronique-systemes"": 4, ""competence-multimedia-telecommunications"": 2, ""competence-statistiques-informatique"": 2}",ecologie;finance;management,,recherche,bureau,parcours-esiia
cand-000225,matiere_synthetique_18;matiere_synthetique_8;matiere_synthetique_19,15.71,"{""competence-techniques-informatiques-gestion"": 5, ""competence-electronique-systemes"": 2, ""competence-multimedia-telecommunications"": 4, ""competence-statistiques-informatique"": 5}",agriculture;tourisme;design,,entrepreneuriat,terrain,parcours-igglia
cand-000717,matiere_synthetique_5;matiere_synthetique_18,16.34,"{""competence-techniques-informatiques-gestion"": 4, ""competence-electronique-systemes"": 2, ""competence-multimedia-telecommunications"": 4, ""competence-statistiques-informatique"": 3}",finance;robotique;management,projet_personnel_tech,entrepreneuriat,hybride,parcours-igglia
cand-000720,matiere_synthetique_16,14.67,"{""competence-techniques-informatiques-gestion"": 2, ""competence-electronique-systemes"": 3, ""competence-multimedia-telecommunications"": 1, ""competence-statistiques-informatique"": 2}",tourisme;informatique;ecologie,projet_associatif,salariat,bureau,parcours-esiia
cand-000358,matiere_synthetique_9;matiere_synthetique_20,14.25,"{""competence-techniques-informatiques-gestion"": 3, ""competence-electronique-systemes"": 5, ""competence-multimedia-telecommunications"": 2, ""competence-statistiques-informatique"": 1}",agriculture;ecologie,projet_personnel_tech,enseignement,hybride,parcours-esiia
cand-000710,matiere_synthetique_16;matiere_synthetique_11;matiere_synthetique_15,13.09,"{""competence-techniques-informatiques-gestion"": 4, ""competence-electronique-systemes"": 1, ""competence-multimedia-telecommunications"": 0, ""competence-statistiques-informatique"": 3}",informatique;management;agriculture,projet_personnel_tech,enseignement,hybride,parcours-igglia
cand-000752,matiere_synthetique_10;matiere_synthetique_4,9.16,"{""competence-techniques-informatiques-gestion"": 3, ""competence-electronique-systemes"": 3, ""competence-multimedia-telecommunications"": 5, ""competence-statistiques-informatique"": 3}",informatique;design;agriculture,projet_personnel_tech,fonction_publique,terrain,parcours-imticia
cand-000519,matiere_synthetique_8;matiere_synthetique_10,13.98,"{""competence-techniques-informatiques-gestion"": 1, ""competence-electronique-systemes"": 1, ""competence-multimedia-telecommunications"": 2, ""competence-statistiques-informatique"": 5}",finance,projet_personnel_tech,fonction_publique,bureau,parcours-isaia
cand-000391,matiere_synthetique_12;matiere_synthetique_8,16.25,"{""competence-techniques-informatiques-gestion"": 2, ""competence-electronique-systemes"": 5, ""competence-multimedia-telecommunications"": 3, ""competence-statistiques-informatique"": 3}",tourisme;management;ecologie,,fonction_publique,terrain,parcours-esiia
cand-000630,matiere_synthetique_15,14.17,"{""competence-techniques-informatiques-gestion"": 1, ""competence-electronique-systemes"": 3, ""competence-multimedia-telecommunications"": 5, ""competence-statistiques-informatique"": 2}",tourisme;finance;ecologie,,fonction_publique,terrain,parcours-imticia
cand-000811,matiere_synthetique_2;matiere_synthetique_15;matiere_synthetique_11,14.28,"{""competence-techniques-informatiques-gestion"": 3, ""competence-electronique-systemes"": 5, ""competence-multimedia-telecommunications"": 1, ""competence-statistiques-informatique"": 3}",ecologie;finance,projet_personnel_tech,fonction_publique,hybride,parcours-esiia
cand-000027,matiere_synthetique_9,13.77,"{""competence-techniques-informatiques-gestion"": 3, ""competence-electronique-systemes"": 4, ""competence-multimedia-telecommunications"": 5, ""competence-statistiques-informatique"": 5}",agriculture;informatique,projet_personnel_tech,entrepreneuriat,teletravail,parcours-imticia
cand-000122,matiere_synthetique_10,12.76,"{""competence-techniques-informatiques-gestion"": 2, ""competence-electronique-systemes"": 2, ""competence-multimedia-telecommunications"": 5, ""competence-statistiques-informatique"": 5}",sante,projet_associatif,fonction_publique,terrain,parcours-imticia
cand-000411,matiere_synthetique_3;matiere_synthetique_6;matiere_synthetique_18,7.11,"{""competence-techniques-informatiques-gestion"": 5, ""competence-electronique-systemes"": 5, ""competence-multimedia-telecommunications"": 3, ""competence-statistiques-informatique"": 4}",ecologie;sante,,salariat,hybride,parcours-igglia
cand-000416,matiere_synthetique_14;matiere_synthetique_4;matiere_synthetique_7,17.73,"{""competence-techniques-informatiques-gestion"": 3, ""competence-electronique-systemes"": 4, ""competence-multimedia-telecommunications"": 5, ""competence-statistiques-informatique"": 2}",ecologie;sante;informatique,,recherche,bureau,parcours-imticia
cand-000505,matiere_synthetique_5;matiere_synthetique_18,15.62,"{""competence-techniques-informatiques-gestion"": 4, ""competence-electronique-systemes"": 3, ""competence-multimedia-telecommunications"": 2, ""competence-statistiques-informatique"": 2}",design,,enseignement,hybride,parcours-igglia
cand-000620,matiere_synthetique_13,8.64,"{""competence-techniques-informatiques-gestion"": 5, ""competence-electronique-systemes"": 3, ""competence-multimedia-telecommunications"": 5, ""competence-statistiques-informatique"": 5}",finance;agriculture,projet_personnel_tech,salariat,hybride,parcours-igglia
cand-000025,matiere_synthetique_19;matiere_synthetique_13,10.08,"{""competence-techniques-informatiques-gestion"": 2, ""competence-electronique-systemes"": 3, ""competence-multimedia-telecommunications"": 5, ""competence-statistiques-informatique"": 4}",ecologie;tourisme,projet_personnel_tech,fonction_publique,bureau,parcours-imticia
cand-000772,matiere_synthetique_1,13.47,"{""competence-techniques-informatiques-gestion"": 4, ""competence-electronique-systemes"": 2, ""competence-multimedia-telecommunications"": 5, ""competence-statistiques-informatique"": 4}",management,projet_personnel_tech,recherche,terrain,parcours-imticia
cand-000795,matiere_synthetique_13;matiere_synthetique_12,16.37,"{""competence-techniques-informatiques-gestion"": 5, ""competence-electronique-systemes"": 5, ""competence-multimedia-telecommunications"": 5, ""competence-statistiques-informatique"": 5}",tourisme;informatique,projet_personnel_tech,entrepreneuriat,hybride,parcours-igglia
cand-000451,matiere_synthetique_1;matiere_synthetique_1;matiere_synthetique_3,15.85,"{""competence-techniques-informatiques-gestion"": 2, ""competence-electronique-systemes"": 1, ""competence-multimedia-telecommunications"": 2, ""competence-statistiques-informatique"": 2}",informatique;robotique,projet_personnel_tech,fonction_publique,terrain,parcours-igglia
cand-000443,matiere_synthetique_11;matiere_synthetique_6,11.12,"{""competence-techniques-informatiques-gestion"": 1, ""competence-electronique-systemes"": 3, ""competence-multimedia-telecommunications"": 5, ""competence-statistiques-informatique"": 0}",sante;robotique;design,projet_personnel_tech,enseignement,terrain,parcours-imticia
cand-000645,matiere_synthetique_16;matiere_synthetique_2;matiere_synthetique_7,18.64,"{""competence-techniques-informatiques-gestion"": 4, ""competence-electronique-systemes"": 4, ""competence-multimedia-telecommunications"": 2, ""competence-statistiques-informatique"": 5}",robotique,,fonction_publique,bureau,parcours-isaia
