id_candidat,matieres_preferees,moyenne_scolaire,competences,centres_interet,projets,preferences_professionnelles,environnement_travail,parcours_cible
cand-000275,matiere_synthetique_11;matiere_synthetique_1;matiere_synthetique_5,19.22,"{""competence-techniques-informatiques-gestion"": 5, ""competence-electronique-systemes"": 3, ""competence-multimedia-telecommunications"": 4, ""competence-statistiques-informatique"": 1}",ecologie;finance,,entrepreneuriat,terrain,parcours-fic
cand-001494,matiere_synthetique_6;matiere_synthetique_9,14.49,"{""competence-techniques-informatiques-gestion"": 1, ""competence-electronique-systemes"": 5, ""competence-multimedia-telecommunications"": 4, ""competence-statistiques-informatique"": 2}",management;sante;finance,projet_personnel_tech,recherche,hybride,parcours-emii
cand-001315,matiere_synthetique_16;matiere_synthetique_7,14.72,"{""competence-techniques-informatiques-gestion"": 0, ""competence-electronique-systemes"": 2, ""competence-multimedia-telecommunications"": 5, ""competence-statistiques-informatique"": 3}",design,,enseignement,hybride,parcours-gca
cand-001418,matiere_synthetique_4,14.42,"{""competence-techniques-informatiques-gestion"": 5, ""competence-electronique-systemes"": 5, ""competence-multimedia-telecommunications"": 2, ""competence-statistiques-informatique"": 4}",informatique;finance;management,projet_associatif,recherche,hybride,parcours-imticia
cand-001327,matiere_synthetique_19;matiere_synthetique_5;matiere_synthetique_11,11.46,"{""competence-techniques-informatiques-gestion"": 2, ""competence-electronique-systemes"": 5, ""competence-multimedia-telecommunications"": 4, ""competence-statistiques-informatique"": 5}",robotique;sante,,enseignement,hybride,parcours-emii
cand-001717,matiere_synthetique_1;matiere_synthetique_6;matiere_synthetique_8,11.01,"{""competence-techniques-informatiques-gestion"": 5, ""competence-electronique-systemes"": 5, ""competence-multimedia-telecommunications"": 2, ""competence-statistiques-informatique"": 5}",management,,fonction_publique,bureau,parcours-dtja
cand-000554,matiere_synthetique_19,17.19,"{""competence-techniques-informatiques-gestion"": 4, ""competence-electronique-systemes"": 4, ""competence-multimedia-telecommunications"": 5, ""competence-statistiques-informatique"": 5}",ecologie,,salariat,hybride,parcours-fic
cand-000447,matiere_synthetique_18,9.11,"{""competence-techniques-informatiques-gestion"": 1, ""competence-electronique-systemes"": 4, ""competence-multimedia-telecommunications"": 4, ""competence-statistiques-informatique"": 3}",management;design;informatique,,enseignement,teletravail,parcours-imticia
cand-001638,matiere_synthetique_16;matiere_synthetique_2;matiere_synthetique_11,13.96,"{""competence-techniques-informatiques-gestion"": 5, ""competence-electronique-systemes"": 4, ""competence-multimedia-telecommunications"": 5, ""competence-statistiques-informatique"": 5}",finance;informatique;agriculture,,recherche,hybride,parcours-emii
cand-001398,matiere_synthetique_5;matiere_synthetique_19,9.32,"{""competence-techniques-informatiques-gestion"": 5, ""competence-electronique-systemes"": 0, ""competence-multimedia-telecommunications"": 5, ""competence-statistiques-informatique"": 3}",design;agriculture,projet_personnel_tech;projet_associatif,fonction_publique,bureau,parcours-aee
cand-000696,matiere_synthetique_10,10.71,"{""competence-techniques-informatiques-gestion"": 5, ""competence-electronique-systemes"": 1, ""competence-multimedia-telecommunications"": 3, ""competence-statistiques-informatique"": 1}",finance,,enseignement,hybride,parcours-tee
cand-001900,matiere_synthetique_12,14.29,"{""competence-techniques-informatiques-gestion"": 3, ""competence-electronique-systemes"": 1, ""competence-multimedia-telecommunications"": 0, ""competence-statistiques-informatique"": 1}",robotique,projet_personnel_tech,recherche,hybride,parcours-caa
cand-001703,matiere_synthetique_1;matiere_synthetique_18;matiere_synthetique_15,9.4,"{""competence-techniques-informatiques-gestion"": 1, ""competence-electronique-systemes"": 5, ""competence-multimedia-telecommunications"": 1, ""competence-statistiques-informatique"": 5}",sante;robotique;agriculture,projet_personnel_tech;projet_associatif,recherche,bureau,parcours-emp
cand-000629,matiere_synthetique_5;matiere_synthetique_4;matiere_synthetique_12,14.6,"{""competence-techniques-informatiques-gestion"": 4, ""competence-electronique-systemes"": 3, ""competence-multimedia-telecommunications"": 4, ""competence-statistiques-informatique"": 2}",sante,,enseignement,hybride,parcours-tee
cand-000200,matiere_synthetique_9;matiere_synthetique_6,10.6,"{""competence-techniques-informatiques-gestion"": 0, ""competence-electronique-systemes"": 4, ""competence-multimedia-telecommunications"": 5, ""competence-statistiques-informatique"": 2}",tourisme,,recherche,terrain,parcours-teh
cand-001825,matiere_synthetique_16;matiere_synthetique_14,16.14,"{""competence-techniques-informatiques-gestion"": 2, ""competence-electronique-systemes"": 1, ""competence-multimedia-telecommunications"": 5, ""competence-statistiques-informatique"": 5}",finance,projet_personnel_tech,enseignement,hybride,parcours-imticia
cand-000862,matiere_synthetique_6;matiere_synthetique_7,19.41,"{""competence-techniques-informatiques-gestion"": 5, ""competence-electronique-systemes"": 1, ""competence-multimedia-telecommunications"": 3, ""competence-statistiques-informatique"": 3}",finance;sante;informatique,,salariat,terrain,parcours-fic
cand-000348,matiere_synthetique_19;matiere_synthetique_13;matiere_synthetique_2,8.24,"{""competence-techniques-informatiques-gestion"": 3, ""competence-electronique-systemes"": 2, ""competence-multimedia-telecommunications"": 5, ""competence-statistiques-informatique"": 4}",ecologie,,fonction_publique,bureau,parcours-aee
cand-000044,matiere_synthetique_18,12.01,"{""competence-techniques-informatiques-gestion"": 4, ""competence-electronique-systemes"": 4, ""competence-multimedia-telecommunications"": 4, ""competence-statistiques-informatique"": 1}",agriculture;design;ecologie,,entrepreneuriat,bureau,parcours-pip
cand-000549,matiere_synthetique_16;matiere_synthetique_11,17.13,"{""competence-techniques-informatiques-gestion"": 3, ""competence-electronique-systemes"": 1, ""competence-multimedia-telecommunications"": 4, ""competence-statistiques-informatique"": 1}",ecologie,projet_personnel_tech,salariat,terrain,parcours-emii
cand-001666,matiere_synthetique_8;matiere_synthetique_20,11.93,"{""competence-techniques-informatiques-gestion"": 4, ""competence-electronique-systemes"": 0, ""competence-multimedia-telecommunications"": 5, ""competence-statistiques-informatique"": 3}",tourisme,projet_personnel_tech,entrepreneuriat,terrain,parcours-igglia
cand-001843,matiere_synthetique_17,15.37,"{""competence-techniques-informatiques-gestion"": 4, ""competence-electronique-systemes"": 0, ""competence-multimedia-telecommunications"": 3, ""competence-statistiques-informatique"": 0}",finance,projet_personnel_tech,enseignement,terrain,parcours-caa
cand-001511,matiere_synthetique_14;matiere_synthetique_12,16.39,"{""competence-techniques-informatiques-gestion"": 4, ""competence-electronique-systemes"": 4, ""competence-multimedia-telecommunications"": 5, ""competence-statistiques-informatique"": 2}",ecologie;finance,,fonction_publique,terrain,parcours-tee
cand-001282,matiere_synthetique_4;matiere_synthetique_17;matiere_synthetique_18,14.24,"{""competence-techniques-informatiques-gestion"": 0, ""competence-electronique-systemes"": 5, ""competence-multimedia-telecommunications"": 2, ""competence-statistiques-informatique"": 4}",finance;ecologie;design,,salariat,bureau,parcours-esiia
cand-001220,matiere_synthetique_15;matiere_synthetique_12,16.55,"{""competence-techniques-informatiques-gestion"": 5, ""competence-electronique-systemes"": 3, ""competence-multimedia-telecommunications"": 2, ""competence-statistiques-informatique"": 4}",ecologie,projet_personnel_tech,salariat,teletravail,parcours-pip
cand-001633,matiere_synthetique_10,12.64,"{""competence-techniques-informatiques-gestion"": 5, ""competence-electronique-systemes"": 5, ""competence-multimedia-telecommunications"": 2, ""competence-statistiques-informatique"": 2}",ecologie;management,,salariat,hybride,parcours-igglia
cand-000871,matiere_synthetique_7,13.76,"{""competence-techniques-informatiques-gestion"": 5, ""competence-electronique-systemes"": 1, ""competence-multimedia-telecommunications"": 5, ""competence-statistiques-informatique"": 5}",tourisme;informatique,,entrepreneuriat,terrain,parcours-icmp
cand-001258,matiere_synthetique_11;matiere_synthetique_1,9.77,"{""competence-techniques-informatiques-gestion"": 1, ""competence-electronique-systemes"": 0, ""competence-multimedia-telecommunications"": 2, ""competence-statistiques-informatique"": 5}",management,,recherche,bureau,parcours-dtja
cand-000419,matiere_synthetique_10,18.51,"{""competence-techniques-informatiques-gestion"": 3, ""competence-electronique-systemes"": 1, ""competence-multimedia-telecommunications"": 0, ""competence-statistiques-informatique"": 5}",management;informatique,projet_associatif,entrepreneuriat,bureau,parcours-emii
cand-001014,matiere_synthetique_19;matiere_synthetique_6,10.74,"{""competence-techniques-informatiques-gestion"": 2, ""competence-electronique-systemes"": 2, ""competence-multimedia-telecommunications"": 2, ""competence-statistiques-informatique"": 2}",sante;tourisme,,fonction_publique,terrain,parcours-fic
cand-000489,matiere_synthetique_15;matiere_synthetique_20;matiere_synthetique_19,9.86,"{""competence-techniques-informatiques-gestion"": 0, ""competence-electronique-systemes"": 5, ""competence-multimedia-telecommunications"": 1, ""competence-statistiques-informatique"": 1}",sante;agriculture;finance,,salariat,terrain,parcours-gca
cand-001723,matiere_synthetique_11,15.18,"{""competence-techniques-informatiques-gestion"": 5, ""competence-electronique-systemes"": 5, ""competence-multimedia-telecommunications"": 3, ""competence-statistiques-informatique"": 3}",tourisme,projet_personnel_tech,recherche,terrain,parcours-iaa
cand-001714,matiere_synthetique_19,19.07,"{""competence-techniques-informatiques-gestion"": 3, ""competence-electronique-systemes"": 1, ""competence-multimedia-telecommunications"": 5, ""competence-statistiques-informatique"": 5}",agriculture;design,projet_personnel_tech,salariat,terrain,parcours-aee
cand-000658,matiere_synthetique_3;matiere_synthetique_17,17.43,"{""competence-techniques-informatiques-gestion"": 2, ""competence-electronique-systemes"": 2, ""competence-multimedia-telecommunications"": 5, ""competence-statistiques-informatique"": 5}",tourisme;design,,entrepreneuriat,hybride,parcours-caa
cand-001193,matiere_synthetique_8,13.65,"{""competence-techniques-informatiques-gestion"": 2, ""competence-electronique-systemes"": 2, ""competence-multimedia-telecommunications"": 5, ""competence-statistiques-informatique"": 2}",robotique;design;management,projet_personnel_tech,recherche,hybride,parcours-iaa
cand-000381,matiere_synthetique_5,18.15,"{""competence-techniques-informatiques-gestion"": 5, ""competence-electronique-systemes"": 0, ""competence-multimedia-telecommunications"": 3, ""competence-statistiques-informatique"": 4}",design;informatique,,enseignement,teletravail,parcours-imticia
cand-000956,matiere_synthetique_9;matiere_synthetique_15;matiere_synthetique_12,16.05,"{""competence-techniques-informatiques-gestion"": 4, ""competence-electronique-systemes"": 4, ""competence-multimedia-telecommunications"": 5, ""competence-statistiques-informatique"": 5}",management;finance;ecologie,projet_personnel_tech,recherche,terrain,parcours-dtja
cand-001727,matiere_synthetique_3;matiere_synthetique_2;matiere_synthetique_18,10.43,"{""competence-techniques-informatiques-gestion"": 1, ""competence-electronique-systemes"": 4, ""competence-multimedia-telecommunications"": 1, ""competence-statistiques-informatique"": 5}",finance;management,,fonction_publique,hybride,parcours-igglia
cand-001747,matiere_synthetique_6;matiere_synthetique_3,10.04,"{""competence-techniques-informatiques-gestion"": 2, ""competence-electronique-systemes"": 5, ""competence-multimedia-telecommunications"": 4, ""competence-statistiques-informatique"": 3}",informatique,projet_associatif,recherche,terrain,parcours-fic
cand-001588,matiere_synthetique_7,6.85,"{""competence-techniques-informatiques-gestion"": 4, ""competence-electronique-systemes"": 4, ""competence-multimedia-telecommunications"": 1, ""competence-statistiques-informatique"": 5}",sante;ecologie,,salariat,terrain,parcours-tee
cand-001205,matiere_synthetique_6;matiere_synthetique_6,13.88,"{""competence-techniques-informatiques-gestion"": 4, ""competence-electronique-systemes"": 1, ""competence-multimedia-telecommunications"": 3, ""competence-statistiques-informatique"": 3}",robotique,,entrepreneuriat,hybride,parcours-tee
cand-000799,matiere_synthetique_16;matiere_synthetique_6,18.8,"{""competence-techniques-informatiques-gestion"": 2, ""competence-electronique-systemes"": 2, ""competence-multimedia-telecommunications"": 3, ""competence-statistiques-informatique"": 5}",finance;robotique;management,,recherche,hybride,parcours-esiia
cand-000488,matiere_synthetique_10;matiere_synthetique_20;matiere_synthetique_13,11.85,"{""competence-techniques-informatiques-gestion"": 1, ""competence-electronique-systemes"": 3, ""competence-multimedia-telecommunications"": 4, ""competence-statistiques-informatique"": 0}",agriculture;management;sante,projet_personnel_tech,recherche,terrain,parcours-aee
cand-000437,matiere_synthetique_5,10.79,"{""competence-techniques-informatiques-gestion"": 4, ""competence-electronique-systemes"": 2, ""competence-multimedia-telecommunications"": 0, ""competence-statistiques-informatique"": 5}",sante;agriculture;finance,,enseignement,terrain,parcours-esiia
cand-001867,matiere_synthetique_10;matiere_synthetique_17;matiere_synthetique_6,10.9,"{""competence-techniques-informatiques-gestion"": 5, ""competence-electronique-systemes"": 1, ""competence-multimedia-telecommunications"": 1, ""competence-statistiques-informatique"": 5}",tourisme;design;sante,projet_personnel_tech;projet_associatif,entrepreneuriat,hybride,parcours-icmp
cand-000315,matiere_synthetique_20;matiere_synthetique_14,16.25,"{""competence-techniques-informatiques-gestion"": 0, ""competence-electronique-systemes"": 2, ""competence-multimedia-telecommunications"": 5, ""competence-statistiques-informatique"": 5}",robotique,,recherche,hybride,parcours-tee
cand-001331,matiere_synthetique_17,16.06,"{""competence-techniques-informatiques-gestion"": 3, ""competence-electronique-systemes"": 0, ""competence-multimedia-telecommunications"": 2, ""competence-statistiques-informatique"": 5}",management;design;sante,,entrepreneuriat,hybride,parcours-dtja
cand-001024,matiere_synthetique_16;matiere_synthetique_13,12.15,"{""competence-techniques-informatiques-gestion"": 5, ""competence-electronique-systemes"": 4, ""competence-multimedia-telecommunications"": 5, ""competence-statistiques-informatique"": 1}",ecologie;management;sante,,enseignement,hybride,parcours-gca
cand-001637,matiere_synthetique_19;matiere_synthetique_17,12.53,"{""competence-techniques-informatiques-gestion"": 4, ""competence-electronique-systemes"": 1, ""competence-multimedia-telecommunications"": 4, ""competence-statistiques-informatique"": 3}",ecologie,projet_personnel_tech,fonction_publique,hybride,parcours-tee
cand-000482,matiere_synthetique_19;matiere_synthetique_3,14.38,"{""competence-techniques-informatiques-gestion"": 1, ""competence-electronique-systemes"": 3, ""competence-multimedia-telecommunications"": 4, ""competence-statistiques-informatique"": 3}",informatique;management;design,projet_personnel_tech,enseignement,hybride,parcours-teh
cand-000774,matiere_synthetique_13;matiere_synthetique_11,14.11,"{""competence-techniques-informatiques-gestion"": 3, ""competence-electronique-systemes"": 2, ""competence-multimedia-telecommunications"": 3, ""competence-statistiques-informatique"": 4}",finance;robotique;informatique,,fonction_publique,terrain,parcours-tee
cand-001343,matiere_synthetique_2,17.83,"{""competence-techniques-informatiques-gestion"": 3, ""competence-electronique-systemes"": 1, ""competence-multimedia-telecommunications"": 5, ""competence-statistiques-informatique"": 5}",ecologie;sante;agriculture,projet_personnel_tech,entrepreneuriat,teletravail,parcours-tee
cand-000162,matiere_synthetique_13;matiere_synthetique_16;matiere_synthetique_9,9.61,"{""competence-techniques-informatiques-gestion"": 5, ""competence-electronique-systemes"": 3, ""competence-multimedia-telecommunications"": 5, ""competence-statistiques-informatique"": 1}",robotique,,enseignement,teletravail,parcours-icmp
cand-001586,matiere_synthetique_8;matiere_synthetique_16,15.92,"{""competence-techniques-informatiques-gestion"": 0, ""competence-electronique-systemes"": 5, ""competence-multimedia-telecommunications"": 0, ""competence-statistiques-informatique"": 2}",robotique,projet_personnel_tech,entrepreneuriat,bureau,parcours-pip
cand-001516,matiere_synthetique_3;matiere_synthetique_18;matiere_synthetique_8,10.04,"{""competence-techniques-informatiques-gestion"": 2, ""competence-electronique-systemes"": 1, ""competence-multimedia-telecommunications"": 4, ""competence-statistiques-informatique"": 4}",ecologie,,recherche,teletravail,parcours-aee
cand-001124,matiere_synthetique_19,13.26,"{""competence-techniques-informatiques-gestion"": 2, ""competence-electronique-systemes"": 1, ""competence-multimedia-telecommunications"": 5, ""competence-statistiques-informatique"": 5}",design,projet_personnel_tech,enseignement,bureau,parcours-teh
cand-000000,matiere_synthetique_4;matiere_synthetique_1;matiere_synthetique_9,10.9,"{""competence-techniques-informatiques-gestion"": 5, ""competence-electronique-systemes"": 4, ""competence-multimedia-telecommunications"": 0, ""competence-statistiques-informatique"": 2}",informatique;sante;agriculture,,salariat,hybride,parcours-caa
cand-001216,matiere_synthetique_20,13.66,"{""competence-techniques-informatiques-gestion"": 3, ""competence-electronique-systemes"": 2, ""competence-multimedia-telecommunications"": 1, ""competence-statistiques-informatique"": 3}",agriculture;finance;sante,,recherche,bureau,parcours-isaia
cand-001987,matiere_synthetique_3,15.93,"{""competence-techniques-informatiques-gestion"": 5, ""competence-electronique-systemes"": 1, ""competence-multimedia-telecommunications"": 2, ""competence-statistiques-informatique"": 0}",ecologie;finance;management,projet_personnel_tech,entrepreneuriat,hybride,parcours-dtja
cand-001873,matiere_synthetique_14,12.99,"{""competence-techniques-informatiques-gestion"": 5, ""competence-electronique-systemes"": 4, ""competence-multimedia-telecommunications"": 3, ""competence-statistiques-informatique"": 5}",agriculture,,enseignement,bureau,parcours-icmp
cand-000976,matiere_synthetique_11;matiere_synthetique_8;matiere_synthetique_11,13.36,"{""competence-techniques-informatiques-gestion"": 4, ""competence-electronique-systemes"": 2, ""competence-multimedia-telecommunications"": 2, ""competence-statistiques-informatique"": 5}",informatique,,salariat,bureau,parcours-teh
cand-000916,matiere_synthetique_4;matiere_synthetique_5,17.82,"{""competence-techniques-informatiques-gestion"": 2, ""competence-electronique-systemes"": 1, ""competence-multimedia-telecommunications"": 1, ""competence-statistiques-informatique"": 2}",tourisme;management,projet_personnel_tech,recherche,teletravail,parcours-tee
cand-000068,matiere_synthetique_9;matiere_synthetique_13,12.56,"{""competence-techniques-informatiques-gestion"": 5, ""competence-electronique-systemes"": 1, ""competence-multimedia-telecommunications"": 5, ""competence-statistiques-informatique"": 2}",tourisme;management,,enseignement,hybride,parcours-tee
cand-000828,matiere_synthetique_1;matiere_synthetique_20,16.98,"{""competence-techniques-informatiques-gestion"": 3, ""competence-electronique-systemes"": 3, ""competence-multimedia-telecommunications"": 1, ""competence-statistiques-informatique"": 5}",ecologie;finance,,entrepreneuriat,terrain,parcours-gca
cand-001550,matiere_synthetique_6;matiere_synthetique_10,12.5,"{""competence-techniques-informatiques-gestion"": 2, ""competence-electronique-systemes"": 5, ""competence-multimedia-telecommunications"": 5, ""competence-statistiques-informatique"": 2}",agriculture,,entrepreneuriat,bureau,parcours-gca
cand-001552,matiere_synthetique_8,10.01,"{""competence-techniques-informatiques-gestion"": 0, ""competence-electronique-systemes"": 4, ""competence-multimedia-telecommunications"": 1, ""competence-statistiques-informatique"": 1}",management;agriculture,projet_personnel_tech,recherche,terrain,parcours-isaia
cand-000070,matiere_synthetique_12;matiere_synthetique_16,8.69,"{""competence-techniques-informatiques-gestion"": 1, ""competence-electronique-systemes"": 5, ""competence-multimedia-telecommunications"": 3, ""competence-statistiques-informatique"": 2}",sante;ecologie;tourisme,projet_personnel_tech,enseignement,terrain,parcours-gca
cand-000351,matiere_synthetique_19;matiere_synthetique_5;matiere_synthetique_7,12.72,"{""competence-techniques-informatiques-gestion"": 2, ""competence-electronique-systemes"": 1, ""competence-multimedia-telecommunications"": 5, ""competence-statistiques-informatique"": 1}",agriculture;sante,,salariat,hybride,parcours-igglia
cand-001435,matiere_synthetique_19;matiere_synthetique_8,9.46,"{""competence-techniques-informatiques-gestion"": 4, ""competence-electronique-systemes"": 4, ""competence-multimedia-telecommunications"": 5, ""competence-statistiques-informatique"": 5}",agriculture;sante,,recherche,bureau,parcours-emii
cand-000591,matiere_synthetique_13;matiere_synthetique_18;matiere_synthetique_5,19.06,"{""competence-techniques-informatiques-gestion"": 3, ""competence-electronique-systemes"": 5, ""competence-multimedia-telecommunications"": 3, ""competence-statistiques-informatique"": 3}",agriculture,projet_personnel_tech,entrepreneuriat,hybride,parcours-isaia
cand-000802,matiere_synthetique_20;matiere_synthetique_14,16.3,"{""competence-techniques-informatiques-gestion"": 1, ""competence-electronique-systemes"": 5, ""competence-multimedia-telecommunications"": 1, ""competence-statistiques-informatique"": 5}",design,,recherche,hybride,parcours-emp
cand-000920,matiere_synthetique_20;matiere_synthetique_7,10.77,"{""competence-techniques-informatiques-gestion"": 3, ""competence-electronique-systemes"": 1, ""competence-multimedia-telecommunications"": 5, ""competence-statistiques-informatique"": 4}",ecologie,,entrepreneuriat,hybride,parcours-tee
cand-001593,matiere_synthetique_11;matiere_synthetique_1;matiere_synthetique_7,13.12,"{""competence-techniques-informatiques-gestion"": 2, ""competence-electronique-systemes"": 1, ""competence-multimedia-telecommunications"": 3, ""competence-statistiques-informatique"": 1}",finance,projet_associatif,fonction_publique,teletravail,parcours-aee
cand-001162,matiere_synthetique_14;matiere_synthetique_16;matiere_synthetique_2,16.24,"{""competence-techniques-informatiques-gestion"": 4, ""competence-electronique-systemes"": 5, ""competence-multimedia-telecommunications"": 5, ""competence-statistiques-informatique"": 3}",finance;informatique,projet_personnel_tech,entrepreneuriat,bureau,parcours-esiia
cand-001558,matiere_synthetique_7,18.32,"{""competence-techniques-informatiques-gestion"": 2, ""competence-electronique-systemes"": 4, ""competence-multimedia-telecommunications"": 2, ""competence-statistiques-informatique"": 5}",agriculture;informatique,,fonction_publique,bureau,parcours-iaa
cand-000396,matiere_synthetique_16;matiere_synthetique_8;matiere_synthetique_2,12.08,"{""competence-techniques-informatiques-gestion"": 5, ""competence-electronique-systemes"": 3, ""competence-multimedia-telecommunications"": 3, ""competence-statistiques-informatique"": 5}",ecologie;agriculture;finance,,fonction_publique,hybride,parcours-esiia
cand-000163,matiere_synthetique_14,8.81,"{""competence-techniques-informatiques-gestion"": 4, ""competence-electronique-systemes"": 3, ""competence-multimedia-telecommunications"": 1, ""competence-statistiques-informatique"": 0}",informatique,,salariat,bureau,parcours-caa
cand-001084,matiere_synthetique_7,14.64,"{""competence-techniques-informatiques-gestion"": 3, ""competence-electronique-systemes"": 0, ""competence-multimedia-telecommunications"": 5, ""competence-statistiques-informatique"": 1}",tourisme,projet_personnel_tech,enseignement,terrain,parcours-emp
cand-000343,matiere_synthetique_17,18.33,"{""competence-techniques-informatiques-gestion"": 5, ""competence-electronique-systemes"": 1, ""competence-multimedia-telecommunications"": 1, ""competence-statistiques-informatique"": 5}",management;tourisme;finance,,fonction_publique,bureau,parcours-igglia
cand-001264,matiere_synthetique_20,9.34,"{""competence-techniques-informatiques-gestion"": 3, ""competence-electronique-systemes"": 3, ""competence-multimedia-telecommunications"": 5, ""competence-statistiques-informatique"": 2}",informatique;agriculture;sante,projet_personnel_tech,fonction_publique,terrain,parcours-gca
cand-000005,matiere_synthetique_19;matiere_synthetique_16;matiere_synthetique_8,17.08,"{""competence-techniques-informatiques-gestion"": 5, ""competence-electronique-systemes"": 1, ""competence-multimedia-telecommunications"": 3, ""competence-statistiques-informatique"": 4}",informatique;management;robotique,,entrepreneuriat,terrain,parcours-emp
cand-000063,matiere_synthetique_20;matiere_synthetique_16;matiere_synthetique_16,10.09,"{""competence-techniques-informatiques-gestion"": 4, ""competence-electronique-systemes"": 0, ""competence-multimedia-telecommunications"": 3, ""competence-statistiques-informatique"": 3}",robotique,,salariat,bureau,parcours-teh
cand-000733,matiere_synthetique_7,10.56,"{""competence-techniques-informatiques-gestion"": 1, ""competence-electronique-systemes"": 5, ""competence-multimedia-telecommunications"": 5, ""competence-statistiques-informatique"": 1}",tourisme;robotique;ecologie,projet_personnel_tech,fonction_publique,hybride,parcours-isaia
cand-001244,matiere_synthetique_6;matiere_synthetique_8;matiere_synthetique_2,14.72,"{""competence-techniques-informatiques-gestion"": 3, ""competence-electronique-systemes"": 1, ""competence-multimedia-telecommunications"": 5, ""competence-statistiques-informatique"": 1}",robotique,projet_associatif,recherche,hybride,parcours-esiia
cand-000125,matiere_synthetique_8,17.24,"{""competence-techniques-informatiques-gestion"": 1, ""competence-electronique-systemes"": 1, ""competence-multimedia-telecommunications"": 4, ""competence-statistiques-informatique"": 1}",agriculture;robotique,,fonction_publique,teletravail,parcours-esiia
cand-000604,matiere_synthetique_1,16.89,"{""competence-techniques-informatiques-gestion"": 5, ""competence-electronique-systemes"": 5, ""competence-multimedia-telecommunications"": 0, ""competence-statistiques-informatique"": 5}",ecologie;design,projet_personnel_tech,entrepreneuriat,hybride,parcours-emp
cand-001849,matiere_synthetique_14,10.93,"{""competence-techniques-informatiques-gestion"": 1, ""competence-electronique-systemes"": 1, ""competence-multimedia-telecommunications"": 3, ""competence-statistiques-informatique"": 1}",agriculture;informatique;finance,,entrepreneuriat,hybride,parcours-icmp
cand-001314,matiere_synthetique_15;matiere_synthetique_19,7.71,"{""competence-techniques-informatiques-gestion"": 5, ""competence-electronique-systemes"": 4, ""competence-multimedia-telecommunications"": 1, ""competence-statistiques-informatique"": 2}",agriculture;management;robotique,projet_personnel_tech,enseignement,bureau,parcours-teh
cand-000968,matiere_synthetique_13;matiere_synthetique_17,12.91,"{""competence-techniques-informatiques-gestion"": 1, ""competence-electronique-systemes"": 5, ""competence-multimedia-telecommunications"": 5, ""competence-statistiques-informatique"": 3}",tourisme;agriculture;ecologie,,recherche,teletravail,parcours-pip
cand-000562,matiere_synthetique_1;matiere_synthetique_11;matiere_synthetique_8,8.7,"{""competence-techniques-informatiques-gestion"": 1, ""competence-electronique-systemes"": 3, ""competence-multimedia-telecommunications"": 4, ""competence-statistiques-informatique"": 3}",agriculture;robotique;tourisme,projet_personnel_tech,salariat,bureau,parcours-esiia
cand-001657,matiere_synthetique_3;matiere_synthetique_19,18.51,"{""competence-techniques-informatiques-gestion"": 1, ""competence-electronique-systemes"": 2, ""competence-multimedia-telecommunications"": 5, ""competence-statistiques-informatique"": 4}",agriculture,projet_associatif,recherche,hybride,parcours-isaia
cand-001979,matiere_synthetique_4;matiere_synthetique_9;matiere_synthetique_3,8.94,"{""competence-techniques-informatiques-gestion"": 5, ""competence-electronique-systemes"": 0, ""competence-multimedia-telecommunications"": 4, ""competence-statistiques-informatique"": 3}",tourisme,,entrepreneuriat,bureau,parcours-iaa
cand-001844,matiere_synthetique_11,8.23,"{""competence-techniques-informatiques-gestion"": 5, ""competence-electronique-systemes"": 3, ""competence-multimedia-telecommunications"": 4, ""competence-statistiques-informatique"": 5}",agriculture,,salariat,hybride,parcours-teh
cand-000646,matiere_synthetique_6;matiere_synthetique_9;matiere_synthetique_6,14.22,"{""competence-techniques-informatiques-gestion"": 5, ""competence-electronique-systemes"": 3, ""competence-multimedia-telecommunications"": 1, ""competence-statistiques-informatique"": 2}",management,projet_personnel_tech,entrepreneuriat,hybride,parcours-dtja
cand-001336,matiere_synthetique_9,10.66,"{""competence-techniques-informatiques-gestion"": 2, ""competence-electronique-systemes"": 5, ""competence-multimedia-telecommunications"": 2, ""competence-statistiques-informatique"": 3}",agriculture,projet_personnel_tech,enseignement,terrain,parcours-gca
cand-001760,matiere_synthetique_16;matiere_synthetique_9;matiere_synthetique_12,16.43,"{""competence-techniques-informatiques-gestion"": 1, ""competence-electronique-systemes"": 5, ""competence-multimedia-telecommunications"": 4, ""competence-statistiques-informatique"": 4}",ecologie;finance,,recherche,bureau,parcours-emii
cand-001590,matiere_synthetique_19;matiere_synthetique_17,11.75,"{""competence-techniques-informatiques-gestion"": 5, ""competence-electronique-systemes"": 5, ""competence-multimedia-telecommunications"": 2, ""competence-statistiques-informatique"": 3}",robotique,projet_personnel_tech,fonction_publique,bureau,parcours-imticia
cand-000669,matiere_synthetique_10;matiere_synthetique_13,16.96,"{""competence-techniques-informatiques-gestion"": 3, ""competence-electronique-systemes"": 4, ""competence-multimedia-telecommunications"": 5, ""competence-statistiques-informatique"": 4}",finance,,entrepreneuriat,teletravail,parcours-teh
cand-000330,matiere_synthetique_6;matiere_synthetique_15,9.87,"{""competence-techniques-informatiques-gestion"": 1, ""competence-electronique-systemes"": 2, ""competence-multimedia-telecommunications"": 2, ""competence-statistiques-informatique"": 3}",finance,projet_personnel_tech;projet_associatif,fonction_publique,hybride,parcours-esiia
cand-001948,matiere_synthetique_5;matiere_synthetique_12,15.41,"{""competence-techniques-informatiques-gestion"": 3, ""competence-electronique-systemes"": 1, ""competence-multimedia-telecommunications"": 1, ""competence-statistiques-informatique"": 3}",tourisme,,entrepreneuriat,hybride,parcours-dtja
cand-000572,matiere_synthetique_13,9.13,"{""competence-techniques-informatiques-gestion"": 0, ""competence-electronique-systemes"": 2, ""competence-multimedia-telecommunications"": 2, ""competence-statistiques-informatique"": 2}",design;robotique;sante,projet_personnel_tech,recherche,terrain,parcours-emp
cand-000624,matiere_synthetique_1;matiere_synthetique_4;matiere_synthetique_10,7.78,"{""competence-techniques-informatiques-gestion"": 4, ""competence-electronique-systemes"": 1, ""competence-multimedia-telecommunications"": 4, ""competence-statistiques-informatique"": 3}",robotique;ecologie,,fonction_publique,teletravail,parcours-iaa
cand-001915,matiere_synthetique_16,16.46,"{""competence-techniques-informatiques-gestion"": 5, ""competence-electronique-systemes"": 5, ""competence-multimedia-telecommunications"": 5, ""competence-statistiques-informatique"": 1}",robotique;sante,,fonction_publique,teletravail,parcours-pip
cand-000719,matiere_synthetique_19,12.85,"{""competence-techniques-informatiques-gestion"": 2, ""competence-electronique-systemes"": 1, ""competence-multimedia-telecommunications"": 4, ""competence-statistiques-informatique"": 5}",finance,projet_personnel_tech,entrepreneuriat,hybride,parcours-teh
cand-001688,matiere_synthetique_17,10.32,"{""competence-techniques-informatiques-gestion"": 5, ""competence-electronique-systemes"": 4, ""competence-multimedia-telecommunications"": 3, ""competence-statistiques-informatique"": 1}",tourisme;informatique;sante,projet_associatif,enseignement,teletravail,parcours-gca
cand-001116,matiere_synthetique_11;matiere_synthetique_18,10.82,"{""competence-techniques-informatiques-gestion"": 5, ""competence-electronique-systemes"": 1, ""competence-multimedia-telecommunications"": 5, ""competence-statistiques-informatique"": 3}",finance,,salariat,bureau,parcours-caa
cand-000019,matiere_synthetique_15;matiere_synthetique_11,9.54,"{""competence-techniques-informatiques-gestion"": 4, ""competence-electronique-systemes"": 1, ""competence-multimedia-telecommunications"": 1, ""competence-statistiques-informatique"": 1}",ecologie,,entrepreneuriat,terrain,parcours-fic
cand-001523,matiere_synthetique_1;matiere_synthetique_4;matiere_synthetique_19,17.12,"{""competence-techniques-informatiques-gestion"": 3, ""competence-electronique-systemes"": 2, ""competence-multimedia-telecommunications"": 2, ""competence-statistiques-informatique"": 3}",ecologie,projet_personnel_tech;projet_associatif,entrepreneuriat,hybride,parcours-pip
cand-001460,matiere_synthetique_11,19.0,"{""competence-techniques-informatiques-gestion"": 5, ""competence-electronique-systemes"": 5, ""competence-multimedia-telecommunications"": 5, ""competence-statistiques-informatique"": 5}",management,projet_personnel_tech,recherche,hybride,parcours-teh
cand-001108,matiere_synthetique_16;matiere_synthetique_9,11.53,"{""competence-techniques-informatiques-gestion"": 2, ""competence-electronique-systemes"": 5, ""competence-multimedia-telecommunications"": 1, ""competence-statistiques-informatique"": 5}",robotique,,entrepreneuriat,bureau,parcours-emii
cand-000580,matiere_synthetique_10,11.67,"{""competence-techniques-informatiques-gestion"": 2, ""competence-electronique-systemes"": 4, ""competence-multimedia-telecommunications"": 0, ""competence-statistiques-informatique"": 2}",tourisme;management;finance,,entrepreneuriat,teletravail,parcours-iaa
cand-001829,matiere_synthetique_1,10.94,"{""competence-techniques-informatiques-gestion"": 2, ""competence-electronique-systemes"": 2, ""competence-multimedia-telecommunications"": 5, ""competence-statistiques-informatique"": 1}",agriculture,,enseignement,hybride,parcours-icmp
cand-001665,matiere_synthetique_15;matiere_synthetique_7;matiere_synthetique_10,11.4,"{""competence-techniques-informatiques-gestion"": 5, ""competence-electronique-systemes"": 1, ""competence-multimedia-telecommunications"": 0, ""competence-statistiques-informatique"": 3}",ecologie;sante,,entrepreneuriat,hybride,parcours-dtja
cand-000129,matiere_synthetique_17;matiere_synthetique_3,8.36,"{""competence-techniques-informatiques-gestion"": 1, ""competence-electronique-systemes"": 4, ""competence-multimedia-telecommunications"": 2, ""competence-statistiques-informatique"": 5}",ecologie;robotique,,entrepreneuriat,teletravail,parcours-isaia
cand-001840,matiere_synthetique_20,10.86,"{""competence-techniques-informatiques-gestion"": 1, ""competence-electronique-systemes"": 5, ""competence-multimedia-telecommunications"": 2, ""competence-statistiques-informatique"": 2}",sante;ecologie;agriculture,,recherche,bureau,parcours-aee
cand-000921,matiere_synthetique_10;matiere_synthetique_7;matiere_synthetique_7,16.75,"{""competence-techniques-informatiques-gestion"": 3, ""competence-electronique-systemes"": 5, ""competence-multimedia-telecommunications"": 4, ""competence-statistiques-informatique"": 4}",finance;design,,recherche,hybride,parcours-fic
cand-000958,matiere_synthetique_4,17.05,"{""competence-techniques-informatiques-gestion"": 5, ""competence-electronique-systemes"": 1, ""competence-multimedia-telecommunications"": 2, ""competence-statistiques-informatique"": 5}",sante;agriculture;robotique,,fonction_publique,teletravail,parcours-pip
cand-000124,matiere_synthetique_16,11.1,"{""competence-techniques-informatiques-gestion"": 5, ""competence-electronique-systemes"": 2, ""competence-multimedia-telecommunications"": 5, ""competence-statistiques-informatique"": 3}",robotique;informatique;agriculture,,entrepreneuriat,hybride,parcours-emp
cand-001652,matiere_synthetique_14;matiere_synthetique_4,16.63,"{""competence-techniques-informatiques-gestion"": 0, ""competence-electronique-systemes"": 2, ""competence-multimedia-telecommunications"": 1, ""competence-statistiques-informatique"": 4}",design,projet_associatif,entrepreneuriat,terrain,parcours-esiia
cand-001072,matiere_synthetique_13;matiere_synthetique_5;matiere_synthetique_8,12.39,"{""competence-techniques-informatiques-gestion"": 0, ""competence-electronique-systemes"": 5, ""competence-multimedia-telecommunications"": 5, ""competence-statistiques-informatique"": 5}",finance,,salariat,teletravail,parcours-isaia
cand-001153,matiere_synthetique_19,10.93,"{""competence-techniques-informatiques-gestion"": 5, ""competence-electronique-systemes"": 0, ""competence-multimedia-telecommunications"": 2, ""competence-statistiques-informatique"": 5}",tourisme,,enseignement,bureau,parcours-igglia
cand-000760,matiere_synthetique_13;matiere_synthetique_7,9.37,"{""competence-techniques-informatiques-gestion"": 2, ""competence-electronique-systemes"": 3, ""competence-multimedia-telecommunications"": 2, ""competence-statistiques-informatique"": 5}",management,projet_personnel_tech,salariat,hybride,parcours-imticia
cand-000303,matiere_synthetique_12,15.35,"{""competence-techniques-informatiques-gestion"": 5, ""competence-electronique-systemes"": 0, ""competence-multimedia-telecommunications"": 4, ""competence-statistiques-informatique"": 4}",informatique,projet_associatif,recherche,hybride,parcours-esiia
cand-001165,matiere_synthetique_4;matiere_synthetique_13;matiere_synthetique_7,17.67,"{""competence-techniques-informatiques-gestion"": 3, ""competence-electronique-systemes"": 0, ""competence-multimedia-telecommunications"": 5, ""competence-statistiques-informatique"": 2}",ecologie;agriculture,projet_personnel_tech,entrepreneuriat,teletravail,parcours-dtja
cand-000977,matiere_synthetique_10,12.39,"{""competence-techniques-informatiques-gestion"": 1, ""competence-electronique-systemes"": 3, ""competence-multimedia-telecommunications"": 5, ""competence-statistiques-informatique"": 4}",tourisme,,enseignement,bureau,parcours-icmp
cand-001240,matiere_synthetique_9;matiere_synthetique_3;matiere_synthetique_17,18.41,"{""competence-techniques-informatiques-gestion"": 3, ""competence-electronique-systemes"": 5, ""competence-multimedia-telecommunications"": 5, ""competence-statistiques-informatique"": 2}",management;finance,projet_personnel_tech,entrepreneuriat,hybride,parcours-emp
cand-001663,matiere_synthetique_8;matiere_synthetique_6,15.84,"{""competence-techniques-informatiques-gestion"": 4, ""competence-electronique-systemes"": 4, ""competence-multimedia-telecommunications"": 5, ""competence-statistiques-informatique"": 1}",tourisme;finance,,recherche,teletravail,parcours-imticia
cand-000049,matiere_synthetique_2,9.38,"{""competence-techniques-informatiques-gestion"": 4, ""competence-electronique-systemes"": 2, ""competence-multimedia-telecommunications"": 5, ""competence-statistiques-informatique"": 5}",agriculture;sante;design,projet_personnel_tech,enseignement,hybride,parcours-dtja
cand-000379,matiere_synthetique_6,11.34,"{""competence-techniques-informatiques-gestion"": 4, ""competence-electronique-systemes"": 4, ""competence-multimedia-telecommunications"": 3, ""competence-statistiques-informatique"": 2}",ecologie,projet_associatif,entrepreneuriat,terrain,parcours-icmp
cand-001710,matiere_synthetique_17,14.84,"{""competence-techniques-informatiques-gestion"": 1, ""competence-electronique-systemes"": 5, ""competence-multimedia-telecommunications"": 3, ""competence-statistiques-informatique"": 2}",agriculture,,fonction_publique,hybride,parcours-fic
cand-001807,matiere_synthetique_17;matiere_synthetique_9,10.96,"{""competence-techniques-informatiques-gestion"": 3, ""competence-electronique-systemes"": 5, ""competence-multimedia-telecommunications"": 5, ""competence-statistiques-informatique"": 3}",tourisme;management;robotique,,recherche,teletravail,parcours-esiia
cand-001160,matiere_synthetique_10;matiere_synthetique_13;matiere_synthetique_11,17.26,"{""competence-techniques-informatiques-gestion"": 2, ""competence-electronique-systemes"": 3, ""competence-multimedia-telecommunications"": 4, ""competence-statistiques-informatique"": 4}",finance,,enseignement,hybride,parcours-esiia
cand-000324,matiere_synthetique_12;matiere_synthetique_17,8.8,"{""competence-techniques-informatiques-gestion"": 5, ""competence-electronique-systemes"": 5, ""competence-multimedia-telecommunications"": 1, ""competence-statistiques-informatique"": 1}",tourisme;finance;sante,projet_personnel_tech,recherche,teletravail,parcours-icmp
cand-001378,matiere_synthetique_2;matiere_synthetique_9;matiere_synthetique_4,15.56,"{""competence-techniques-informatiques-gestion"": 2, ""competence-electronique-systemes"": 2, ""competence-multimedia-telecommunications"": 5, ""competence-statistiques-informatique"": 2}",informatique;robotique;management,,entrepreneuriat,bureau,parcours-caa
cand-000543,matiere_synthetique_6;matiere_synthetique_7,9.85,"{""competence-techniques-informatiques-gestion"": 2, ""competence-electronique-systemes"": 2, ""competence-multimedia-telecommunications"": 0, ""competence-statistiques-informatique"": 0}",design;management,projet_personnel_tech,salariat,bureau,parcours-emp
cand-001355,matiere_synthetique_18;matiere_synthetique_12,12.49,"{""competence-techniques-informatiques-gestion"": 4, ""competence-electronique-systemes"": 2, ""competence-multimedia-telecommunications"": 5, ""competence-statistiques-informatique"": 5}",finance,,salariat,terrain,parcours-dtja
cand-000088,matiere_synthetique_11;matiere_synthetique_6,12.16,"{""competence-techniques-informatiques-gestion"": 3, ""competence-electronique-systemes"": 2, ""competence-multimedia-telecommunications"": 3, ""competence-statistiques-informatique"": 1}",design;informatique;management,,fonction_publique,terrain,parcours-emp
cand-000537,matiere_synthetique_2;matiere_synthetique_9;matiere_synthetique_11,9.03,"{""competence-techniques-informatiques-gestion"": 3, ""competence-electronique-systemes"": 2, ""competence-multimedia-telecommunications"": 1, ""competence-statistiques-informatique"": 4}",design;ecologie,,entrepreneuriat,teletravail,parcours-tee
cand-001564,matiere_synthetique_7,12.32,"{""competence-techniques-informatiques-gestion"": 5, ""competence-electronique-systemes"": 5, ""competence-multimedia-telecommunications"": 5, ""competence-statistiques-informatique"": 2}",sante,,entrepreneuriat,bureau,parcours-esiia
cand-001241,matiere_synthetique_17,16.73,"{""competence-techniques-informatiques-gestion"": 1, ""competence-electronique-systemes"": 4, ""competence-multimedia-telecommunications"": 4, ""competence-statistiques-informatique"": 2}",finance;sante;tourisme,,entrepreneuriat,terrain,parcours-esiia
cand-000441,matiere_synthetique_4;matiere_synthetique_17,13.75,"{""competence-techniques-informatiques-gestion"": 5, ""competence-electronique-systemes"": 1, ""competence-multimedia-telecommunications"": 2, ""competence-statistiques-informatique"": 4}",finance;management,projet_personnel_tech,recherche,bureau,parcours-caa
cand-000518,matiere_synthetique_19;matiere_synthetique_15,12.6,"{""competence-techniques-informatiques-gestion"": 1, ""competence-electronique-systemes"": 5, ""competence-multimedia-telecommunications"": 5, ""competence-statistiques-informatique"": 5}",finance,,fonction_publique,terrain,parcours-aee
cand-000462,matiere_synthetique_6;matiere_synthetique_1;matiere_synthetique_20,12.08,"{""competence-techniques-informatiques-gestion"": 4, ""competence-electronique-systemes"": 4, ""competence-multimedia-telecommunications"": 2, ""competence-statistiques-informatique"": 5}",design;finance;agriculture,,salariat,teletravail,parcours-imticia
cand-000531,matiere_synthetique_13,6.63,"{""competence-techniques-informatiques-gestion"": 0, ""competence-electronique-systemes"": 4, ""competence-multimedia-telecommunications"": 2, ""competence-statistiques-informatique"": 5}",robotique;ecologie;agriculture,projet_personnel_tech,enseignement,teletravail,parcours-dtja
cand-000367,matiere_synthetique_14;matiere_synthetique_5;matiere_synthetique_18,17.58,"{""competence-techniques-informatiques-gestion"": 1, ""competence-electronique-systemes"": 5, ""competence-multimedia-telecommunications"": 3, ""competence-statistiques-informatique"": 1}",management;design;agriculture,projet_personnel_tech,fonction_publique,terrain,parcours-imticia
cand-000438,matiere_synthetique_17;matiere_synthetique_18;matiere_synthetique_17,20.0,"{""competence-techniques-informatiques-gestion"": 5, ""competence-electronique-systemes"": 5, ""competence-multimedia-telecommunications"": 5, ""competence-statistiques-informatique"": 2}",design;ecologie,,recherche,teletravail,parcours-teh
cand-001478,matiere_synthetique_18;matiere_synthetique_14;matiere_synthetique_17,16.19,"{""competence-techniques-informatiques-gestion"": 0, ""competence-electronique-systemes"": 4, ""competence-multimedia-telecommunications"": 4, ""competence-statistiques-informatique"": 2}",robotique;management;tourisme,projet_associatif,fonction_publique,teletravail,parcours-esiia
cand-001685,matiere_synthetique_10;matiere_synthetique_15,14.26,"{""competence-techniques-informatiques-gestion"": 2, ""competence-electronique-systemes"": 2, ""competence-multimedia-telecommunications"": 2, ""competence-statistiques-informatique"": 1}",sante,projet_personnel_tech,enseignement,bureau,parcours-dtja
cand-001943,matiere_synthetique_4,14.75,"{""competence-techniques-informatiques-gestion"": 1, ""competence-electronique-systemes"": 0, ""competence-multimedia-telecommunications"": 3, ""competence-statistiques-informatique"": 1}",tourisme;management;agriculture,,entrepreneuriat,terrain,parcours-isaia
cand-000318,matiere_synthetique_13;matiere_synthetique_10,12.56,"{""competence-techniques-informatiques-gestion"": 3, ""competence-electronique-systemes"": 5, ""competence-multimedia-telecommunications"": 2, ""competence-statistiques-informatique"": 4}",design;agriculture;robotique,projet_associatif,salariat,bureau,parcours-caa
cand-000868,matiere_synthetique_1;matiere_synthetique_6,15.43,"{""competence-techniques-informatiques-gestion"": 1, ""competence-electronique-systemes"": 1, ""competence-multimedia-telecommunications"": 1, ""competence-statistiques-informatique"": 5}",agriculture,,recherche,hybride,parcours-emii
cand-000403,matiere_synthetique_17,14.11,"{""competence-techniques-informatiques-gestion"": 1, ""competence-electronique-systemes"": 2, ""competence-multimedia-telecommunications"": 2, ""competence-statistiques-informatique"": 5}",sante,,salariat,bureau,parcours-dtja
cand-000478,matiere_synthetique_5;matiere_synthetique_7,16.43,"{""competence-techniques-informatiques-gestion"": 5, ""competence-electronique-systemes"": 2, ""competence-multimedia-telecommunications"": 5, ""competence-statistiques-informatique"": 5}",management;agriculture,,fonction_publique,hybride,parcours-aee
cand-000430,matiere_synthetique_4;matiere_synthetique_1;matiere_synthetique_16,9.95,"{""competence-techniques-informatiques-gestion"": 5, ""competence-electronique-systemes"": 5, ""competence-multimedia-telecommunications"": 4, ""competence-statistiques-informatique"": 0}",tourisme;sante;finance,projet_associatif,salariat,hybride,parcours-pip
cand-001444,matiere_synthetique_16;matiere_synthetique_13;matiere_synthetique_6,16.61,"{""competence-techniques-informatiques-gestion"": 3, ""competence-electronique-systemes"": 5, ""competence-multimedia-telecommunications"": 5, ""competence-statistiques-informatique"": 2}",informatique,,enseignement,teletravail,parcours-gca
cand-000732,matiere_synthetique_1;matiere_synthetique_8,12.37,"{""competence-techniques-informatiques-gestion"": 4, ""competence-electronique-systemes"": 5, ""competence-multimedia-telecommunications"": 5, ""competence-statistiques-informatique"": 4}",robotique;tourisme;agriculture,,entrepreneuriat,bureau,parcours-icmp
cand-001235,matiere_synthetique_2;matiere_synthetique_12;matiere_synthetique_6,11.57,"{""competence-techniques-informatiques-gestion"": 1, ""competence-electronique-systemes"": 5, ""competence-multimedia-telecommunications"": 1, ""competence-statistiques-informatique"": 5}",sante;informatique,,entrepreneuriat,terrain,parcours-dtja
cand-000821,matiere_synthetique_17;matiere_synthetique_10;matiere_synthetique_19,15.32,"{""competence-techniques-informatiques-gestion"": 5, ""competence-electronique-systemes"": 5, ""competence-multimedia-telecommunications"": 2, ""competence-statistiques-informatique"": 1}",informatique;sante,,entrepreneuriat,bureau,parcours-pip
cand-001575,matiere_synthetique_17;matiere_synthetique_17;matiere_synthetique_10,12.65,"{""competence-techniques-informatiques-gestion"": 2, ""competence-electronique-systemes"": 5, ""competence-multimedia-telecommunications"": 5, ""competence-statistiques-informatique"": 5}",informatique,,salariat,bureau,parcours-igglia
cand-001942,matiere_synthetique_13;matiere_synthetique_7;matiere_synthetique_18,16.92,"{""competence-techniques-informatiques-gestion"": 4, ""competence-electronique-systemes"": 1, ""competence-multimedia-telecommunications"": 4, ""competence-statistiques-informatique"": 5}",management;finance,,recherche,terrain,parcours-pip
cand-000361,matiere_synthetique_4,14.67,"{""competence-techniques-informatiques-gestion"": 4, ""competence-electronique-systemes"": 4, ""competence-multimedia-telecommunications"": 1, ""competence-statistiques-informatique"": 5}",finance;design;tourisme,,enseignement,bureau,parcours-isaia
cand-001680,matiere_synthetique_17;matiere_synthetique_19;matiere_synthetique_20,10.48,"{""competence-techniques-informatiques-gestion"": 4, ""competence-electronique-systemes"": 1, ""competence-multimedia-telecommunications"": 1, ""competence-statistiques-informatique"": 2}",sante,,enseignement,hybride,parcours-emp
cand-000826,matiere_synthetique_14,12.24,"{""competence-techniques-informatiques-gestion"": 3, ""competence-electronique-systemes"": 4, ""competence-multimedia-telecommunications"": 2, ""competence-statistiques-informatique"": 5}",sante,,enseignement,terrain,parcours-imticia
cand-000712,matiere_synthetique_8;matiere_synthetique_5,9.17,"{""competence-techniques-informatiques-gestion"": 5, ""competence-electronique-systemes"": 4, ""competence-multimedia-telecommunications"": 2, ""competence-statistiques-informatique"": 5}",tourisme,,fonction_publique,terrain,parcours-igglia
cand-000585,matiere_synthetique_4,14.71,"{""competence-techniques-informatiques-gestion"": 4, ""competence-electronique-systemes"": 1, ""competence-multimedia-telecommunications"": 1, ""competence-statistiques-informatique"": 3}",tourisme;agriculture;robotique,projet_personnel_tech,recherche,terrain,parcours-igglia
cand-000533,matiere_synthetique_1,16.71,"{""competence-techniques-informatiques-gestion"": 4, ""competence-electronique-systemes"": 1, ""competence-multimedia-telecommunications"": 3, ""competence-statistiques-informatique"": 2}",finance;agriculture;sante,projet_personnel_tech,enseignement,bureau,parcours-caa
cand-000456,matiere_synthetique_16;matiere_synthetique_16;matiere_synthetique_13,19.16,"{""competence-techniques-informatiques-gestion"": 5, ""competence-electronique-systemes"": 3, ""competence-multimedia-telecommunications"": 0, ""competence-statistiques-informatique"": 5}",robotique;tourisme;informatique,,enseignement,terrain,parcours-aee
cand-000795,matiere_synthetique_1,7.29,"{""competence-techniques-informatiques-gestion"": 1, ""competence-electronique-systemes"": 4, ""competence-multimedia-telecommunications"": 3, ""competence-statistiques-informatique"": 5}",design,projet_personnel_tech,salariat,bureau,parcours-esiia
cand-001268,matiere_synthetique_13,16.48,"{""competence-techniques-informatiques-gestion"": 5, ""competence-electronique-systemes"": 1, ""competence-multimedia-telecommunications"": 5, ""competence-statistiques-informatique"": 2}",design,,recherche,hybride,parcours-igglia
cand-000880,matiere_synthetique_12;matiere_synthetique_14;matiere_synthetique_5,12.84,"{""competence-techniques-informatiques-gestion"": 0, ""competence-electronique-systemes"": 1, ""competence-multimedia-telecommunications"": 4, ""competence-statistiques-informatique"": 3}",tourisme;agriculture,,entrepreneuriat,hybride,parcours-pip
cand-001182,matiere_synthetique_1,15.0,"{""competence-techniques-informatiques-gestion"": 1, ""competence-electronique-systemes"": 5, ""competence-multimedia-telecommunications"": 3, ""competence-statistiques-informatique"": 5}",tourisme;finance,projet_personnel_tech,entrepreneuriat,teletravail,parcours-iaa
cand-000421,matiere_synthetique_18;matiere_synthetique_19;matiere_synthetique_10,17.02,"{""competence-techniques-informatiques-gestion"": 4, ""competence-electronique-systemes"": 3, ""competence-multimedia-telecommunications"": 2, ""competence-statistiques-informatique"": 1}",tourisme,,enseignement,hybride,parcours-caa
cand-000709,matiere_synthetique_3;matiere_synthetique_5,11.43,"{""competence-techniques-informatiques-gestion"": 5, ""competence-electronique-systemes"": 5, ""competence-multimedia-telecommunications"": 2, ""competence-statistiques-informatique"": 3}",sante;informatique,,enseignement,hybride,parcours-imticia
cand-001872,matiere_synthetique_20;matiere_synthetique_10;matiere_synthetique_10,9.83,"{""competence-techniques-informatiques-gestion"": 4, ""competence-electronique-systemes"": 5, ""competence-multimedia-telecommunications"": 4, ""competence-statistiques-informatique"": 2}",sante,,salariat,terrain,parcours-imticia
cand-001845,matiere_synthetique_1;matiere_synthetique_18,11.86,"{""competence-techniques-informatiques-gestion"": 4, ""competence-electronique-systemes"": 3, ""competence-multimedia-telecommunications"": 1, ""competence-statistiques-informatique"": 5}",management;agriculture;finance,,entrepreneuriat,hybride,parcours-esiia
cand-001920,matiere_synthetique_1;matiere_synthetique_5;matiere_synthetique_17,13.64,"{""competence-techniques-informatiques-gestion"": 5, ""competence-electronique-systemes"": 5, ""competence-multimedia-telecommunications"": 1, ""competence-statistiques-informatique"": 1}",design,,recherche,teletravail,parcours-isaia
cand-000754,matiere_synthetique_2,17.24,"{""competence-techniques-informatiques-gestion"": 5, ""competence-electronique-systemes"": 5, ""competence-multimedia-telecommunications"": 3, ""competence-statistiques-informatique"": 5}",sante,,recherche,terrain,parcours-esiia
cand-000045,matiere_synthetique_12;matiere_synthetique_12,13.24,"{""competence-techniques-informatiques-gestion"": 2, ""competence-electronique-systemes"": 4, ""competence-multimedia-telecommunications"": 3, ""competence-statistiques-informatique"": 1}",ecologie,,fonction_publique,bureau,parcours-isaia
cand-000213,matiere_synthetique_18,7.99,"{""competence-techniques-informatiques-gestion"": 5, ""competence-electronique-systemes"": 1, ""competence-multimedia-telecommunications"": 5, ""competence-statistiques-informatique"": 4}",informatique;management;agriculture,,entrepreneuriat,teletravail,parcours-isaia
cand-001140,matiere_synthetique_15,10.25,"{""competence-techniques-informatiques-gestion"": 5, ""competence-electronique-systemes"": 1, ""competence-multimedia-telecommunications"": 1, ""competence-statistiques-informatique"": 5}",finance;design,,recherche,bureau,parcours-emii
cand-001988,matiere_synthetique_8,13.83,"{""competence-techniques-informatiques-gestion"": 3, ""competence-electronique-systemes"": 4, ""competence-multimedia-telecommunications"": 5, ""competence-statistiques-informatique"": 5}",informatique,,salariat,hybride,parcours-gca
cand-001852,matiere_synthetique_2;matiere_synthetique_12,12.35,"{""competence-techniques-informatiques-gestion"": 3, ""competence-electronique-systemes"": 4, ""competence-multimedia-telecommunications"": 1, ""competence-statistiques-informatique"": 4}",finance;design,,salariat,hybride,parcours-fic
cand-000100,matiere_synthetique_7;matiere_synthetique_6,18.81,"{""competence-techniques-informatiques-gestion"": 2, ""competence-electronique-systemes"": 1, ""competence-multimedia-telecommunications"": 2, ""competence-statistiques-informatique"": 1}",tourisme;informatique,projet_associatif,entrepreneuriat,bureau,parcours-teh
cand-001177,matiere_synthetique_14;matiere_synthetique_16;matiere_synthetique_16,15.05,"{""competence-techniques-informatiques-gestion"": 4, ""competence-electronique-systemes"": 1, ""competence-multimedia-telecommunications"": 2, ""competence-statistiques-informatique"": 5}",robotique,,entrepreneuriat,teletravail,parcours-esiia
cand-001574,matiere_synthetique_3,15.02,"{""competence-techniques-informatiques-gestion"": 5, ""competence-electronique-systemes"": 2, ""competence-multimedia-telecommunications"": 1, ""competence-statistiques-informatique"": 5}",tourisme;agriculture,,recherche,bureau,parcours-esiia
cand-000752,matiere_synthetique_7,8.76,"{""competence-techniques-informatiques-gestion"": 1, ""competence-electronique-systemes"": 2, ""competence-multimedia-telecommunications"": 5, ""competence-statistiques-informatique"": 5}",tourisme;agriculture,,salariat,hybride,parcours-imticia
cand-001662,matiere_synthetique_2;matiere_synthetique_6,15.46,"{""competence-techniques-informatiques-gestion"": 1, ""competence-electronique-systemes"": 2, ""competence-multimedia-telecommunications"": 4, ""competence-statistiques-informatique"": 2}",sante;agriculture,,entrepreneuriat,teletravail,parcours-isaia
cand-000102,matiere_synthetique_6,17.59,"{""competence-techniques-informatiques-gestion"": 4, ""competence-electronique-systemes"": 5, ""competence-multimedia-telecommunications"": 1, ""competence-statistiques-informatique"": 0}",ecologie,,fonction_publique,teletravail,parcours-icmp
cand-000056,matiere_synthetique_10;matiere_synthetique_4;matiere_synthetique_10,12.36,"{""competence-techniques-informatiques-gestion"": 4, ""competence-electronique-systemes"": 5, ""competence-multimedia-telecommunications"": 4, ""competence-statistiques-informatique"": 5}",robotique;sante,,fonction_publique,bureau,parcours-isaia
cand-001641,matiere_synthetique_6;matiere_synthetique_4,8.22,"{""competence-techniques-informatiques-gestion"": 2, ""competence-electronique-systemes"": 5, ""competence-multimedia-telecommunications"": 4, ""competence-statistiques-informatique"": 2}",informatique;management,projet_personnel_tech,enseignement,terrain,parcours-teh
cand-001402,matiere_synthetique_12;matiere_synthetique_12,12.3,"{""competence-techniques-informatiques-gestion"": 4, ""competence-electronique-systemes"": 5, ""competence-multimedia-telecommunications"": 1, ""competence-statistiques-informatique"": 3}",management;informatique,,fonction_publique,bureau,parcours-esiia
cand-001065,matiere_synthetique_19;matiere_synthetique_9;matiere_synthetique_4,17.08,"{""competence-techniques-informatiques-gestion"": 3, ""competence-electronique-systemes"": 1, ""competence-multimedia-telecommunications"": 5, ""competence-statistiques-informatique"": 3}",robotique;sante;informatique,projet_personnel_tech;projet_associatif,salariat,teletravail,parcours-imticia
cand-001154,matiere_synthetique_13,9.31,"{""competence-techniques-informatiques-gestion"": 3, ""competence-electronique-systemes"": 3, ""competence-multimedia-telecommunications"": 5, ""competence-statistiques-informatique"": 3}",informatique;design,,fonction_publique,bureau,parcours-emp
cand-000822,matiere_synthetique_14;matiere_synthetique_5,8.33,"{""competence-techniques-informatiques-gestion"": 5, ""competence-electronique-systemes"": 3, ""competence-multimedia-telecommunications"": 5, ""competence-statistiques-informatique"": 3}",sante;ecologie;design,,fonction_publique,hybride,parcours-isaia
cand-001068,matiere_synthetique_5,12.39,"{""competence-techniques-informatiques-gestion"": 1, ""competence-electronique-systemes"": 3, ""competence-multimedia-telecommunications"": 4, ""competence-statistiques-informatique"": 3}",management,,fonction_publique,hybride,parcours-imticia
cand-001284,matiere_synthetique_12;matiere_synthetique_17,9.29,"{""competence-techniques-informatiques-gestion"": 5, ""competence-electronique-systemes"": 3, ""competence-multimedia-telecommunications"": 2, ""competence-statistiques-informatique"": 1}",management;informatique,,fonction_publique,hybride,parcours-emp
cand-000426,matiere_synthetique_3;matiere_synthetique_3;matiere_synthetique_6,10.93,"{""competence-techniques-informatiques-gestion"": 4, ""competence-electronique-systemes"": 5, ""competence-multimedia-telecommunications"": 5, ""competence-statistiques-informatique"": 3}",design;management,,enseignement,terrain,parcours-icmp
cand-000775,matiere_synthetique_4,17.56,"{""competence-techniques-informatiques-gestion"": 4, ""competence-electronique-systemes"": 2, ""competence-multimedia-telecommunications"": 5, ""competence-statistiques-informatique"": 3}",management,,fonction_publique,hybride,parcours-emp
cand-000667,matiere_synthetique_1;matiere_synthetique_5,13.1,"{""competence-techniques-informatiques-gestion"": 5, ""competence-electronique-systemes"": 4, ""competence-multimedia-telecommunications"": 2, ""competence-statistiques-informatique"": 5}",ecologie,,recherche,bureau,parcours-tee
cand-001721,matiere_synthetique_18,9.42,"{""competence-techniques-informatiques-gestion"": 3, ""competence-electronique-systemes"": 3, ""competence-multimedia-telecommunications"": 5, ""competence-statistiques-informatique"": 5}",finance;robotique;ecologie,,entrepreneuriat,terrain,parcours-imticia
cand-001822,matiere_synthetique_20;matiere_synthetique_5,16.56,"{""competence-techniques-informatiques-gestion"": 0, ""competence-electronique-systemes"": 4, ""competence-multimedia-telecommunications"": 5, ""competence-statistiques-informatique"": 5}",robotique;finance;informatique,projet_personnel_tech,enseignement,teletravail,parcours-isaia
cand-000054,matiere_synthetique_2;matiere_synthetique_3;matiere_synthetique_19,10.11,"{""competence-techniques-informatiques-gestion"": 0, ""competence-electronique-systemes"": 5, ""competence-multimedia-telecommunications"": 2, ""competence-statistiques-informatique"": 5}",design,,recherche,bureau,parcours-icmp
cand-001036,matiere_synthetique_7,14.95,"{""competence-techniques-informatiques-gestion"": 5, ""competence-electronique-systemes"": 5, ""competence-multimedia-telecommunications"": 1, ""competence-statistiques-informatique"": 2}",robotique;agriculture;ecologie,projet_personnel_tech;projet_associatif,fonction_publique,teletravail,parcours-aee
cand-001146,matiere_synthetique_7;matiere_synthetique_3;matiere_synthetique_4,9.13,"{""competence-techniques-informatiques-gestion"": 5, ""competence-electronique-systemes"": 2, ""competence-multimedia-telecommunications"": 5, ""competence-statistiques-informatique"": 2}",sante,,enseignement,hybride,parcours-aee
cand-001743,matiere_synthetique_14,15.6,"{""competence-techniques-informatiques-gestion"": 5, ""competence-electronique-systemes"": 1, ""competence-multimedia-telecommunications"": 0, ""competence-statistiques-informatique"": 5}",ecologie;informatique,projet_personnel_tech,fonction_publique,terrain,parcours-igglia
cand-000486,matiere_synthetique_17;matiere_synthetique_12,13.3,"{""competence-techniques-informatiques-gestion"": 5, ""competence-electronique-systemes"": 1, ""competence-multimedia-telecommunications"": 3, ""competence-statistiques-informatique"": 1}",sante,projet_associatif,fonction_publique,hybride,parcours-tee
cand-000943,matiere_synthetique_7,10.67,"{""competence-techniques-informatiques-gestion"": 4, ""competence-electronique-systemes"": 0, ""competence-multimedia-telecommunications"": 5, ""competence-statistiques-informatique"": 5}",management;finance;informatique,projet_personnel_tech,fonction_publique,bureau,parcours-imticia
cand-001977,matiere_synthetique_10,13.97,"{""competence-techniques-informatiques-gestion"": 4, ""competence-electronique-systemes"": 5, ""competence-multimedia-telecommunications"": 2, ""competence-statistiques-informatique"": 4}",sante;finance,,entrepreneuriat,terrain,parcours-igglia
cand-001620,matiere_synthetique_20;matiere_synthetique_9,10.5,"{""competence-techniques-informatiques-gestion"": 4, ""competence-electronique-systemes"": 3, ""competence-multimedia-telecommunications"": 1, ""competence-statistiques-informatique"": 5}",robotique;finance;informatique,,entrepreneuriat,terrain,parcours-aee
cand-000325,matiere_synthetique_6;matiere_synthetique_5;matiere_synthetique_3,11.51,"{""competence-techniques-informatiques-gestion"": 5, ""competence-electronique-systemes"": 1, ""competence-multimedia-telecommunications"": 3, ""competence-statistiques-informatique"": 5}",informatique,,recherche,terrain,parcours-emii
cand-001213,matiere_synthetique_18;matiere_synthetique_3,10.79,"{""competence-techniques-informatiques-gestion"": 2, ""competence-electronique-systemes"": 2, ""competence-multimedia-telecommunications"": 1, ""competence-statistiques-informatique"": 5}",management;ecologie;sante,,entrepreneuriat,bureau,parcours-emp
cand-001400,matiere_synthetique_16,17.12,"{""competence-techniques-informatiques-gestion"": 5, ""competence-electronique-systemes"": 4, ""competence-multimedia-telecommunications"": 5, ""competence-statistiques-informatique"": 4}",tourisme;sante,,enseignement,terrain,parcours-isaia
cand-001351,matiere_synthetique_19;matiere_synthetique_11;matiere_synthetique_3,17.17,"{""competence-techniques-informatiques-gestion"": 4, ""competence-electronique-systemes"": 4, ""competence-multimedia-telecommunications"": 1, ""competence-statistiques-informatique"": 5}",management;agriculture,,fonction_publique,hybride,parcours-icmp
cand-000339,matiere_synthetique_20;matiere_synthetique_13;matiere_synthetique_18,14.62,"{""competence-techniques-informatiques-gestion"": 2, ""competence-electronique-systemes"": 2, ""competence-multimedia-telecommunications"": 2, ""competence-statistiques-informatique"": 3}",informatique,projet_personnel_tech,salariat,hybride,parcours-teh
cand-001980,matiere_synthetique_16;matiere_synthetique_7;matiere_synthetique_17,18.55,"{""competence-techniques-informatiques-gestion"": 1, ""competence-electronique-systemes"": 2, ""competence-multimedia-telecommunications"": 3, ""competence-statistiques-informatique"": 0}",design;robotique,,entrepreneuriat,hybride,parcours-emp
cand-000819,matiere_synthetique_2,9.62,"{""competence-techniques-informatiques-gestion"": 5, ""competence-electronique-systemes"": 3, ""competence-multimedia-telecommunications"": 1, ""competence-statistiques-informatique"": 2}",informatique;design,projet_associatif,recherche,hybride,parcours-aee
cand-000295,matiere_synthetique_20;matiere_synthetique_4;matiere_synthetique_14,7.27,"{""competence-techniques-informatiques-gestion"": 0, ""competence-electronique-systemes"": 2, ""competence-multimedia-telecommunications"": 2, ""competence-statistiques-informatique"": 3}",management;finance,,enseignement,bureau,parcours-iaa
cand-001445,matiere_synthetique_13;matiere_synthetique_3;matiere_synthetique_20,14.38,"{""competence-techniques-informatiques-gestion"": 3, ""competence-electronique-systemes"": 4, ""competence-multimedia-telecommunications"": 4, ""competence-statistiques-informatique"": 3}",informatique;design,,enseignement,hybride,parcours-emp
cand-000410,matiere_synthetique_12;matiere_synthetique_12;matiere_synthetique_13,6.71,"{""competence-techniques-informatiques-gestion"": 4, ""competence-electronique-systemes"": 2, ""competence-multimedia-telecommunications"": 3, ""competence-statistiques-informatique"": 2}",robotique,,entrepreneuriat,hybride,parcours-emp
cand-000238,matiere_synthetique_7,9.61,"{""competence-techniques-informatiques-gestion"": 4, ""competence-electronique-systemes"": 5, ""competence-multimedia-telecommunications"": 5, ""competence-statistiques-informatique"": 5}",design;finance,,entrepreneuriat,hybride,parcours-esiia
cand-000846,matiere_synthetique_3;matiere_synthetique_20;matiere_synthetique_6,12.22,"{""competence-techniques-informatiques-gestion"": 1, ""competence-electronique-systemes"": 5, ""competence-multimedia-telecommunications"": 4, ""competence-statistiques-informatique"": 2}",informatique;robotique,projet_associatif,salariat,terrain,parcours-aee
cand-001308,matiere_synthetique_3,16.3,"{""competence-techniques-informatiques-gestion"": 5, ""competence-electronique-systemes"": 1, ""competence-multimedia-telecommunications"": 3, ""competence-statistiques-informatique"": 5}",management,,fonction_publique,bureau,parcours-emii
cand-001368,matiere_synthetique_19;matiere_synthetique_19,15.53,"{""competence-techniques-informatiques-gestion"": 4, ""competence-electronique-systemes"": 3, ""competence-multimedia-telecommunications"": 3, ""competence-statistiques-informatique"": 5}",management;design,projet_personnel_tech,enseignement,hybride,parcours-imticia
cand-000636,matiere_synthetique_13,6.77,"{""competence-techniques-informatiques-gestion"": 1, ""competence-electronique-systemes"": 1, ""competence-multimedia-telecommunications"": 5, ""competence-statistiques-informatique"": 3}",robotique,projet_personnel_tech;projet_associatif,salariat,terrain,parcours-pip
cand-000183,matiere_synthetique_19,14.9,"{""competence-techniques-informatiques-gestion"": 2, ""competence-electronique-systemes"": 5, ""competence-multimedia-telecommunications"": 1, ""competence-statistiques-informatique"": 5}",sante,,enseignement,teletravail,parcours-icmp
cand-001578,matiere_synthetique_17;matiere_synthetique_7,16.11,"{""competence-techniques-informatiques-gestion"": 5, ""competence-electronique-systemes"": 2, ""competence-multimedia-telecommunications"": 5, ""competence-statistiques-informatique"": 4}",robotique;informatique,projet_personnel_tech,recherche,terrain,parcours-pip
cand-000927,matiere_synthetique_10;matiere_synthetique_15;matiere_synthetique_17,16.56,"{""competence-techniques-informatiques-gestion"": 2, ""competence-electronique-systemes"": 5, ""competence-multimedia-telecommunications"": 3, ""competence-statistiques-informatique"": 4}",tourisme;informatique,,fonction_publique,terrain,parcours-dtja
cand-000611,matiere_synthetique_11,10.67,"{""competence-techniques-informatiques-gestion"": 2, ""competence-electronique-systemes"": 1, ""competence-multimedia-telecommunications"": 1, ""competence-statistiques-informatique"": 4}",finance;ecologie,projet_personnel_tech,salariat,teletravail,parcours-isaia
cand-001273,matiere_synthetique_15,15.88,"{""competence-techniques-informatiques-gestion"": 5, ""competence-electronique-systemes"": 4, ""competence-multimedia-telecommunications"": 3, ""competence-statistiques-informatique"": 4}",agriculture,,enseignement,teletravail,parcours-imticia
cand-001509,matiere_synthetique_11;matiere_synthetique_12;matiere_synthetique_1,9.23,"{""competence-techniques-informatiques-gestion"": 3, ""competence-electronique-systemes"": 1, ""competence-multimedia-telecommunications"": 4, ""competence-statistiques-informatique"": 1}",finance;ecologie,,salariat,bureau,parcours-tee
cand-000436,matiere_synthetique_9;matiere_synthetique_18;matiere_synthetique_6,14.52,"{""competence-techniques-informatiques-gestion"": 5, ""competence-electronique-systemes"": 5, ""competence-multimedia-telecommunications"": 4, ""competence-statistiques-informatique"": 5}",management,,fonction_publique,teletravail,parcours-caa
cand-001851,matiere_synthetique_18;matiere_synthetique_8,15.01,"{""competence-techniques-informatiques-gestion"": 2, ""competence-electronique-systemes"": 1, ""competence-multimedia-telecommunications"": 5, ""competence-statistiques-informatique"": 2}",ecologie;tourisme,,fonction_publique,bureau,parcours-isaia
cand-000970,matiere_synthetique_3;matiere_synthetique_17,15.05,"{""competence-techniques-informatiques-gestion"": 3, ""competence-electronique-systemes"": 3, ""competence-multimedia-telecommunications"": 5, ""competence-statistiques-informatique"": 5}",management,,recherche,hybride,parcours-dtja
cand-000258,matiere_synthetique_13,11.34,"{""competence-techniques-informatiques-gestion"": 3, ""competence-electronique-systemes"": 1, ""competence-multimedia-telecommunications"": 1, ""competence-statistiques-informatique"": 3}",tourisme;agriculture,,entrepreneuriat,terrain,parcours-emp
cand-000262,matiere_synthetique_1;matiere_synthetique_18,16.97,"{""competence-techniques-informatiques-gestion"": 4, ""competence-electronique-systemes"": 5, ""competence-multimedia-telecommunications"": 2, ""competence-statistiques-informatique"": 5}",agriculture,projet_personnel_tech,enseignement,terrain,parcours-dtja
cand-001029,matiere_synthetique_3;matiere_synthetique_17;matiere_synthetique_8,16.22,"{""competence-techniques-informatiques-gestion"": 2, ""competence-electronique-systemes"": 5, ""competence-multimedia-telecommunications"": 5, ""competence-statistiques-informatique"": 0}",robotique;ecologie,projet_personnel_tech,entrepreneuriat,bureau,parcours-isaia
cand-001487,matiere_synthetique_7;matiere_synthetique_1;matiere_synthetique_15,17.77,"{""competence-techniques-informatiques-gestion"": 0, ""competence-electronique-systemes"": 2, ""competence-multimedia-telecommunications"": 1, ""competence-statistiques-informatique"": 5}",tourisme;management;ecologie,projet_personnel_tech;projet_associatif,recherche,terrain,parcours-iaa
cand-000803,matiere_synthetique_16;matiere_synthetique_8;matiere_synthetique_11,10.27,"{""competence-techniques-informatiques-gestion"": 1, ""competence-electronique-systemes"": 5, ""competence-multimedia-telecommunications"": 2, ""competence-statistiques-informatique"": 4}",ecologie;informatique;agriculture,,recherche,terrain,parcours-gca
cand-000467,matiere_synthetique_13;matiere_synthetique_6,15.39,"{""competence-techniques-informatiques-gestion"": 5, ""competence-electronique-systemes"": 4, ""competence-multimedia-telecommunications"": 3, ""competence-statistiques-informatique"": 5}",robotique;design;finance,,recherche,teletravail,parcours-emii
cand-000407,matiere_synthetique_9,8.18,"{""competence-techniques-informatiques-gestion"": 4, ""competence-electronique-systemes"": 4, ""competence-multimedia-telecommunications"": 3, ""competence-statistiques-informatique"": 2}",agriculture,,entrepreneuriat,bureau,parcours-emii
cand-001677,matiere_synthetique_11;matiere_synthetique_4,10.28,"{""competence-techniques-informatiques-gestion"": 1, ""competence-electronique-systemes"": 2, ""competence-multimedia-telecommunications"": 3, ""competence-statistiques-informatique"": 4}",sante;management,,salariat,hybride,parcours-pip
cand-000687,matiere_synthetique_20;matiere_synthetique_2;matiere_synthetique_9,16.25,"{""competence-techniques-informatiques-gestion"": 5, ""competence-electronique-systemes"": 2, ""competence-multimedia-telecommunications"": 1, ""competence-statistiques-informatique"": 2}",robotique,projet_associatif,salariat,terrain,parcours-caa
cand-000394,matiere_synthetique_15;matiere_synthetique_13,15.95,"{""competence-techniques-informatiques-gestion"": 2, ""competence-electronique-systemes"": 5, ""competence-multimedia-telecommunications"": 5, ""competence-statistiques-informatique"": 3}",informatique;tourisme,,recherche,terrain,parcours-esiia
cand-000345,matiere_synthetique_17;matiere_synthetique_10,17.92,"{""competence-techniques-informatiques-gestion"": 2, ""competence-electronique-systemes"": 3, ""competence-multimedia-telecommunications"": 1, ""competence-statistiques-informatique"": 5}",finance,projet_personnel_tech,fonction_publique,hybride,parcours-emp
cand-001654,matiere_synthetique_3;matiere_synthetique_18,20.0,"{""competence-techniques-informatiques-gestion"": 5, ""competence-electronique-systemes"": 1, ""competence-multimedia-telecommunications"": 2, ""competence-statistiques-informatique"": 5}",robotique;tourisme;informatique,,recherche,teletravail,parcours-tee
cand-001362,matiere_synthetique_5;matiere_synthetique_12;matiere_synthetique_8,14.93,"{""competence-techniques-informatiques-gestion"": 5, ""competence-electronique-systemes"": 4, ""competence-multimedia-telecommunications"": 4, ""competence-statistiques-informatique"": 4}",ecologie,,recherche,terrain,parcours-emii
cand-000257,matiere_synthetique_1;matiere_synthetique_14;matiere_synthetique_16,10.19,"{""competence-techniques-informatiques-gestion"": 4, ""competence-electronique-systemes"": 2, ""competence-multimedia-telecommunications"": 5, ""competence-statistiques-informatique"": 3}",tourisme,,enseignement,terrain,parcours-gca
cand-001799,matiere_synthetique_10;matiere_synthetique_17;matiere_synthetique_18,14.64,"{""competence-techniques-informatiques-gestion"": 5, ""competence-electronique-systemes"": 5, ""competence-multimedia-telecommunications"": 5, ""competence-statistiques-informatique"": 3}",tourisme;ecologie,projet_personnel_tech;projet_associatif,fonction_publique,terrain,parcours-emii
cand-001149,matiere_synthetique_17;matiere_synthetique_10,13.26,"{""competence-techniques-informatiques-gestion"": 5, ""competence-electronique-systemes"": 2, ""competence-multimedia-telecommunications"": 5, ""competence-statistiques-informatique"": 2}",informatique,,fonction_publique,teletravail,parcours-tee
cand-000594,matiere_synthetique_17,9.51,"{""competence-techniques-informatiques-gestion"": 5, ""competence-electronique-systemes"": 3, ""competence-multimedia-telecommunications"": 5, ""competence-statistiques-informatique"": 5}",management;robotique;finance,,recherche,terrain,parcours-imticia
cand-001853,matiere_synthetique_18;matiere_synthetique_1,9.76,"{""competence-techniques-informatiques-gestion"": 4, ""competence-electronique-systemes"": 5, ""competence-multimedia-telecommunications"": 5, ""competence-statistiques-informatique"": 1}",robotique,,enseignement,teletravail,parcours-icmp
cand-001486,matiere_synthetique_10,12.7,"{""competence-techniques-informatiques-gestion"": 5, ""competence-electronique-systemes"": 2, ""competence-multimedia-telecommunications"": 5, ""competence-statistiques-informatique"": 4}",finance;robotique,,salariat,teletravail,parcours-isaia
cand-000535,matiere_synthetique_14,13.44,"{""competence-techniques-informatiques-gestion"": 1, ""competence-electronique-systemes"": 5, ""competence-multimedia-telecommunications"": 5, ""competence-statistiques-informatique"": 4}",design;informatique;sante,,fonction_publique,hybride,parcours-caa
cand-001744,matiere_synthetique_5,14.38,"{""competence-techniques-informatiques-gestion"": 0, ""competence-electronique-systemes"": 4, ""competence-multimedia-telecommunications"": 3, ""competence-statistiques-informatique"": 5}",ecologie,,recherche,terrain,parcours-gca
cand-001955,matiere_synthetique_11;matiere_synthetique_11,11.14,"{""competence-techniques-informatiques-gestion"": 3, ""competence-electronique-systemes"": 0, ""competence-multimedia-telecommunications"": 5, ""competence-statistiques-informatique"": 2}",finance;ecologie;agriculture,projet_associatif,recherche,terrain,parcours-caa
cand-000981,matiere_synthetique_11;matiere_synthetique_20;matiere_synthetique_19,15.77,"{""competence-techniques-informatiques-gestion"": 2, ""competence-electronique-systemes"": 1, ""competence-multimedia-telecommunications"": 3, ""competence-statistiques-informatique"": 4}",robotique;ecologie,projet_associatif,fonction_publique,teletravail,parcours-imticia
cand-000189,matiere_synthetique_3;matiere_synthetique_19;matiere_synthetique_4,14.43,"{""competence-techniques-informatiques-gestion"": 4, ""competence-electronique-systemes"": 3, ""competence-multimedia-telecommunications"": 5, ""competence-statistiques-informatique"": 3}",tourisme;design;agriculture,,enseignement,teletravail,parcours-fic
cand-000293,matiere_synthetique_12;matiere_synthetique_15;matiere_synthetique_12,11.67,"{""competence-techniques-informatiques-gestion"": 4, ""competence-electronique-systemes"": 1, ""competence-multimedia-telecommunications"": 5, ""competence-statistiques-informatique"": 2}",tourisme;sante;robotique,projet_associatif,fonction_publique,teletravail,parcours-dtja
cand-001860,matiere_synthetique_1;matiere_synthetique_14,8.5,"{""competence-techniques-informatiques-gestion"": 5, ""competence-electronique-systemes"": 1, ""competence-multimedia-telecommunications"": 5, ""competence-statistiques-informatique"": 3}",sante;management;design,,salariat,hybride,parcours-emii
cand-001457,matiere_synthetique_13;matiere_synthetique_19;matiere_synthetique_20,11.46,"{""competence-techniques-informatiques-gestion"": 1, ""competence-electronique-systemes"": 2, ""competence-multimedia-telecommunications"": 4, ""competence-statistiques-informatique"": 2}",ecologie,projet_associatif,salariat,bureau,parcours-aee
cand-001909,matiere_synthetique_14,11.04,"{""competence-techniques-informatiques-gestion"": 5, ""competence-electronique-systemes"": 5, ""competence-multimedia-telecommunications"": 5, ""competence-statistiques-informatique"": 1}",finance;design;robotique,,entrepreneuriat,hybride,parcours-tee
cand-001531,matiere_synthetique_17,14.42,"{""competence-techniques-informatiques-gestion"": 1, ""competence-electronique-systemes"": 4, ""competence-multimedia-telecommunications"": 4, ""competence-statistiques-informatique"": 4}",design;sante;ecologie,,fonction_publique,hybride,parcours-igglia
cand-000605,matiere_synthetique_14,11.48,"{""competence-techniques-informatiques-gestion"": 3, ""competence-electronique-systemes"": 2, ""competence-multimedia-telecommunications"": 5, ""competence-statistiques-informatique"": 5}",ecologie;tourisme,,salariat,bureau,parcours-esiia
cand-001683,matiere_synthetique_13,7.59,"{""competence-techniques-informatiques-gestion"": 1, ""competence-electronique-systemes"": 1, ""competence-multimedia-telecommunications"": 1, ""competence-statistiques-informatique"": 5}",design;robotique;sante,,recherche,hybride,parcours-esiia
cand-000509,matiere_synthetique_20;matiere_synthetique_13;matiere_synthetique_8,16.98,"{""competence-techniques-informatiques-gestion"": 3, ""competence-electronique-systemes"": 3, ""competence-multimedia-telecommunications"": 2, ""competence-statistiques-informatique"": 2}",robotique;informatique,,fonction_publique,hybride,parcours-icmp
cand-000413,matiere_synthetique_6;matiere_synthetique_17,16.84,"{""competence-techniques-informatiques-gestion"": 1, ""competence-electronique-systemes"": 3, ""competence-multimedia-telecommunications"": 5, ""competence-statistiques-informatique"": 4}",design;tourisme,,salariat,bureau,parcours-dtja
cand-000728,matiere_synthetique_9;matiere_synthetique_7,14.62,"{""competence-techniques-informatiques-gestion"": 2, ""competence-electronique-systemes"": 3, ""competence-multimedia-telecommunications"": 1, ""competence-statistiques-informatique"": 5}",ecologie;finance;sante,projet_personnel_tech,recherche,bureau,parcours-caa
cand-001618,matiere_synthetique_3,11.7,"{""competence-techniques-informatiques-gestion"": 1, ""competence-electronique-systemes"": 1, ""competence-multimedia-telecommunications"": 5, ""competence-statistiques-informatique"": 5}",tourisme;management;robotique,,salariat,hybride,parcours-imticia
cand-001878,matiere_synthetique_9;matiere_synthetique_6;matiere_synthetique_17,17.23,"{""competence-techniques-informatiques-gestion"": 4, ""competence-electronique-systemes"": 0, ""competence-multimedia-telecommunications"": 4, ""competence-statistiques-informatique"": 2}",robotique;ecologie;informatique,projet_personnel_tech,entrepreneuriat,bureau,parcours-emii
cand-001463,matiere_synthetique_4;matiere_synthetique_10;matiere_synthetique_9,11.2,"{""competence-techniques-informatiques-gestion"": 3, ""competence-electronique-systemes"": 4, ""competence-multimedia-telecommunications"": 1, ""competence-statistiques-informatique"": 5}",agriculture;design,,enseignement,hybride,parcours-imticia
cand-001353,matiere_synthetique_16;matiere_synthetique_15;matiere_synthetique_8,11.27,"{""competence-techniques-informatiques-gestion"": 3, ""competence-electronique-systemes"": 4, ""competence-multimedia-telecommunications"": 5, ""competence-statistiques-informatique"": 5}",ecologie;finance,,salariat,bureau,parcours-imticia
cand-001838,matiere_synthetique_10,12.4,"{""competence-techniques-informatiques-gestion"": 4, ""competence-electronique-systemes"": 2, ""competence-multimedia-telecommunications"": 2, ""competence-statistiques-informatique"": 4}",sante,projet_personnel_tech,recherche,hybride,parcours-fic
cand-000081,matiere_synthetique_2;matiere_synthetique_6;matiere_synthetique_8,16.83,"{""competence-techniques-informatiques-gestion"": 5, ""competence-electronique-systemes"": 5, ""competence-multimedia-telecommunications"": 4, ""competence-statistiques-informatique"": 5}",agriculture;management,projet_associatif,salariat,teletravail,parcours-emp
cand-001161,matiere_synthetique_14;matiere_synthetique_14,14.07,"{""competence-techniques-informatiques-gestion"": 1, ""competence-electronique-systemes"": 1, ""competence-multimedia-telecommunications"": 2, ""competence-statistiques-informatique"": 5}",design,projet_associatif,fonction_publique,terrain,parcours-teh
cand-000633,matiere_synthetique_13;matiere_synthetique_18,9.85,"{""competence-techniques-informatiques-gestion"": 0, ""competence-electronique-systemes"": 3, ""competence-multimedia-telecommunications"": 1, ""competence-statistiques-informatique"": 4}",management;design,,salariat,teletravail,parcours-isaia
cand-000284,matiere_synthetique_11,15.06,"{""competence-techniques-informatiques-gestion"": 5, ""competence-electronique-systemes"": 5, ""competence-multimedia-telecommunications"": 3, ""competence-statistiques-informatique"": 3}",informatique;design,projet_personnel_tech,enseignement,bureau,parcours-gca
cand-000127,matiere_synthetique_5;matiere_synthetique_17,15.26,"{""competence-techniques-informatiques-gestion"": 4, ""competence-electronique-systemes"": 1, ""competence-multimedia-telecommunications"": 2, ""competence-statistiques-informatique"": 3}",management;finance,,recherche,teletravail,parcours-emp
cand-001005,matiere_synthetique_20,9.31,"{""competence-techniques-informatiques-gestion"": 5, ""competence-electronique-systemes"": 5, ""competence-multimedia-telecommunications"": 4, ""competence-statistiques-informatique"": 0}",tourisme;informatique,,entrepreneuriat,bureau,parcours-emp
cand-001439,matiere_synthetique_1,9.88,"{""competence-techniques-informatiques-gestion"": 5, ""competence-electronique-systemes"": 2, ""competence-multimedia-telecommunications"": 2, ""competence-statistiques-informatique"": 1}",sante;ecologie,,salariat,bureau,parcours-caa
cand-001250,matiere_synthetique_13,17.99,"{""competence-techniques-informatiques-gestion"": 3, ""competence-electronique-systemes"": 1, ""competence-multimedia-telecommunications"": 2, ""competence-statistiques-informatique"": 2}",informatique;agriculture,projet_personnel_tech,fonction_publique,terrain,parcours-isaia
cand-000374,matiere_synthetique_14,13.38,"{""competence-techniques-informatiques-gestion"": 1, ""competence-electronique-systemes"": 2, ""competence-multimedia-telecommunications"": 5, ""competence-statistiques-informatique"": 5}",informatique,,recherche,terrain,parcours-iaa
cand-000723,matiere_synthetique_16,16.4,"{""competence-techniques-informatiques-gestion"": 5, ""competence-electronique-systemes"": 3, ""competence-multimedia-telecommunications"": 3, ""competence-statistiques-informatique"": 1}",robotique,projet_associatif,salariat,teletravail,parcours-fic
cand-000089,matiere_synthetique_9;matiere_synthetique_4,14.01,"{""competence-techniques-informatiques-gestion"": 0, ""competence-electronique-systemes"": 4, ""competence-multimedia-telecommunications"": 5, ""competence-statistiques-informatique"": 5}",design;agriculture,projet_associatif,enseignement,terrain,parcours-icmp
cand-001801,matiere_synthetique_3;matiere_synthetique_8;matiere_synthetique_7,10.55,"{""competence-techniques-informatiques-gestion"": 5, ""competence-electronique-systemes"": 0, ""competence-multimedia-telecommunications"": 3, ""competence-statistiques-informatique"": 0}",design;tourisme;management,,recherche,teletravail,parcours-emii
cand-000092,matiere_synthetique_20;matiere_synthetique_5;matiere_synthetique_4,14.02,"{""competence-techniques-informatiques-gestion"": 2, ""competence-electronique-systemes"": 5, ""competence-multimedia-telecommunications"": 4, ""competence-statistiques-informatique"": 4}",ecologie,,entrepreneuriat,bureau,parcours-tee
cand-001774,matiere_synthetique_10;matiere_synthetique_18,13.17,"{""competence-techniques-informatiques-gestion"": 2, ""competence-electronique-systemes"": 1, ""competence-multimedia-telecommunications"": 1, ""competence-statistiques-informatique"": 4}",sante;management,projet_personnel_tech,recherche,terrain,parcours-emp
cand-000037,matiere_synthetique_10;matiere_synthetique_3,13.07,"{""competence-techniques-informatiques-gestion"": 5, ""competence-electronique-systemes"": 4, ""competence-multimedia-telecommunications"": 1, ""competence-statistiques-informatique"": 2}",finance;ecologie,,recherche,bureau,parcours-aee
cand-000806,matiere_synthetique_1;matiere_synthetique_12,15.54,"{""competence-techniques-informatiques-gestion"": 3, ""competence-electronique-systemes"": 5, ""competence-multimedia-telecommunications"": 5, ""competence-statistiques-informatique"": 4}",agriculture,,recherche,teletravail,parcours-icmp
cand-000168,matiere_synthetique_6;matiere_synthetique_12,10.36,"{""competence-techniques-informatiques-gestion"": 0, ""competence-electronique-systemes"": 4, ""competence-multimedia-telecommunications"": 5, ""competence-statistiques-informatique"": 0}",management;informatique,projet_personnel_tech,fonction_publique,teletravail,parcours-emp
cand-000198,matiere_synthetique_15;matiere_synthetique_2;matiere_synthetique_7,9.54,"{""competence-techniques-informatiques-gestion"": 4, ""competence-electronique-systemes"": 4, ""competence-multimedia-telecommunications"": 0, ""competence-statistiques-informatique"": 4}",finance;management,,entrepreneuriat,teletravail,parcours-fic
cand-000159,matiere_synthetique_17;matiere_synthetique_9;matiere_synthetique_14,17.42,"{""competence-techniques-informatiques-gestion"": 1, ""competence-electronique-systemes"": 5, ""competence-multimedia-telecommunications"": 3, ""competence-statistiques-informatique"": 4}",management;ecologie;agriculture,,recherche,hybride,parcours-iaa
cand-001512,matiere_synthetique_18;matiere_synthetique_16,13.13,"{""competence-techniques-informatiques-gestion"": 2, ""competence-electronique-systemes"": 1, ""competence-multimedia-telecommunications"": 5, ""competence-statistiques-informatique"": 5}",management,,salariat,hybride,parcours-aee
cand-000153,matiere_synthetique_5;matiere_synthetique_7;matiere_synthetique_2,11.95,"{""competence-techniques-informatiques-gestion"": 5, ""competence-electronique-systemes"": 1, ""competence-multimedia-telecommunications"": 1, ""competence-statistiques-informatique"": 1}",finance;informatique,projet_personnel_tech,recherche,bureau,parcours-imticia
cand-000268,matiere_synthetique_4;matiere_synthetique_5,7.32,"{""competence-techniques-informatiques-gestion"": 2, ""competence-electronique-systemes"": 0, ""competence-multimedia-telecommunications"": 5, ""competence-statistiques-informatique"": 4}",tourisme;robotique;agriculture,projet_personnel_tech,recherche,bureau,parcours-esiia
cand-001458,matiere_synthetique_3;matiere_synthetique_18;matiere_synthetique_9,13.76,"{""competence-techniques-informatiques-gestion"": 4, ""competence-electronique-systemes"": 3, ""competence-multimedia-telecommunications"": 2, ""competence-statistiques-informatique"": 5}",informatique;agriculture;ecologie,,enseignement,bureau,parcours-fic
cand-001702,matiere_synthetique_5;matiere_synthetique_9;matiere_synthetique_15,12.7,"{""competence-techniques-informatiques-gestion"": 3, ""competence-electronique-systemes"": 5, ""competence-multimedia-telecommunications"": 3, ""competence-statistiques-informatique"": 5}",finance;agriculture;sante,,fonction_publique,hybride,parcours-imticia
cand-001833,matiere_synthetique_12;matiere_synthetique_9;matiere_synthetique_20,8.93,"{""competence-techniques-informatiques-gestion"": 4, ""competence-electronique-systemes"": 4, ""competence-multimedia-telecommunications"": 2, ""competence-statistiques-informatique"": 5}",design;management,,salariat,terrain,parcours-isaia
cand-000277,matiere_synthetique_10;matiere_synthetique_14;matiere_synthetique_7,11.73,"{""competence-techniques-informatiques-gestion"": 4, ""competence-electronique-systemes"": 4, ""competence-multimedia-telecommunications"": 5, ""competence-statistiques-informatique"": 4}",design;informatique,,fonction_publique,teletravail,parcours-emii
cand-001882,matiere_synthetique_5;matiere_synthetique_7,15.12,"{""competence-techniques-informatiques-gestion"": 5, ""competence-electronique-systemes"": 5, ""competence-multimedia-telecommunications"": 1, ""competence-statistiques-informatique"": 5}",management;ecologie,projet_associatif,recherche,terrain,parcours-gca
cand-000721,matiere_synthetique_13;matiere_synthetique_14,17.5,"{""competence-techniques-informatiques-gestion"": 5, ""competence-electronique-systemes"": 4, ""competence-multimedia-telecommunications"": 2, ""competence-statistiques-informatique"": 3}",sante;tourisme;finance,,recherche,hybride,parcours-emii
cand-000763,matiere_synthetique_16;matiere_synthetique_19,14.76,"{""competence-techniques-informatiques-gestion"": 5, ""competence-electronique-systemes"": 5, ""competence-multimedia-telecommunications"": 0, ""competence-statistiques-informatique"": 2}",agriculture;finance;management,,enseignement,bureau,parcours-isaia
cand-001330,matiere_synthetique_18;matiere_synthetique_1,9.39,"{""competence-techniques-informatiques-gestion"": 5, ""competence-electronique-systemes"": 5, ""competence-multimedia-telecommunications"": 1, ""competence-statistiques-informatique"": 4}",sante;tourisme,,salariat,teletravail,parcours-tee
cand-001901,matiere_synthetique_16;matiere_synthetique_20;matiere_synthetique_12,14.95,"{""competence-techniques-informatiques-gestion"": 5, ""competence-electronique-systemes"": 3, ""competence-multimedia-telecommunications"": 3, ""competence-statistiques-informatique"": 5}",robotique;management,,salariat,bureau,parcours-pip
cand-000652,matiere_synthetique_20,15.63,"{""competence-techniques-informatiques-gestion"": 5, ""competence-electronique-systemes"": 1, ""competence-multimedia-telecommunications"": 2, ""competence-statistiques-informatique"": 4}",ecologie;informatique,projet_personnel_tech,recherche,hybride,parcours-iaa
cand-001474,matiere_synthetique_7;matiere_synthetique_11;matiere_synthetique_10,14.88,"{""competence-techniques-informatiques-gestion"": 2, ""competence-electronique-systemes"": 2, ""competence-multimedia-telecommunications"": 2, ""competence-statistiques-informatique"": 3}",sante;informatique,,recherche,terrain,parcours-imticia
cand-000307,matiere_synthetique_12;matiere_synthetique_16,17.1,"{""competence-techniques-informatiques-gestion"": 1, ""competence-electronique-systemes"": 1, ""competence-multimedia-telecommunications"": 2, ""competence-statistiques-informatique"": 5}",management,,fonction_publique,teletravail,parcours-iaa
cand-000788,matiere_synthetique_15;matiere_synthetique_15,16.17,"{""competence-techniques-informatiques-gestion"": 2, ""competence-electronique-systemes"": 4, ""competence-multimedia-telecommunications"": 2, ""competence-statistiques-informatique"": 5}",finance;sante;informatique,projet_personnel_tech,fonction_publique,hybride,parcours-emii
cand-001904,matiere_synthetique_19;matiere_synthetique_10;matiere_synthetique_7,16.12,"{""competence-techniques-informatiques-gestion"": 1, ""competence-electronique-systemes"": 2, ""competence-multimedia-telecommunications"": 5, ""competence-statistiques-informatique"": 3}",tourisme,,fonction_publique,bureau,parcours-fic
cand-000713,matiere_synthetique_11;matiere_synthetique_9;matiere_synthetique_7,19.7,"{""competence-techniques-informatiques-gestion"": 1, ""competence-electronique-systemes"": 2, ""competence-multimedia-telecommunications"": 5, ""competence-statistiques-informatique"": 5}",sante;robotique;ecologie,,salariat,hybride,parcours-imticia
cand-000260,matiere_synthetique_4;matiere_synthetique_14;matiere_synthetique_3,9.17,"{""competence-techniques-informatiques-gestion"": 5, ""competence-electronique-systemes"": 3, ""competence-multimedia-telecommunications"": 2, ""competence-statistiques-informatique"": 1}",sante;design;robotique,,entrepreneuriat,terrain,parcours-dtja
cand-001770,matiere_synthetique_5;matiere_synthetique_10;matiere_synthetique_14,10.25,"{""competence-techniques-informatiques-gestion"": 1, ""competence-electronique-systemes"": 3, ""competence-multimedia-telecommunications"": 1, ""competence-statistiques-informatique"": 2}",agriculture;sante,,enseignement,terrain,parcours-dtja
cand-001598,matiere_synthetique_19,13.2,"{""competence-techniques-informatiques-gestion"": 5, ""competence-electronique-systemes"": 1, ""competence-multimedia-telecommunications"": 5, ""competence-statistiques-informatique"": 2}",ecologie,projet_personnel_tech,recherche,teletravail,parcours-igglia
cand-000677,matiere_synthetique_16;matiere_synthetique_19,11.65,"{""competence-techniques-informatiques-gestion"": 4, ""competence-electronique-systemes"": 4, ""competence-multimedia-telecommunications"": 5, ""competence-statistiques-informatique"": 4}",robotique,,salariat,teletravail,parcours-pip
cand-000055,matiere_synthetique_1,12.45,"{""competence-techniques-informatiques-gestion"": 5, ""competence-electronique-systemes"": 2, ""competence-multimedia-telecommunications"": 4, ""competence-statistiques-informatique"": 5}",agriculture;management;sante,,salariat,hybride,parcours-icmp
cand-000033,matiere_synthetique_17;matiere_synthetique_7;matiere_synthetique_5,13.56,"{""competence-techniques-informatiques-gestion"": 1, ""competence-electronique-systemes"": 3, ""competence-multimedia-telecommunications"": 3, ""competence-statistiques-informatique"": 4}",robotique;informatique;tourisme,,recherche,bureau,parcours-icmp
cand-001782,matiere_synthetique_18,10.55,"{""competence-techniques-informatiques-gestion"": 0, ""competence-electronique-systemes"": 5, ""competence-multimedia-telecommunications"": 1, ""competence-statistiques-informatique"": 5}",design,,entrepreneuriat,teletravail,parcours-fic
cand-001863,matiere_synthetique_6;matiere_synthetique_19,11.55,"{""competence-techniques-informatiques-gestion"": 4, ""competence-electronique-systemes"": 4, ""competence-multimedia-telecommunications"": 3, ""competence-statistiques-informatique"": 4}",ecologie,,recherche,hybride,parcours-tee
cand-001004,matiere_synthetique_11;matiere_synthetique_14,11.34,"{""competence-techniques-informatiques-gestion"": 3, ""competence-electronique-systemes"": 0, ""competence-multimedia-telecommunications"": 2, ""competence-statistiques-informatique"": 5}",ecologie;agriculture,projet_personnel_tech,recherche,bureau,parcours-pip
cand-001192,matiere_synthetique_4,9.87,"{""competence-techniques-informatiques-gestion"": 1, ""competence-electronique-systemes"": 4, ""competence-multimedia-telecommunications"": 3, ""competence-statistiques-informatique"": 5}",ecologie;agriculture,,recherche,terrain,parcours-teh
cand-001333,matiere_synthetique_16;matiere_synthetique_4,19.94,"{""competence-techniques-informatiques-gestion"": 3, ""competence-electronique-systemes"": 2, ""competence-multimedia-telecommunications"": 5, ""competence-statistiques-informatique"": 5}",management;agriculture;informatique,,entrepreneuriat,hybride,parcours-tee
cand-000078,matiere_synthetique_10;matiere_synthetique_2,16.14,"{""competence-techniques-informatiques-gestion"": 2, ""competence-electronique-systemes"": 1, ""competence-multimedia-telecommunications"": 1, ""competence-statistiques-informatique"": 5}",ecologie;design,,recherche,terrain,parcours-esiia
cand-000764,matiere_synthetique_2,14.43,"{""competence-techniques-informatiques-gestion"": 5, ""competence-electronique-systemes"": 0, ""competence-multimedia-telecommunications"": 5, ""competence-statistiques-informatique"": 5}",design;informatique;robotique,,entrepreneuriat,terrain,parcours-tee
cand-001347,matiere_synthetique_11;matiere_synthetique_3,15.05,"{""competence-techniques-informatiques-gestion"": 3, ""competence-electronique-systemes"": 4, ""competence-multimedia-telecommunications"": 3, ""competence-statistiques-informatique"": 1}",sante;ecologie,projet_associatif,fonction_publique,hybride,parcours-igglia
cand-000080,matiere_synthetique_4;matiere_synthetique_1,9.7,"{""competence-techniques-informatiques-gestion"": 1, ""competence-electronique-systemes"": 3, ""competence-multimedia-telecommunications"": 2, ""competence-statistiques-informatique"": 3}",management,projet_personnel_tech,entrepreneuriat,bureau,parcours-emii
cand-001334,matiere_synthetique_1;matiere_synthetique_8,17.69,"{""competence-techniques-informatiques-gestion"": 5, ""competence-electronique-systemes"": 5, ""competence-multimedia-telecommunications"": 1, ""competence-statistiques-informatique"": 0}",agriculture,,enseignement,teletravail,parcours-icmp
cand-000311,matiere_synthetique_10;matiere_synthetique_11,11.82,"{""competence-techniques-informatiques-gestion"": 5, ""competence-electronique-systemes"": 5, ""competence-multimedia-telecommunications"": 0, ""competence-statistiques-informatique"": 5}",sante;design;tourisme,projet_personnel_tech,recherche,bureau,parcours-gca
cand-000002,matiere_synthetique_8,16.73,"{""competence-techniques-informatiques-gestion"": 3, ""competence-electronique-systemes"": 4, ""competence-multimedia-telecommunications"": 4, ""competence-statistiques-informatique"": 2}",robotique,,enseignement,hybride,parcours-esiia
cand-000157,matiere_synthetique_15,11.47,"{""competence-techniques-informatiques-gestion"": 4, ""competence-electronique-systemes"": 3, ""competence-multimedia-telecommunications"": 3, ""competence-statistiques-informatique"": 5}",agriculture;management,,fonction_publique,hybride,parcours-caa
cand-001354,matiere_synthetique_15;matiere_synthetique_20;matiere_synthetique_2,12.29,"{""competence-techniques-informatiques-gestion"": 3, ""competence-electronique-systemes"": 2, ""competence-multimedia-telecommunications"": 0, ""competence-statistiques-informatique"": 0}",sante;management,,salariat,hybride,parcours-tee
cand-000762,matiere_synthetique_4;matiere_synthetique_1;matiere_synthetique_14,19.88,"{""competence-techniques-informatiques-gestion"": 5, ""competence-electronique-systemes"": 1, ""competence-multimedia-telecommunications"": 0, ""competence-statistiques-informatique"": 5}",robotique;ecologie;management,projet_associatif,entrepreneuriat,hybride,parcours-pip
cand-000587,matiere_synthetique_12,18.13,"{""competence-techniques-informatiques-gestion"": 0, ""competence-electronique-systemes"": 2, ""competence-multimedia-telecommunications"": 2, ""competence-statistiques-informatique"": 3}",robotique,projet_personnel_tech,entrepreneuriat,terrain,parcours-esiia
cand-001277,matiere_synthetique_19;matiere_synthetique_2;matiere_synthetique_18,11.08,"{""competence-techniques-informatiques-gestion"": 2, ""competence-electronique-systemes"": 4, ""competence-multimedia-telecommunications"": 2, ""competence-statistiques-informatique"": 2}",robotique;management,projet_personnel_tech,fonction_publique,hybride,parcours-emp
cand-000615,matiere_synthetique_18,14.97,"{""competence-techniques-informatiques-gestion"": 3, ""competence-electronique-systemes"": 5, ""competence-multimedia-telecommunications"": 2, ""competence-statistiques-informatique"": 1}",informatique;design;robotique,projet_associatif,enseignement,bureau,parcours-icmp
cand-000472,matiere_synthetique_5;matiere_synthetique_8;matiere_synthetique_6,8.72,"{""competence-techniques-informatiques-gestion"": 5, ""competence-electronique-systemes"": 5, ""competence-multimedia-telecommunications"": 3, ""competence-statistiques-informatique"": 3}",design;management,,enseignement,terrain,parcours-caa
cand-001916,matiere_synthetique_20;matiere_synthetique_11,14.66,"{""competence-techniques-informatiques-gestion"": 3, ""competence-electronique-systemes"": 5, ""competence-multimedia-telecommunications"": 3, ""competence-statistiques-informatique"": 5}",finance,,recherche,teletravail,parcours-imticia
cand-001530,matiere_synthetique_20;matiere_synthetique_20;matiere_synthetique_20,15.21,"{""competence-techniques-informatiques-gestion"": 4, ""competence-electronique-systemes"": 4, ""competence-multimedia-telecommunications"": 0, ""competence-statistiques-informatique"": 5}",design;management,projet_personnel_tech,fonction_publique,terrain,parcours-emp
cand-001577,matiere_synthetique_10;matiere_synthetique_10,9.29,"{""competence-techniques-informatiques-gestion"": 3, ""competence-electronique-systemes"": 2, ""competence-multimedia-telecommunications"": 3, ""competence-statistiques-informatique"": 5}",finance;ecologie,projet_personnel_tech,recherche,teletravail,parcours-isaia
cand-001941,matiere_synthetique_17;matiere_synthetique_17;matiere_synthetique_8,7.16,"{""competence-techniques-informatiques-gestion"": 1, ""competence-electronique-systemes"": 5, ""competence-multimedia-telecommunications"": 3, ""competence-statistiques-informatique"": 0}",tourisme,,entrepreneuriat,bureau,parcours-iaa
cand-001520,matiere_synthetique_20;matiere_synthetique_20,12.91,"{""competence-techniques-informatiques-gestion"": 2, ""competence-electronique-systemes"": 1, ""competence-multimedia-telecommunications"": 3, ""competence-statistiques-informatique"": 5}",robotique;sante;agriculture,,entrepreneuriat,hybride,parcours-caa
cand-000161,matiere_synthetique_9,14.64,"{""competence-techniques-informatiques-gestion"": 2, ""competence-electronique-systemes"": 5, ""competence-multimedia-telecommunications"": 5, ""competence-statistiques-informatique"": 1}",ecologie,,enseignement,hybride,parcours-aee
cand-001570,matiere_synthetique_7;matiere_synthetique_6,9.22,"{""competence-techniques-informatiques-gestion"": 5, ""competence-electronique-systemes"": 4, ""competence-multimedia-telecommunications"": 4, ""competence-statistiques-informatique"": 4}",agriculture;tourisme,projet_personnel_tech,fonction_publique,terrain,parcours-iaa
cand-001884,matiere_synthetique_18;matiere_synthetique_6,10.99,"{""competence-techniques-informatiques-gestion"": 3, ""competence-electronique-systemes"": 4, ""competence-multimedia-telecommunications"": 2, ""competence-statistiques-informatique"": 0}",sante,,salariat,teletravail,parcours-imticia
cand-001731,matiere_synthetique_1,16.35,"{""competence-techniques-informatiques-gestion"": 5, ""competence-electronique-systemes"": 0, ""competence-multimedia-telecommunications"": 0, ""competence-statistiques-informatique"": 1}",ecologie,,entrepreneuriat,hybride,parcours-teh
cand-001392,matiere_synthetique_7;matiere_synthetique_15;matiere_synthetique_12,16.59,"{""competence-techniques-informatiques-gestion"": 5, ""competence-electronique-systemes"": 5, ""competence-multimedia-telecommunications"": 5, ""competence-statistiques-informatique"": 4}",informatique;design;robotique,,recherche,bureau,parcours-caa
cand-001187,matiere_synthetique_16,13.06,"{""competence-techniques-informatiques-gestion"": 2, ""competence-electronique-systemes"": 4, ""competence-multimedia-telecommunications"": 5, ""competence-statistiques-informatique"": 4}",design,,enseignement,terrain,parcours-dtja
cand-000480,matiere_synthetique_4;matiere_synthetique_2;matiere_synthetique_7,10.53,"{""competence-techniques-informatiques-gestion"": 1, ""competence-electronique-systemes"": 3, ""competence-multimedia-telecommunications"": 5, ""competence-statistiques-informatique"": 2}",robotique;informatique,,recherche,hybride,parcours-pip
cand-000306,matiere_synthetique_6,9.12,"{""competence-techniques-informatiques-gestion"": 1, ""competence-electronique-systemes"": 4, ""competence-multimedia-telecommunications"": 1, ""competence-statistiques-informatique"": 2}",tourisme,projet_associatif,recherche,bureau,parcours-emp
cand-001107,matiere_synthetique_18;matiere_synthetique_20,8.9,"{""competence-techniques-informatiques-gestion"": 3, ""competence-electronique-systemes"": 2, ""competence-multimedia-telecommunications"": 3, ""competence-statistiques-informatique"": 1}",sante;informatique,,salariat,terrain,parcours-isaia
cand-001644,matiere_synthetique_7;matiere_synthetique_5;matiere_synthetique_2,10.01,"{""competence-techniques-informatiques-gestion"": 1, ""competence-electronique-systemes"": 5, ""competence-multimedia-telecommunications"": 2, ""competence-statistiques-informatique"": 2}",finance;tourisme;agriculture,,entrepreneuriat,bureau,parcours-emii
cand-001954,matiere_synthetique_16,10.42,"{""competence-techniques-informatiques-gestion"": 5, ""competence-electronique-systemes"": 5, ""competence-multimedia-telecommunications"": 4, ""competence-statistiques-informatique"": 3}",finance,projet_personnel_tech;projet_associatif,fonction_publique,terrain,parcours-emp
cand-000975,matiere_synthetique_13,15.97,"{""competence-techniques-informatiques-gestion"": 0, ""competence-electronique-systemes"": 5, ""competence-multimedia-telecommunications"": 5, ""competence-statistiques-informatique"": 2}",ecologie;finance;informatique,,entrepreneuriat,hybride,parcours-pip
cand-001129,matiere_synthetique_2;matiere_synthetique_7,15.14,"{""competence-techniques-informatiques-gestion"": 2, ""competence-electronique-systemes"": 3, ""competence-multimedia-telecommunications"": 5, ""competence-statistiques-informatique"": 1}",informatique;management;sante,,entrepreneuriat,terrain,parcours-dtja
cand-001070,matiere_synthetique_17;matiere_synthetique_12;matiere_synthetique_1,9.51,"{""competence-techniques-informatiques-gestion"": 1, ""competence-electronique-systemes"": 5, ""competence-multimedia-telecommunications"": 1, ""competence-statistiques-informatique"": 3}",sante,,enseignement,bureau,parcours-gca
cand-001289,matiere_synthetique_12;matiere_synthetique_12,9.29,"{""competence-techniques-informatiques-gestion"": 4, ""competence-electronique-systemes"": 4, ""competence-multimedia-telecommunications"": 5, ""competence-statistiques-informatique"": 4}",tourisme;finance,,recherche,hybride,parcours-pip
cand-000912,matiere_synthetique_19;matiere_synthetique_15,7.76,"{""competence-techniques-informatiques-gestion"": 0, ""competence-electronique-systemes"": 0, ""competence-multimedia-telecommunications"": 0, ""competence-statistiques-informatique"": 3}",tourisme,,recherche,teletravail,parcours-gca
cand-001601,matiere_synthetique_6,10.92,"{""competence-techniques-informatiques-gestion"": 1, ""competence-electronique-systemes"": 0, ""competence-multimedia-telecommunications"": 1, ""competence-statistiques-informatique"": 1}",ecologie;management;finance,projet_personnel_tech,enseignement,hybride,parcours-tee
cand-001229,matiere_synthetique_18;matiere_synthetique_20;matiere_synthetique_1,13.05,"{""competence-techniques-informatiques-gestion"": 0, ""competence-electronique-systemes"": 4, ""competence-multimedia-telecommunications"": 5, ""competence-statistiques-informatique"": 0}",management;ecologie,,enseignement,teletravail,parcours-fic
cand-000352,matiere_synthetique_19;matiere_synthetique_4,10.43,"{""competence-techniques-informatiques-gestion"": 5, ""competence-electronique-systemes"": 2, ""competence-multimedia-telecommunications"": 4, ""competence-statistiques-informatique"": 5}",agriculture;design,projet_personnel_tech,fonction_publique,teletravail,parcours-gca
cand-000412,matiere_synthetique_13,10.18,"{""competence-techniques-informatiques-gestion"": 3, ""competence-electronique-systemes"": 3, ""competence-multimedia-telecommunications"": 4, ""competence-statistiques-informatique"": 1}",sante;ecologie;agriculture,projet_associatif,enseignement,terrain,parcours-emp
cand-001046,matiere_synthetique_14,14.69,"{""competence-techniques-informatiques-gestion"": 4, ""competence-electronique-systemes"": 3, ""competence-multimedia-telecommunications"": 4, ""competence-statistiques-informatique"": 5}",design,projet_associatif,salariat,hybride,parcours-teh
cand-001708,matiere_synthetique_3,14.29,"{""competence-techniques-informatiques-gestion"": 1, ""competence-electronique-systemes"": 2, ""competence-multimedia-telecommunications"": 4, ""competence-statistiques-informatique"": 4}",robotique,,salariat,bureau,parcours-emp
cand-001055,matiere_synthetique_20,8.47,"{""competence-techniques-informatiques-gestion"": 1, ""competence-electronique-systemes"": 3, ""competence-multimedia-telecommunications"": 4, ""competence-statistiques-informatique"": 5}",robotique;finance;agriculture,,entrepreneuriat,teletravail,parcours-caa
cand-000043,matiere_synthetique_15,7.63,"{""competence-techniques-informatiques-gestion"": 2, ""competence-electronique-systemes"": 5, ""competence-multimedia-telecommunications"": 3, ""competence-statistiques-informatique"": 4}",informatique;sante,projet_personnel_tech,entrepreneuriat,teletravail,parcours-teh
cand-000973,matiere_synthetique_8,13.15,"{""competence-techniques-informatiques-gestion"": 4, ""competence-electronique-systemes"": 1, ""competence-multimedia-telecommunications"": 1, ""competence-statistiques-informatique"": 5}",robotique;finance;agriculture,,enseignement,hybride,parcours-imticia
cand-001335,matiere_synthetique_6,10.72,"{""competence-techniques-informatiques-gestion"": 5, ""competence-electronique-systemes"": 5, ""competence-multimedia-telecommunications"": 3, ""competence-statistiques-informatique"": 2}",finance;sante,,enseignement,teletravail,parcours-igglia
cand-000630,matiere_synthetique_1,8.7,"{""competence-techniques-informatiques-gestion"": 5, ""competence-electronique-systemes"": 4, ""competence-multimedia-telecommunications"": 3, ""competence-statistiques-informatique"": 2}",robotique;sante;management,,enseignement,hybride,parcours-iaa
cand-001761,matiere_synthetique_8,10.52,"{""competence-techniques-informatiques-gestion"": 4, ""competence-electronique-systemes"": 1, ""competence-multimedia-telecommunications"": 3, ""competence-statistiques-informatique"": 5}",management,,entrepreneuriat,terrain,parcours-igglia
cand-001073,matiere_synthetique_11,17.7,"{""competence-techniques-informatiques-gestion"": 5, ""competence-electronique-systemes"": 4, ""competence-multimedia-telecommunications"": 3, ""competence-statistiques-informatique"": 3}",robotique,projet_personnel_tech,enseignement,terrain,parcours-caa
cand-001318,matiere_synthetique_19,7.48,"{""competence-techniques-informatiques-gestion"": 3, ""competence-electronique-systemes"": 5, ""competence-multimedia-telecommunications"": 3, ""competence-statistiques-informatique"": 5}",management;agriculture,projet_personnel_tech,enseignement,teletravail,parcours-esiia
cand-000336,matiere_synthetique_19;matiere_synthetique_14,13.64,"{""competence-techniques-informatiques-gestion"": 5, ""competence-electronique-systemes"": 0, ""competence-multimedia-telecommunications"": 3, ""competence-statistiques-informatique"": 5}",finance,,fonction_publique,terrain,parcours-fic
cand-001603,matiere_synthetique_12;matiere_synthetique_6,11.54,"{""competence-techniques-informatiques-gestion"": 5, ""competence-electronique-systemes"": 5, ""competence-multimedia-telecommunications"": 2, ""competence-statistiques-informatique"": 3}",agriculture;informatique,projet_personnel_tech,fonction_publique,terrain,parcours-igglia
cand-001411,matiere_synthetique_17;matiere_synthetique_9,14.81,"{""competence-techniques-informatiques-gestion"": 3, ""competence-electronique-systemes"": 4, ""competence-multimedia-telecommunications"": 4, ""competence-statistiques-informatique"": 5}",ecologie;agriculture,projet_personnel_tech,entrepreneuriat,teletravail,parcours-fic
cand-001385,matiere_synthetique_11;matiere_synthetique_12,17.02,"{""competence-techniques-informatiques-gestion"": 4, ""competence-electronique-systemes"": 1, ""competence-multimedia-telecommunications"": 4, ""competence-statistiques-informatique"": 5}",sante;robotique,,salariat,teletravail,parcours-aee
cand-000598,matiere_synthetique_12;matiere_synthetique_18,17.4,"{""competence-techniques-informatiques-gestion"": 5, ""competence-electronique-systemes"": 3, ""competence-multimedia-telecommunications"": 1, ""competence-statistiques-informatique"": 3}",management,,enseignement,hybride,parcours-esiia
cand-000416,matiere_synthetique_1,18.12,"{""competence-techniques-informatiques-gestion"": 5, ""competence-electronique-systemes"": 5, ""competence-multimedia-telecommunications"": 2, ""competence-statistiques-informatique"": 5}",management;robotique,,recherche,teletravail,parcours-esiia
cand-001453,matiere_synthetique_19;matiere_synthetique_17;matiere_synthetique_14,10.09,"{""competence-techniques-informatiques-gestion"": 2, ""competence-electronique-systemes"": 5, ""competence-multimedia-telecommunications"": 5, ""competence-statistiques-informatique"": 3}",informatique;agriculture;robotique,,recherche,hybride,parcours-tee
cand-000610,matiere_synthetique_8,7.33,"{""competence-techniques-informatiques-gestion"": 4, ""competence-electronique-systemes"": 5, ""competence-multimedia-telecommunications"": 3, ""competence-statistiques-informatique"": 4}",design;management,projet_associatif,entrepreneuriat,hybride,parcours-caa
cand-001332,matiere_synthetique_5,7.21,"{""competence-techniques-informatiques-gestion"": 5, ""competence-electronique-systemes"": 1, ""competence-multimedia-telecommunications"": 5, ""competence-statistiques-informatique"": 4}",management;tourisme,,enseignement,terrain,parcours-caa
cand-000094,matiere_synthetique_15;matiere_synthetique_11;matiere_synthetique_9,14.78,"{""competence-techniques-informatiques-gestion"": 4, ""competence-electronique-systemes"": 5, ""competence-multimedia-telecommunications"": 5, ""competence-statistiques-informatique"": 5}",robotique,projet_associatif,fonction_publique,hybride,parcours-imticia
cand-000221,matiere_synthetique_20;matiere_synthetique_1;matiere_synthetique_15,13.2,"{""competence-techniques-informatiques-gestion"": 5, ""competence-electronique-systemes"": 5, ""competence-multimedia-telecommunications"": 3, ""competence-statistiques-informatique"": 1}",robotique;agriculture,projet_associatif,entrepreneuriat,bureau,parcours-imticia
cand-000808,matiere_synthetique_4;matiere_synthetique_2;matiere_synthetique_7,12.21,"{""competence-techniques-informatiques-gestion"": 1, ""competence-electronique-systemes"": 2, ""competence-multimedia-telecommunications"": 0, ""competence-statistiques-informatique"": 5}",management;design,,entrepreneuriat,hybride,parcours-igglia
cand-001443,matiere_synthetique_18;matiere_synthetique_19,16.34,"{""competence-techniques-informatiques-gestion"": 5, ""competence-electronique-systemes"": 1, ""competence-multimedia-telecommunications"": 1, ""competence-statistiques-informatique"": 0}",informatique;tourisme,projet_personnel_tech,salariat,teletravail,parcours-pip
cand-000791,matiere_synthetique_16,11.69,"{""competence-techniques-informatiques-gestion"": 4, ""competence-electronique-systemes"": 1, ""competence-multimedia-telecommunications"": 4, ""competence-statistiques-informatique"": 5}",management;ecologie,,salariat,bureau,parcours-esiia
cand-001257,matiere_synthetique_13;matiere_synthetique_12,18.21,"{""competence-techniques-informatiques-gestion"": 4, ""competence-electronique-systemes"": 3, ""competence-multimedia-telecommunications"": 3, ""competence-statistiques-informatique"": 2}",agriculture;tourisme,projet_personnel_tech;projet_associatif,enseignement,hybride,parcours-esiia
cand-000772,matiere_synthetique_10;matiere_synthetique_20;matiere_synthetique_19,7.93,"{""competence-techniques-informatiques-gestion"": 3, ""competence-electronique-systemes"": 2, ""competence-multimedia-telecommunications"": 5, ""competence-statistiques-informatique"": 1}",management,,recherche,terrain,parcours-dtja
cand-000196,matiere_synthetique_9;matiere_synthetique_8,15.38,"{""competence-techniques-informatiques-gestion"": 4, ""competence-electronique-systemes"": 4, ""competence-multimedia-telecommunications"": 3, ""competence-statistiques-informatique"": 5}",sante;design,,recherche,bureau,parcours-icmp
cand-000578,matiere_synthetique_6;matiere_synthetique_2,17.58,"{""competence-techniques-informatiques-gestion"": 2, ""competence-electronique-systemes"": 4, ""competence-multimedia-telecommunications"": 5, ""competence-statistiques-informatique"": 3}",design,,entrepreneuriat,teletravail,parcours-caa
cand-000350,matiere_synthetique_19,13.59,"{""competence-techniques-informatiques-gestion"": 5, ""competence-electronique-systemes"": 5, ""competence-multimedia-telecommunications"": 3, ""competence-statistiques-informatique"": 2}",agriculture;management;finance,,fonction_publique,hybride,parcours-emp
cand-000512,matiere_synthetique_2;matiere_synthetique_3,9.64,"{""competence-techniques-informatiques-gestion"": 5, ""competence-electronique-systemes"": 5, ""competence-multimedia-telecommunications"": 3, ""competence-statistiques-informatique"": 3}",finance,projet_personnel_tech,enseignement,bureau,parcours-teh
cand-000199,matiere_synthetique_1;matiere_synthetique_10,15.22,"{""competence-techniques-informatiques-gestion"": 4, ""competence-electronique-systemes"": 1, ""competence-multimedia-telecommunications"": 5, ""competence-statistiques-informatique"": 1}",finance;robotique,,entrepreneuriat,teletravail,parcours-imticia
cand-000477,matiere_synthetique_1;matiere_synthetique_19,15.19,"{""competence-techniques-informatiques-gestion"": 5, ""competence-electronique-systemes"": 3, ""competence-multimedia-telecommunications"": 1, ""competence-statistiques-informatique"": 5}",sante;agriculture;ecologie,,entrepreneuriat,bureau,parcours-fic
cand-000796,matiere_synthetique_18;matiere_synthetique_11,7.51,"{""competence-techniques-informatiques-gestion"": 1, ""competence-electronique-systemes"": 3, ""competence-multimedia-telecommunications"": 4, ""competence-statistiques-informatique"": 2}",robotique;sante;finance,,enseignement,bureau,parcours-isaia
cand-001012,matiere_synthetique_3;matiere_synthetique_10,8.5,"{""competence-techniques-informatiques-gestion"": 4, ""competence-electronique-systemes"": 0, ""competence-multimedia-telecommunications"": 4, ""competence-statistiques-informatique"": 2}",informatique,,salariat,teletravail,parcours-emp
cand-000998,matiere_synthetique_1;matiere_synthetique_10;matiere_synthetique_9,17.34,"{""competence-techniques-informatiques-gestion"": 4, ""competence-electronique-systemes"": 3, ""competence-multimedia-telecommunications"": 4, ""competence-statistiques-informatique"": 4}",informatique;tourisme,,salariat,bureau,parcours-emp
cand-000282,matiere_synthetique_13;matiere_synthetique_14;matiere_synthetique_7,12.18,"{""competence-techniques-informatiques-gestion"": 2, ""competence-electronique-systemes"": 5, ""competence-multimedia-telecommunications"": 5, ""competence-statistiques-informatique"": 4}",robotique;agriculture,projet_associatif,recherche,hybride,parcours-aee
cand-001132,matiere_synthetique_13,14.85,"{""competence-techniques-informatiques-gestion"": 1, ""competence-electronique-systemes"": 2, ""competence-multimedia-telecommunications"": 2, ""competence-statistiques-informatique"": 4}",tourisme,,salariat,bureau,parcours-esiia
cand-001232,matiere_synthetique_14,7.57,"{""competence-techniques-informatiques-gestion"": 5, ""competence-electronique-systemes"": 0, ""competence-multimedia-telecommunications"": 2, ""competence-statistiques-informatique"": 2}",management;sante;ecologie,,salariat,terrain,parcours-emp
cand-000355,matiere_synthetique_11,16.62,"{""competence-techniques-informatiques-gestion"": 1, ""competence-electronique-systemes"": 2, ""competence-multimedia-telecommunications"": 2, ""competence-statistiques-informatique"": 5}",sante,,enseignement,teletravail,parcours-gca
cand-001726,matiere_synthetique_10;matiere_synthetique_13;matiere_synthetique_1,12.44,"{""competence-techniques-informatiques-gestion"": 1, ""competence-electronique-systemes"": 4, ""competence-multimedia-telecommunications"": 5, ""competence-statistiques-informatique"": 5}",tourisme,,entrepreneuriat,teletravail,parcours-pip
cand-000686,matiere_synthetique_6,12.22,"{""competence-techniques-informatiques-gestion"": 2, ""competence-electronique-systemes"": 5, ""competence-multimedia-telecommunications"": 3, ""competence-statistiques-informatique"": 0}",informatique;finance,projet_personnel_tech;projet_associatif,recherche,teletravail,parcours-imticia
cand-000469,matiere_synthetique_10;matiere_synthetique_17,11.78,"{""competence-techniques-informatiques-gestion"": 4, ""competence-electronique-systemes"": 2, ""competence-multimedia-telecommunications"": 4, ""competence-statistiques-informatique"": 5}",design;ecologie,projet_associatif,fonction_publique,terrain,parcours-imticia
cand-001002,matiere_synthetique_19;matiere_synthetique_12;matiere_synthetique_18,12.37,"{""competence-techniques-informatiques-gestion"": 2, ""competence-electronique-systemes"": 4, ""competence-multimedia-telecommunications"": 5, ""competence-statistiques-informatique"": 1}",design;ecologie;finance,,recherche,hybride,parcours-esiia
cand-001646,matiere_synthetique_10;matiere_synthetique_3,14.88,"{""competence-techniques-informatiques-gestion"": 5, ""competence-electronique-systemes"": 5, ""competence-multimedia-telecommunications"": 5, ""competence-statistiques-informatique"": 1}",finance;design;agriculture,,fonction_publique,hybride,parcours-emp
cand-001093,matiere_synthetique_8;matiere_synthetique_10;matiere_synthetique_2,11.53,"{""competence-techniques-informatiques-gestion"": 3, ""competence-electronique-systemes"": 5, ""competence-multimedia-telecommunications"": 4, ""competence-statistiques-informatique"": 3}",robotique;management;tourisme,projet_personnel_tech,enseignement,teletravail,parcours-isaia
cand-000465,matiere_synthetique_10;matiere_synthetique_9,11.33,"{""competence-techniques-informatiques-gestion"": 1, ""competence-electronique-systemes"": 5, ""competence-multimedia-telecommunications"": 5, ""competence-statistiques-informatique"": 5}",management,,salariat,bureau,parcours-esiia
cand-000547,matiere_synthetique_20;matiere_synthetique_20;matiere_synthetique_9,15.14,"{""competence-techniques-informatiques-gestion"": 3, ""competence-electronique-systemes"": 5, ""competence-multimedia-telecommunications"": 5, ""competence-statistiques-informatique"": 1}",ecologie,projet_personnel_tech,enseignement,teletravail,parcours-pip
cand-001971,matiere_synthetique_8,15.27,"{""competence-techniques-informatiques-gestion"": 4, ""competence-electronique-systemes"": 4, ""competence-multimedia-telecommunications"": 5, ""competence-statistiques-informatique"": 4}",agriculture;finance;management,,entrepreneuriat,teletravail,parcours-icmp
cand-000185,matiere_synthetique_4;matiere_synthetique_8,17.48,"{""competence-techniques-informatiques-gestion"": 5, ""competence-electronique-systemes"": 3, ""competence-multimedia-telecommunications"": 5, ""competence-statistiques-informatique"": 5}",agriculture;finance,,enseignement,teletravail,parcours-icmp
cand-000418,matiere_synthetique_5;matiere_synthetique_14,16.2,"{""competence-techniques-informatiques-gestion"": 2, ""competence-electronique-systemes"": 4, ""competence-multimedia-telecommunications"": 5, ""competence-statistiques-informatique"": 2}",design;sante,projet_personnel_tech,salariat,teletravail,parcours-pip
cand-001546,matiere_synthetique_16,15.66,"{""competence-techniques-informatiques-gestion"": 2, ""competence-electronique-systemes"": 3, ""competence-multimedia-telecommunications"": 2, ""competence-statistiques-informatique"": 5}",sante;management,,enseignement,terrain,parcours-dtja
cand-000691,matiere_synthetique_2;matiere_synthetique_13;matiere_synthetique_11,10.0,"{""competence-techniques-informatiques-gestion"": 4, ""competence-electronique-systemes"": 5, ""competence-multimedia-telecommunications"": 1, ""competence-statistiques-informatique"": 3}",finance,,enseignement,bureau,parcours-esiia
cand-000084,matiere_synthetique_13,14.77,"{""competence-techniques-informatiques-gestion"": 1, ""competence-electronique-systemes"": 5, ""competence-multimedia-telecommunications"": 1, ""competence-statistiques-informatique"": 2}",sante,,entrepreneuriat,teletravail,parcours-imticia
cand-001219,matiere_synthetique_4;matiere_synthetique_10,18.25,"{""competence-techniques-informatiques-gestion"": 3, ""competence-electronique-systemes"": 5, ""competence-multimedia-telecommunications"": 5, ""competence-statistiques-informatique"": 4}",finance,projet_personnel_tech,fonction_publique,hybride,parcours-isaia
cand-001984,matiere_synthetique_6;matiere_synthetique_15;matiere_synthetique_17,12.04,"{""competence-techniques-informatiques-gestion"": 4, ""competence-electronique-systemes"": 5, ""competence-multimedia-telecommunications"": 4, ""competence-statistiques-informatique"": 5}",agriculture;design,,fonction_publique,teletravail,parcours-tee
cand-001826,matiere_synthetique_17;matiere_synthetique_18;matiere_synthetique_16,14.51,"{""competence-techniques-informatiques-gestion"": 1, ""competence-electronique-systemes"": 3, ""competence-multimedia-telecommunications"": 4, ""competence-statistiques-informatique"": 5}",tourisme;sante;informatique,,enseignement,bureau,parcours-teh
cand-000842,matiere_synthetique_15,9.57,"{""competence-techniques-informatiques-gestion"": 5, ""competence-electronique-systemes"": 4, ""competence-multimedia-telecommunications"": 1, ""competence-statistiques-informatique"": 2}",tourisme,projet_associatif,enseignement,teletravail,parcours-gca
cand-000400,matiere_synthetique_11;matiere_synthetique_8,12.74,"{""competence-techniques-informatiques-gestion"": 4, ""competence-electronique-systemes"": 4, ""competence-multimedia-telecommunications"": 2, ""competence-statistiques-informatique"": 1}",finance;management;tourisme,projet_personnel_tech,fonction_publique,hybride,parcours-pip
cand-001567,matiere_synthetique_19;matiere_synthetique_13,9.28,"{""competence-techniques-informatiques-gestion"": 4, ""competence-electronique-systemes"": 5, ""competence-multimedia-telecommunications"": 1, ""competence-statistiques-informatique"": 5}",sante,,enseignement,teletravail,parcours-emp
cand-000341,matiere_synthetique_16;matiere_synthetique_8;matiere_synthetique_9,10.18,"{""competence-techniques-informatiques-gestion"": 3, ""competence-electronique-systemes"": 5, ""competence-multimedia-telecommunications"": 3, ""competence-statistiques-informatique"": 2}",robotique,projet_personnel_tech,recherche,teletravail,parcours-tee
cand-000521,matiere_synthetique_20,8.27,"{""competence-techniques-informatiques-gestion"": 1, ""competence-electronique-systemes"": 4, ""competence-multimedia-telecommunications"": 5, ""competence-statistiques-informatique"": 0}",robotique,projet_personnel_tech,entrepreneuriat,teletravail,parcours-esiia
cand-001519,matiere_synthetique_6,10.89,"{""competence-techniques-informatiques-gestion"": 5, ""competence-electronique-systemes"": 5, ""competence-multimedia-telecommunications"": 3, ""competence-statistiques-informatique"": 5}",management,,salariat,terrain,parcours-caa
cand-000961,matiere_synthetique_17,8.09,"{""competence-techniques-informatiques-gestion"": 5, ""competence-electronique-systemes"": 5, ""competence-multimedia-telecommunications"": 4, ""competence-statistiques-informatique"": 3}",management;finance;agriculture,,enseignement,terrain,parcours-aee
cand-000470,matiere_synthetique_3;matiere_synthetique_2;matiere_synthetique_13,16.75,"{""competence-techniques-informatiques-gestion"": 4, ""competence-electronique-systemes"": 4, ""competence-multimedia-telecommunications"": 2, ""competence-statistiques-informatique"": 5}",robotique;management,,salariat,teletravail,parcours-emp
cand-000314,matiere_synthetique_20;matiere_synthetique_13,14.44,"{""competence-techniques-informatiques-gestion"": 2, ""competence-electronique-systemes"": 5, ""competence-multimedia-telecommunications"": 5, ""competence-statistiques-informatique"": 5}",finance;robotique;design,,fonction_publique,hybride,parcours-imticia
cand-001260,matiere_synthetique_12;matiere_synthetique_10;matiere_synthetique_14,17.01,"{""competence-techniques-informatiques-gestion"": 3, ""competence-electronique-systemes"": 5, ""competence-multimedia-telecommunications"": 2, ""competence-statistiques-informatique"": 3}",informatique;management;design,,fonction_publique,terrain,parcours-gca
cand-000905,matiere_synthetique_7;matiere_synthetique_2,11.61,"{""competence-techniques-informatiques-gestion"": 5, ""competence-electronique-systemes"": 5, ""competence-multimedia-telecommunications"": 4, ""competence-statistiques-informatique"": 3}",design;agriculture;tourisme,projet_associatif,enseignement,terrain,parcours-teh
cand-000528,matiere_synthetique_1;matiere_synthetique_17;matiere_synthetique_14,17.94,"{""competence-techniques-informatiques-gestion"": 4, ""competence-electronique-systemes"": 2, ""competence-multimedia-telecommunications"": 4, ""competence-statistiques-informatique"": 4}",sante,projet_associatif,entrepreneuriat,bureau,parcours-dtja
cand-001786,matiere_synthetique_5;matiere_synthetique_7,16.03,"{""competence-techniques-informatiques-gestion"": 5, ""competence-electronique-systemes"": 2, ""competence-multimedia-telecommunications"": 5, ""competence-statistiques-informatique"": 2}",agriculture;ecologie;robotique,projet_associatif,entrepreneuriat,bureau,parcours-imticia
cand-001214,matiere_synthetique_5;matiere_synthetique_20,12.3,"{""competence-techniques-informatiques-gestion"": 5, ""competence-electronique-systemes"": 1, ""competence-multimedia-telecommunications"": 3, ""competence-statistiques-informatique"": 3}",informatique;tourisme;finance,,fonction_publique,teletravail,parcours-imticia
cand-000069,matiere_synthetique_20;matiere_synthetique_3;matiere_synthetique_4,15.27,"{""competence-techniques-informatiques-gestion"": 3, ""competence-electronique-systemes"": 1, ""competence-multimedia-telecommunications"": 4, ""competence-statistiques-informatique"": 5}",design;management,projet_personnel_tech,fonction_publique,terrain,parcours-fic
cand-000965,matiere_synthetique_13;matiere_synthetique_16,8.61,"{""competence-techniques-informatiques-gestion"": 5, ""competence-electronique-systemes"": 5, ""competence-multimedia-telecommunications"": 5, ""competence-statistiques-informatique"": 2}",informatique,,recherche,bureau,parcours-tee
cand-001630,matiere_synthetique_13,9.81,"{""competence-techniques-informatiques-gestion"": 3, ""competence-electronique-systemes"": 3, ""competence-multimedia-telecommunications"": 4, ""competence-statistiques-informatique"": 3}",management;sante;agriculture,,recherche,teletravail,parcours-caa
cand-001903,matiere_synthetique_16;matiere_synthetique_19;matiere_synthetique_9,8.94,"{""competence-techniques-informatiques-gestion"": 1, ""competence-electronique-systemes"": 3, ""competence-multimedia-telecommunications"": 4, ""competence-statistiques-informatique"": 5}",robotique;tourisme,,enseignement,terrain,parcours-iaa
cand-001908,matiere_synthetique_18;matiere_synthetique_3,10.91,"{""competence-techniques-informatiques-gestion"": 1, ""competence-electronique-systemes"": 2, ""competence-multimedia-telecommunications"": 1, ""competence-statistiques-informatique"": 2}",management;sante,projet_personnel_tech,enseignement,terrain,parcours-iaa
cand-001749,matiere_synthetique_19,9.34,"{""competence-techniques-informatiques-gestion"": 2, ""competence-electronique-systemes"": 5, ""competence-multimedia-telecommunications"": 4, ""competence-statistiques-informatique"": 2}",tourisme;ecologie;finance,,recherche,terrain,parcours-dtja
cand-001734,matiere_synthetique_3;matiere_synthetique_17;matiere_synthetique_3,11.56,"{""competence-techniques-informatiques-gestion"": 1, ""competence-electronique-systemes"": 4, ""competence-multimedia-telecommunications"": 5, ""competence-statistiques-informatique"": 5}",design;robotique;informatique,,salariat,terrain,parcours-esiia
cand-000743,matiere_synthetique_8;matiere_synthetique_2;matiere_synthetique_14,12.8,"{""competence-techniques-informatiques-gestion"": 2, ""competence-electronique-systemes"": 3, ""competence-multimedia-telecommunications"": 5, ""competence-statistiques-informatique"": 1}",tourisme;robotique;ecologie,projet_personnel_tech,fonction_publique,teletravail,parcours-esiia
cand-000924,matiere_synthetique_14;matiere_synthetique_2,12.66,"{""competence-techniques-informatiques-gestion"": 5, ""competence-electronique-systemes"": 4, ""competence-multimedia-telecommunications"": 3, ""competence-statistiques-informatique"": 1}",tourisme;management;informatique,projet_associatif,enseignement,hybride,parcours-gca
cand-000290,matiere_synthetique_20;matiere_synthetique_16;matiere_synthetique_4,8.57,"{""competence-techniques-informatiques-gestion"": 4, ""competence-electronique-systemes"": 5, ""competence-multimedia-telecommunications"": 2, ""competence-statistiques-informatique"": 1}",design,,salariat,hybride,parcours-pip
cand-000180,matiere_synthetique_9;matiere_synthetique_16,18.35,"{""competence-techniques-informatiques-gestion"": 5, ""competence-electronique-systemes"": 0, ""competence-multimedia-telecommunications"": 1, ""competence-statistiques-informatique"": 4}",ecologie;agriculture;management,projet_personnel_tech,recherche,bureau,parcours-imticia
cand-001539,matiere_synthetique_12,17.5,"{""competence-techniques-informatiques-gestion"": 3, ""competence-electronique-systemes"": 1, ""competence-multimedia-telecommunications"": 4, ""competence-statistiques-informatique"": 4}",robotique,,enseignement,hybride,parcours-pip
cand-000440,matiere_synthetique_14,12.86,"{""competence-techniques-informatiques-gestion"": 2, ""competence-electronique-systemes"": 3, ""competence-multimedia-telecommunications"": 0, ""competence-statistiques-informatique"": 5}",informatique,,entrepreneuriat,teletravail,parcours-aee
cand-000047,matiere_synthetique_18,12.55,"{""competence-techniques-informatiques-gestion"": 2, ""competence-electronique-systemes"": 1, ""competence-multimedia-telecommunications"": 5, ""competence-statistiques-informatique"": 3}",ecologie,,recherche,teletravail,parcours-fic
cand-001950,matiere_synthetique_10;matiere_synthetique_17,12.97,"{""competence-techniques-informatiques-gestion"": 3, ""competence-electronique-systemes"": 5, ""competence-multimedia-telecommunications"": 2, ""competence-statistiques-informatique"": 1}",robotique;design,projet_personnel_tech,salariat,hybride,parcours-emp
cand-000980,matiere_synthetique_5;matiere_synthetique_7;matiere_synthetique_4,8.36,"{""competence-techniques-informatiques-gestion"": 1, ""competence-electronique-systemes"": 1, ""competence-multimedia-telecommunications"": 4, ""competence-statistiques-informatique"": 4}",sante;informatique;design,projet_personnel_tech,salariat,bureau,parcours-gca
cand-000551,matiere_synthetique_18;matiere_synthetique_5,13.5,"{""competence-techniques-informatiques-gestion"": 4, ""competence-electronique-systemes"": 5, ""competence-multimedia-telecommunications"": 1, ""competence-statistiques-informatique"": 1}",agriculture;tourisme;finance,,recherche,terrain,parcours-gca
cand-001477,matiere_synthetique_7,15.17,"{""competence-techniques-informatiques-gestion"": 5, ""competence-electronique-systemes"": 2, ""competence-multimedia-telecommunications"": 3, ""competence-statistiques-informatique"": 4}",ecologie,projet_personnel_tech,recherche,teletravail,parcours-imticia
cand-001584,matiere_synthetique_11,9.74,"{""competence-techniques-informatiques-gestion"": 2, ""competence-electronique-systemes"": 1, ""competence-multimedia-telecommunications"": 3, ""competence-statistiques-informatique"": 4}",ecologie;informatique;sante,,enseignement,terrain,parcours-gca
cand-001897,matiere_synthetique_12;matiere_synthetique_2,12.28,"{""competence-techniques-informatiques-gestion"": 1, ""competence-electronique-systemes"": 3, ""competence-multimedia-telecommunications"": 3, ""competence-statistiques-informatique"": 3}",tourisme,,entrepreneuriat,terrain,parcours-esiia
cand-000801,matiere_synthetique_11,8.97,"{""competence-techniques-informatiques-gestion"": 1, ""competence-electronique-systemes"": 5, ""competence-multimedia-telecommunications"": 2, ""competence-statistiques-informatique"": 1}",finance;agriculture,,entrepreneuriat,bureau,parcours-caa
cand-000711,matiere_synthetique_2;matiere_synthetique_4,8.17,"{""competence-techniques-informatiques-gestion"": 2, ""competence-electronique-systemes"": 1, ""competence-multimedia-telecommunications"": 2, ""competence-statistiques-informatique"": 2}",tourisme;finance;ecologie,,salariat,terrain,parcours-emii
cand-000328,matiere_synthetique_15,12.2,"{""competence-techniques-informatiques-gestion"": 4, ""competence-electronique-systemes"": 3, ""competence-multimedia-telecommunications"": 4, ""competence-statistiques-informatique"": 1}",management;agriculture,projet_associatif,enseignement,hybride,parcours-isaia
cand-001054,matiere_synthetique_18;matiere_synthetique_4;matiere_synthetique_3,9.68,"{""competence-techniques-informatiques-gestion"": 4, ""competence-electronique-systemes"": 2, ""competence-multimedia-telecommunications"": 1, ""competence-statistiques-informatique"": 4}",tourisme,,enseignement,teletravail,parcours-dtja
cand-001745,matiere_synthetique_10;matiere_synthetique_12,9.06,"{""competence-techniques-informatiques-gestion"": 5, ""competence-electronique-systemes"": 4, ""competence-multimedia-telecommunications"": 4, ""competence-statistiques-informatique"": 1}",finance;tourisme;robotique,,recherche,hybride,parcours-gca
cand-001917,matiere_synthetique_3;matiere_synthetique_14;matiere_synthetique_2,8.82,"{""competence-techniques-informatiques-gestion"": 2, ""competence-electronique-systemes"": 3, ""competence-multimedia-telecommunications"": 5, ""competence-statistiques-informatique"": 2}",design;ecologie,,entrepreneuriat,hybride,parcours-esiia
cand-000656,matiere_synthetique_9;matiere_synthetique_5,14.67,"{""competence-techniques-informatiques-gestion"": 1, ""competence-electronique-systemes"": 2, ""competence-multimedia-telecommunications"": 3, ""competence-statistiques-informatique"": 1}",sante;tourisme,projet_personnel_tech,fonction_publique,hybride,parcours-icmp
cand-000863,matiere_synthetique_19,17.92,"{""competence-techniques-informatiques-gestion"": 5, ""competence-electronique-systemes"": 5, ""competence-multimedia-telecommunications"": 3, ""competence-statistiques-informatique"": 4}",robotique;management,,recherche,hybride,parcours-emii
cand-000077,matiere_synthetique_5;matiere_synthetique_3;matiere_synthetique_17,13.12,"{""competence-techniques-informatiques-gestion"": 2, ""competence-electronique-systemes"": 2, ""competence-multimedia-telecommunications"": 2, ""competence-statistiques-informatique"": 5}",finance;sante;informatique,projet_associatif,entrepreneuriat,hybride,parcours-fic
cand-001436,matiere_synthetique_7;matiere_synthetique_10;matiere_synthetique_4,9.86,"{""competence-techniques-informatiques-gestion"": 1, ""competence-electronique-systemes"": 5, ""competence-multimedia-telecommunications"": 4, ""competence-statistiques-informatique"": 5}",finance;agriculture;sante,,enseignement,teletravail,parcours-icmp
cand-000076,matiere_synthetique_9;matiere_synthetique_3,12.46,"{""competence-techniques-informatiques-gestion"": 3, ""competence-electronique-systemes"": 5, ""competence-multimedia-telecommunications"": 5, ""competence-statistiques-informatique"": 1}",management;informatique;robotique,projet_associatif,salariat,hybride,parcours-isaia
cand-000986,matiere_synthetique_13;matiere_synthetique_4,13.65,"{""competence-techniques-informatiques-gestion"": 0, ""competence-electronique-systemes"": 1, ""competence-multimedia-telecommunications"": 4, ""competence-statistiques-informatique"": 3}",management,projet_personnel_tech,fonction_publique,bureau,parcours-esiia
cand-000398,matiere_synthetique_8;matiere_synthetique_19,9.41,"{""competence-techniques-informatiques-gestion"": 4, ""competence-electronique-systemes"": 2, ""competence-multimedia-telecommunications"": 5, ""competence-statistiques-informatique"": 5}",management;finance;robotique,,recherche,terrain,parcours-emii
cand-000910,matiere_synthetique_9,11.66,"{""competence-techniques-informatiques-gestion"": 4, ""competence-electronique-systemes"": 3, ""competence-multimedia-telecommunications"": 4, ""competence-statistiques-informatique"": 4}",informatique;ecologie;tourisme,,recherche,hybride,parcours-gca
cand-000337,matiere_synthetique_20,12.83,"{""competence-techniques-informatiques-gestion"": 1, ""competence-electronique-systemes"": 5, ""competence-multimedia-telecommunications"": 4, ""competence-statistiques-informatique"": 5}",robotique;ecologie,,entrepreneuriat,bureau,parcours-caa
cand-001076,matiere_synthetique_8;matiere_synthetique_20,11.48,"{""competence-techniques-informatiques-gestion"": 3, ""competence-electronique-systemes"": 4, ""competence-multimedia-telecommunications"": 5, ""competence-statistiques-informatique"": 1}",management,projet_personnel_tech,enseignement,teletravail,parcours-emii
cand-000004,matiere_synthetique_3;matiere_synthetique_18,16.84,"{""competence-techniques-informatiques-gestion"": 3, ""competence-electronique-systemes"": 4, ""competence-multimedia-telecommunications"": 5, ""competence-statistiques-informatique"": 5}",sante;tourisme;robotique,,enseignement,hybride,parcours-dtja
cand-001302,matiere_synthetique_9,11.57,"{""competence-techniques-informatiques-gestion"": 5, ""competence-electronique-systemes"": 5, ""competence-multimedia-telecommunications"": 5, ""competence-statistiques-informatique"": 1}",robotique,,salariat,terrain,parcours-esiia
cand-001421,matiere_synthetique_10,16.48,"{""competence-techniques-informatiques-gestion"": 2, ""competence-electronique-systemes"": 4, ""competence-multimedia-telecommunications"": 2, ""competence-statistiques-informatique"": 5}",design;agriculture;robotique,,fonction_publique,terrain,parcours-imticia
cand-001042,matiere_synthetique_11;matiere_synthetique_20;matiere_synthetique_19,8.14,"{""competence-techniques-informatiques-gestion"": 4, ""competence-electronique-systemes"": 3, ""competence-multimedia-telecommunications"": 5, ""competence-statistiques-informatique"": 3}",sante,projet_associatif,recherche,bureau,parcours-isaia
cand-001957,matiere_synthetique_2;matiere_synthetique_20,11.87,"{""competence-techniques-informatiques-gestion"": 2, ""competence-electronique-systemes"": 1, ""competence-multimedia-telecommunications"": 2, ""competence-statistiques-informatique"": 5}",robotique;sante;management,,fonction_publique,hybride,parcours-tee
cand-001913,matiere_synthetique_3,11.98,"{""competence-techniques-informatiques-gestion"": 2, ""competence-electronique-systemes"": 2, ""competence-multimedia-telecommunications"": 3, ""competence-statistiques-informatique"": 1}",management;design,projet_personnel_tech,enseignement,hybride,parcours-caa
cand-000259,matiere_synthetique_12;matiere_synthetique_19;matiere_synthetique_17,16.04,"{""competence-techniques-informatiques-gestion"": 3, ""competence-electronique-systemes"": 4, ""competence-multimedia-telecommunications"": 1, ""competence-statistiques-informatique"": 1}",sante,projet_personnel_tech,entrepreneuriat,bureau,parcours-igglia
cand-000622,matiere_synthetique_16;matiere_synthetique_13;matiere_synthetique_1,13.51,"{""competence-techniques-informatiques-gestion"": 1, ""competence-electronique-systemes"": 5, ""competence-multimedia-telecommunications"": 2, ""competence-statistiques-informatique"": 1}",finance;informatique;ecologie,,entrepreneuriat,hybride,parcours-emp
cand-001649,matiere_synthetique_17,16.38,"{""competence-techniques-informatiques-gestion"": 5, ""competence-electronique-systemes"": 2, ""competence-multimedia-telecommunications"": 4, ""competence-statistiques-informatique"": 5}",management;design,projet_personnel_tech,recherche,terrain,parcours-imticia
cand-001370,matiere_synthetique_8;matiere_synthetique_7,15.45,"{""competence-techniques-informatiques-gestion"": 5, ""competence-electronique-systemes"": 5, ""competence-multimedia-telecommunications"": 5, ""competence-statistiques-informatique"": 2}",tourisme;management,,fonction_publique,terrain,parcours-gca
cand-001846,matiere_synthetique_18,14.03,"{""competence-techniques-informatiques-gestion"": 5, ""competence-electronique-systemes"": 1, ""competence-multimedia-telecommunications"": 4, ""competence-statistiques-informatique"": 5}",sante;informatique;agriculture,,recherche,hybride,parcours-iaa
cand-001079,matiere_synthetique_20;matiere_synthetique_18;matiere_synthetique_17,10.25,"{""competence-techniques-informatiques-gestion"": 3, ""competence-electronique-systemes"": 1, ""competence-multimedia-telecommunications"": 4, ""competence-statistiques-informatique"": 0}",tourisme;management;agriculture,,fonction_publique,teletravail,parcours-gca
cand-001077,matiere_synthetique_19;matiere_synthetique_16,14.36,"{""competence-techniques-informatiques-gestion"": 4, ""competence-electronique-systemes"": 1, ""competence-multimedia-telecommunications"": 3, ""competence-statistiques-informatique"": 0}",sante;design,,fonction_publique,bureau,parcours-gca
cand-001087,matiere_synthetique_12;matiere_synthetique_3,16.46,"{""competence-techniques-informatiques-gestion"": 3, ""competence-electronique-systemes"": 2, ""competence-multimedia-telecommunications"": 2, ""competence-statistiques-informatique"": 2}",tourisme;agriculture,projet_associatif,entrepreneuriat,hybride,parcours-dtja
cand-001099,matiere_synthetique_16;matiere_synthetique_19,13.3,"{""competence-techniques-informatiques-gestion"": 2, ""competence-electronique-systemes"": 4, ""competence-multimedia-telecommunications"": 5, ""competence-statistiques-informatique"": 4}",finance;management;agriculture,,salariat,terrain,parcours-caa
cand-000405,matiere_synthetique_20;matiere_synthetique_11;matiere_synthetique_10,16.11,"{""competence-techniques-informatiques-gestion"": 4, ""competence-electronique-systemes"": 2, ""competence-multimedia-telecommunications"": 1, ""competence-statistiques-informatique"": 3}",robotique;management;ecologie,,recherche,terrain,parcours-imticia
cand-000867,matiere_synthetique_11;matiere_synthetique_4;matiere_synthetique_3,12.35,"{""competence-techniques-informatiques-gestion"": 5, ""competence-electronique-systemes"": 3, ""competence-multimedia-telecommunications"": 3, ""competence-statistiques-informatique"": 1}",informatique,,enseignement,hybride,parcours-aee
cand-001007,matiere_synthetique_16,17.03,"{""competence-techniques-informatiques-gestion"": 5, ""competence-electronique-systemes"": 5, ""competence-multimedia-telecommunications"": 3, ""competence-statistiques-informatique"": 3}",finance;sante,projet_personnel_tech,fonction_publique,bureau,parcours-igglia
cand-001787,matiere_synthetique_18;matiere_synthetique_14;matiere_synthetique_1,8.46,"{""competence-techniques-informatiques-gestion"": 5, ""competence-electronique-systemes"": 5, ""competence-multimedia-telecommunications"": 4, ""competence-statistiques-informatique"": 1}",management;tourisme;robotique,projet_personnel_tech,fonction_publique,hybride,parcours-gca
cand-000274,matiere_synthetique_9,11.34,"{""competence-techniques-informatiques-gestion"": 5, ""competence-electronique-systemes"": 3, ""competence-multimedia-telecommunications"": 1, ""competence-statistiques-informatique"": 4}",tourisme;ecologie,projet_personnel_tech,enseignement,hybride,parcours-imticia
cand-000602,matiere_synthetique_20;matiere_synthetique_5;matiere_synthetique_16,9.45,"{""competence-techniques-informatiques-gestion"": 5, ""competence-electronique-systemes"": 4, ""competence-multimedia-telecommunications"": 3, ""competence-statistiques-informatique"": 5}",sante;agriculture,projet_associatif,enseignement,hybride,parcours-pip
cand-000385,matiere_synthetique_18;matiere_synthetique_7,11.66,"{""competence-techniques-informatiques-gestion"": 3, ""competence-electronique-systemes"": 4, ""competence-multimedia-telecommunications"": 4, ""competence-statistiques-informatique"": 4}",ecologie;robotique,,entrepreneuriat,terrain,parcours-fic
cand-001773,matiere_synthetique_3;matiere_synthetique_3,3.49,"{""competence-techniques-informatiques-gestion"": 2, ""competence-electronique-systemes"": 2, ""competence-multimedia-telecommunications"": 3, ""competence-statistiques-informatique"": 3}",ecologie;informatique,projet_associatif,fonction_publique,hybride,parcours-fic
cand-000812,matiere_synthetique_10;matiere_synthetique_19,15.45,"{""competence-techniques-informatiques-gestion"": 0, ""competence-electronique-systemes"": 2, ""competence-multimedia-telecommunications"": 4, ""competence-statistiques-informatique"": 4}",robotique,projet_associatif,enseignement,bureau,parcours-imticia
cand-001716,matiere_synthetique_4;matiere_synthetique_8;matiere_synthetique_14,17.04,"{""competence-techniques-informatiques-gestion"": 1, ""competence-electronique-systemes"": 5, ""competence-multimedia-telecommunications"": 1, ""competence-statistiques-informatique"": 3}",tourisme,,salariat,teletravail,parcours-aee
cand-001506,matiere_synthetique_18;matiere_synthetique_13;matiere_synthetique_15,11.96,"{""competence-techniques-informatiques-gestion"": 0, ""competence-electronique-systemes"": 1, ""competence-multimedia-telecommunications"": 5, ""competence-statistiques-informatique"": 4}",finance,,entrepreneuriat,teletravail,parcours-emp
cand-001896,matiere_synthetique_9,16.1,"{""competence-techniques-informatiques-gestion"": 4, ""competence-electronique-systemes"": 1, ""competence-multimedia-telecommunications"": 1, ""competence-statistiques-informatique"": 5}",robotique,,enseignement,terrain,parcours-iaa
cand-001048,matiere_synthetique_2;matiere_synthetique_7;matiere_synthetique_6,15.18,"{""competence-techniques-informatiques-gestion"": 2, ""competence-electronique-systemes"": 5, ""competence-multimedia-telecommunications"": 4, ""competence-statistiques-informatique"": 3}",sante,,entrepreneuriat,bureau,parcours-aee
cand-000568,matiere_synthetique_15;matiere_synthetique_18;matiere_synthetique_20,13.5,"{""competence-techniques-informatiques-gestion"": 2, ""competence-electronique-systemes"": 2, ""competence-multimedia-telecommunications"": 4, ""competence-statistiques-informatique"": 5}",informatique;agriculture,,recherche,teletravail,parcours-icmp
cand-000722,matiere_synthetique_14,14.9,"{""competence-techniques-informatiques-gestion"": 5, ""competence-electronique-systemes"": 2, ""competence-multimedia-telecommunications"": 5, ""competence-statistiques-informatique"": 5}",agriculture;informatique;ecologie,projet_personnel_tech,recherche,teletravail,parcours-iaa
cand-001981,matiere_synthetique_8;matiere_synthetique_8,13.89,"{""competence-techniques-informatiques-gestion"": 3, ""competence-electronique-systemes"": 5, ""competence-multimedia-telecommunications"": 4, ""competence-statistiques-informatique"": 5}",finance;informatique,projet_personnel_tech,entrepreneuriat,terrain,parcours-emp
cand-000103,matiere_synthetique_4,11.03,"{""competence-techniques-informatiques-gestion"": 4, ""competence-electronique-systemes"": 4, ""competence-multimedia-telecommunications"": 5, ""competence-statistiques-informatique"": 2}",finance;management,,entrepreneuriat,teletravail,parcours-caa
cand-001095,matiere_synthetique_7,10.22,"{""competence-techniques-informatiques-gestion"": 1, ""competence-electronique-systemes"": 5, ""competence-multimedia-telecommunications"": 4, ""competence-statistiques-informatique"": 5}",informatique;design;sante,,recherche,hybride,parcours-iaa
cand-000987,matiere_synthetique_5;matiere_synthetique_15;matiere_synthetique_14,12.32,"{""competence-techniques-informatiques-gestion"": 5, ""competence-electronique-systemes"": 2, ""competence-multimedia-telecommunications"": 3, ""competence-statistiques-informatique"": 2}",finance;sante;agriculture,,fonction_publique,terrain,parcours-tee
cand-001349,matiere_synthetique_5;matiere_synthetique_14;matiere_synthetique_2,15.32,"{""competence-techniques-informatiques-gestion"": 4, ""competence-electronique-systemes"": 4, ""competence-multimedia-telecommunications"": 4, ""competence-statistiques-informatique"": 3}",design;tourisme,projet_personnel_tech,entrepreneuriat,hybride,parcours-pip
cand-001147,matiere_synthetique_16;matiere_synthetique_7;matiere_synthetique_5,9.36,"{""competence-techniques-informatiques-gestion"": 2, ""competence-electronique-systemes"": 3, ""competence-multimedia-telecommunications"": 1, ""competence-statistiques-informatique"": 3}",ecologie;informatique;tourisme,projet_personnel_tech;projet_associatif,fonction_publique,terrain,parcours-dtja
cand-000313,matiere_synthetique_14,9.12,"{""competence-techniques-informatiques-gestion"": 5, ""competence-electronique-systemes"": 2, ""competence-multimedia-telecommunications"": 5, ""competence-statistiques-informatique"": 1}",informatique;sante;management,,salariat,terrain,parcours-caa
cand-000759,matiere_synthetique_19,12.65,"{""competence-techniques-informatiques-gestion"": 5, ""competence-electronique-systemes"": 1, ""competence-multimedia-telecommunications"": 5, ""competence-statistiques-informatique"": 5}",design;agriculture;ecologie,,entrepreneuriat,hybride,parcours-pip
cand-000837,matiere_synthetique_15,15.38,"{""competence-techniques-informatiques-gestion"": 1, ""competence-electronique-systemes"": 4, ""competence-multimedia-telecommunications"": 0, ""competence-statistiques-informatique"": 3}",finance;informatique;design,,salariat,terrain,parcours-gca
cand-000158,matiere_synthetique_18;matiere_synthetique_7,13.67,"{""competence-techniques-informatiques-gestion"": 3, ""competence-electronique-systemes"": 5, ""competence-multimedia-telecommunications"": 2, ""competence-statistiques-informatique"": 1}",informatique;ecologie;agriculture,,salariat,bureau,parcours-icmp
cand-001583,matiere_synthetique_15,18.13,"{""competence-techniques-informatiques-gestion"": 1, ""competence-electronique-systemes"": 5, ""competence-multimedia-telecommunications"": 4, ""competence-statistiques-informatique"": 3}",sante,projet_associatif,entrepreneuriat,terrain,parcours-esiia
cand-000357,matiere_synthetique_17;matiere_synthetique_9,4.61,"{""competence-techniques-informatiques-gestion"": 1, ""competence-electronique-systemes"": 5, ""competence-multimedia-telecommunications"": 2, ""competence-statistiques-informatique"": 5}",management,,recherche,teletravail,parcours-emii
cand-000544,matiere_synthetique_2;matiere_synthetique_6;matiere_synthetique_9,14.57,"{""competence-techniques-informatiques-gestion"": 5, ""competence-electronique-systemes"": 5, ""competence-multimedia-telecommunications"": 5, ""competence-statistiques-informatique"": 3}",ecologie;sante,projet_personnel_tech,salariat,bureau,parcours-gca
cand-001951,matiere_synthetique_8;matiere_synthetique_7,15.71,"{""competence-techniques-informatiques-gestion"": 4, ""competence-electronique-systemes"": 2, ""competence-multimedia-telecommunications"": 4, ""competence-statistiques-informatique"": 5}",informatique,projet_personnel_tech,fonction_publique,hybride,parcours-pip
cand-001488,matiere_synthetique_16;matiere_synthetique_20;matiere_synthetique_14,12.2,"{""competence-techniques-informatiques-gestion"": 5, ""competence-electronique-systemes"": 4, ""competence-multimedia-telecommunications"": 5, ""competence-statistiques-informatique"": 0}",sante,projet_personnel_tech;projet_associatif,fonction_publique,terrain,parcours-esiia
cand-001405,matiere_synthetique_15,9.64,"{""competence-techniques-informatiques-gestion"": 1, ""competence-electronique-systemes"": 2, ""competence-multimedia-telecommunications"": 4, ""competence-statistiques-informatique"": 3}",design,,entrepreneuriat,bureau,parcours-igglia
cand-000969,matiere_synthetique_10;matiere_synthetique_11,8.87,"{""competence-techniques-informatiques-gestion"": 4, ""competence-electronique-systemes"": 3, ""competence-multimedia-telecommunications"": 5, ""competence-statistiques-informatique"": 0}",informatique;tourisme,projet_personnel_tech,salariat,terrain,parcours-emp
cand-000747,matiere_synthetique_12;matiere_synthetique_20;matiere_synthetique_9,15.13,"{""competence-techniques-informatiques-gestion"": 5, ""competence-electronique-systemes"": 5, ""competence-multimedia-telecommunications"": 5, ""competence-statistiques-informatique"": 4}",design;tourisme;ecologie,projet_personnel_tech,enseignement,hybride,parcours-dtja
cand-001581,matiere_synthetique_10;matiere_synthetique_16;matiere_synthetique_20,8.05,"{""competence-techniques-informatiques-gestion"": 3, ""competence-electronique-systemes"": 2, ""competence-multimedia-telecommunications"": 5, ""competence-statistiques-informatique"": 5}",ecologie;finance,,enseignement,hybride,parcours-emii
cand-001992,matiere_synthetique_7;matiere_synthetique_18;matiere_synthetique_14,10.46,"{""competence-techniques-informatiques-gestion"": 4, ""competence-electronique-systemes"": 3, ""competence-multimedia-telecommunications"": 2, ""competence-statistiques-informatique"": 1}",robotique;sante;informatique,,fonction_publique,terrain,parcours-caa
cand-001001,matiere_synthetique_17;matiere_synthetique_16,9.25,"{""competence-techniques-informatiques-gestion"": 3, ""competence-electronique-systemes"": 4, ""competence-multimedia-telecommunications"": 1, ""competence-statistiques-informatique"": 4}",finance;tourisme;ecologie,,salariat,teletravail,parcours-fic
cand-000254,matiere_synthetique_12;matiere_synthetique_8;matiere_synthetique_17,16.42,"{""competence-techniques-informatiques-gestion"": 2, ""competence-electronique-systemes"": 3, ""competence-multimedia-telecommunications"": 5, ""competence-statistiques-informatique"": 1}",finance;design,projet_personnel_tech,recherche,terrain,parcours-iaa
cand-001906,matiere_synthetique_2;matiere_synthetique_13;matiere_synthetique_17,15.93,"{""competence-techniques-informatiques-gestion"": 4, ""competence-electronique-systemes"": 5, ""competence-multimedia-telecommunications"": 4, ""competence-statistiques-informatique"": 5}",agriculture,,salariat,bureau,parcours-pip
cand-000064,matiere_synthetique_2;matiere_synthetique_3;matiere_synthetique_13,11.31,"{""competence-techniques-informatiques-gestion"": 0, ""competence-electronique-systemes"": 4, ""competence-multimedia-telecommunications"": 5, ""competence-statistiques-informatique"": 3}",management;informatique;robotique,projet_personnel_tech,fonction_publique,hybride,parcours-esiia
cand-000317,matiere_synthetique_8,8.24,"{""competence-techniques-informatiques-gestion"": 5, ""competence-electronique-systemes"": 5, ""competence-multimedia-telecommunications"": 4, ""competence-statistiques-informatique"": 3}",management,projet_personnel_tech,enseignement,bureau,parcours-esiia
cand-000739,matiere_synthetique_3;matiere_synthetique_14,19.45,"{""competence-techniques-informatiques-gestion"": 2, ""competence-electronique-systemes"": 2, ""competence-multimedia-telecommunications"": 5, ""competence-statistiques-informatique"": 4}",sante,projet_personnel_tech,fonction_publique,teletravail,parcours-tee
cand-000371,matiere_synthetique_2;matiere_synthetique_17,19.27,"{""competence-techniques-informatiques-gestion"": 1, ""competence-electronique-systemes"": 2, ""competence-multimedia-telecommunications"": 1, ""competence-statistiques-informatique"": 1}",design;sante,,enseignement,terrain,parcours-tee
cand-001514,matiere_synthetique_9;matiere_synthetique_14;matiere_synthetique_14,16.22,"{""competence-techniques-informatiques-gestion"": 0, ""competence-electronique-systemes"": 5, ""competence-multimedia-telecommunications"": 2, ""competence-statistiques-informatique"": 4}",management,,recherche,teletravail,parcours-icmp
cand-000555,matiere_synthetique_10;matiere_synthetique_4;matiere_synthetique_1,18.36,"{""competence-techniques-informatiques-gestion"": 2, ""competence-electronique-systemes"": 2, ""competence-multimedia-telecommunications"": 5, ""competence-statistiques-informatique"": 2}",ecologie;finance,,entrepreneuriat,hybride,parcours-tee
cand-001345,matiere_synthetique_8,18.12,"{""competence-techniques-informatiques-gestion"": 0, ""competence-electronique-systemes"": 4, ""competence-multimedia-telecommunications"": 3, ""competence-statistiques-informatique"": 4}",finance;sante;management,projet_personnel_tech,salariat,hybride,parcours-pip
cand-001925,matiere_synthetique_18;matiere_synthetique_15;matiere_synthetique_1,13.9,"{""competence-techniques-informatiques-gestion"": 1, ""competence-electronique-systemes"": 1, ""competence-multimedia-telecommunications"": 0, ""competence-statistiques-informatique"": 4}",ecologie;robotique,projet_personnel_tech,recherche,teletravail,parcours-icmp
cand-000280,matiere_synthetique_4;matiere_synthetique_16,14.47,"{""competence-techniques-informatiques-gestion"": 2, ""competence-electronique-systemes"": 4, ""competence-multimedia-telecommunications"": 5, ""competence-statistiques-informatique"": 4}",ecologie,projet_personnel_tech,fonction_publique,bureau,parcours-isaia
cand-001209,matiere_synthetique_3;matiere_synthetique_14;matiere_synthetique_5,14.33,"{""competence-techniques-informatiques-gestion"": 4, ""competence-electronique-systemes"": 1, ""competence-multimedia-telecommunications"": 1, ""competence-statistiques-informatique"": 1}",informatique;sante,,entrepreneuriat,teletravail,parcours-icmp
cand-000237,matiere_synthetique_10;matiere_synthetique_19,13.46,"{""competence-techniques-informatiques-gestion"": 3, ""competence-electronique-systemes"": 5, ""competence-multimedia-telecommunications"": 3, ""competence-statistiques-informatique"": 2}",finance;design,,salariat,hybride,parcours-emii
cand-000090,matiere_synthetique_14,19.03,"{""competence-techniques-informatiques-gestion"": 1, ""competence-electronique-systemes"": 2, ""competence-multimedia-telecommunications"": 3, ""competence-statistiques-informatique"": 3}",management,projet_personnel_tech,enseignement,terrain,parcours-fic
cand-001732,matiere_synthetique_9;matiere_synthetique_5,8.49,"{""competence-techniques-informatiques-gestion"": 3, ""competence-electronique-systemes"": 5, ""competence-multimedia-telecommunications"": 1, ""competence-statistiques-informatique"": 4}",design,projet_personnel_tech,recherche,bureau,parcours-fic
cand-000497,matiere_synthetique_15;matiere_synthetique_13,17.25,"{""competence-techniques-informatiques-gestion"": 3, ""competence-electronique-systemes"": 2, ""competence-multimedia-telecommunications"": 1, ""competence-statistiques-informatique"": 4}",ecologie;management;sante,projet_associatif,fonction_publique,bureau,parcours-fic
cand-000395,matiere_synthetique_9;matiere_synthetique_9;matiere_synthetique_1,14.87,"{""competence-techniques-informatiques-gestion"": 2, ""competence-electronique-systemes"": 4, ""competence-multimedia-telecommunications"": 1, ""competence-statistiques-informatique"": 0}",finance;design,projet_personnel_tech;projet_associatif,entrepreneuriat,bureau,parcours-iaa
cand-000450,matiere_synthetique_7;matiere_synthetique_11,8.78,"{""competence-techniques-informatiques-gestion"": 2, ""competence-electronique-systemes"": 2, ""competence-multimedia-telecommunications"": 3, ""competence-statistiques-informatique"": 1}",management,,entrepreneuriat,bureau,parcours-esiia
cand-000997,matiere_synthetique_16;matiere_synthetique_10;matiere_synthetique_3,12.37,"{""competence-techniques-informatiques-gestion"": 3, ""competence-electronique-systemes"": 5, ""competence-multimedia-telecommunications"": 3, ""competence-statistiques-informatique"": 4}",design,projet_personnel_tech,fonction_publique,terrain,parcours-teh
cand-000468,matiere_synthetique_20;matiere_synthetique_4,18.28,"{""competence-techniques-informatiques-gestion"": 2, ""competence-electronique-systemes"": 5, ""competence-multimedia-telecommunications"": 0, ""competence-statistiques-informatique"": 0}",tourisme,,salariat,bureau,parcours-igglia
cand-000140,matiere_synthetique_5;matiere_synthetique_5;matiere_synthetique_16,11.42,"{""competence-techniques-informatiques-gestion"": 2, ""competence-electronique-systemes"": 3, ""competence-multimedia-telecommunications"": 5, ""competence-statistiques-informatique"": 1}",design,,recherche,teletravail,parcours-icmp
cand-000573,matiere_synthetique_9;matiere_synthetique_2,19.16,"{""competence-techniques-informatiques-gestion"": 5, ""competence-electronique-systemes"": 0, ""competence-multimedia-telecommunications"": 1, ""competence-statistiques-informatique"": 2}",tourisme,projet_personnel_tech,enseignement,terrain,parcours-igglia
cand-001755,matiere_synthetique_6,9.76,"{""competence-techniques-informatiques-gestion"": 4, ""competence-electronique-systemes"": 4, ""competence-multimedia-telecommunications"": 1, ""competence-statistiques-informatique"": 5}",design;ecologie;informatique,,recherche,bureau,parcours-iaa
cand-001201,matiere_synthetique_18;matiere_synthetique_17,14.34,"{""competence-techniques-informatiques-gestion"": 5, ""competence-electronique-systemes"": 4, ""competence-multimedia-telecommunications"": 1, ""competence-statistiques-informatique"": 1}",informatique;agriculture,,enseignement,terrain,parcours-caa
cand-001447,matiere_synthetique_14;matiere_synthetique_18;matiere_synthetique_10,13.94,"{""competence-techniques-informatiques-gestion"": 3, ""competence-electronique-systemes"": 2, ""competence-multimedia-telecommunications"": 1, ""competence-statistiques-informatique"": 2}",design,,fonction_publique,hybride,parcours-emii
cand-001699,matiere_synthetique_16;matiere_synthetique_17,17.83,"{""competence-techniques-informatiques-gestion"": 3, ""competence-electronique-systemes"": 2, ""competence-multimedia-telecommunications"": 2, ""competence-statistiques-informatique"": 5}",informatique,,recherche,hybride,parcours-fic
cand-000904,matiere_synthetique_11;matiere_synthetique_17;matiere_synthetique_2,14.58,"{""competence-techniques-informatiques-gestion"": 4, ""competence-electronique-systemes"": 2, ""competence-multimedia-telecommunications"": 3, ""competence-statistiques-informatique"": 1}",tourisme;ecologie,,recherche,terrain,parcours-icmp
cand-000659,matiere_synthetique_11;matiere_synthetique_9,16.11,"{""competence-techniques-informatiques-gestion"": 5, ""competence-electronique-systemes"": 4, ""competence-multimedia-telecommunications"": 3, ""competence-statistiques-informatique"": 5}",agriculture;tourisme,projet_personnel_tech,enseignement,hybride,parcours-isaia
cand-000815,matiere_synthetique_10;matiere_synthetique_5,7.53,"{""competence-techniques-informatiques-gestion"": 3, ""competence-electronique-systemes"": 2, ""competence-multimedia-telecommunications"": 4, ""competence-statistiques-informatique"": 1}",finance,projet_personnel_tech;projet_associatif,recherche,bureau,parcours-imticia
cand-000423,matiere_synthetique_19;matiere_synthetique_18;matiere_synthetique_10,15.43,"{""competence-techniques-informatiques-gestion"": 5, ""competence-electronique-systemes"": 0, ""competence-multimedia-telecommunications"": 4, ""competence-statistiques-informatique"": 1}",design;finance,,salariat,teletravail,parcours-isaia
cand-000881,matiere_synthetique_10;matiere_synthetique_11;matiere_synthetique_15,12.21,"{""competence-techniques-informatiques-gestion"": 2, ""competence-electronique-systemes"": 0, ""competence-multimedia-telecommunications"": 3, ""competence-statistiques-informatique"": 1}",tourisme;ecologie;agriculture,,salariat,teletravail,parcours-pip
cand-000135,matiere_synthetique_7;matiere_synthetique_17,16.51,"{""competence-techniques-informatiques-gestion"": 5, ""competence-electronique-systemes"": 3, ""competence-multimedia-telecommunications"": 3, ""competence-statistiques-informatique"": 1}",ecologie,projet_personnel_tech;projet_associatif,entrepreneuriat,hybride,parcours-pip
cand-001675,matiere_synthetique_11,15.86,"{""competence-techniques-informatiques-gestion"": 2, ""competence-electronique-systemes"": 5, ""competence-multimedia-telecommunications"": 2, ""competence-statistiques-informatique"": 4}",ecologie;tourisme;sante,,entrepreneuriat,hybride,parcours-tee
cand-001752,matiere_synthetique_11,16.76,"{""competence-techniques-informatiques-gestion"": 3, ""competence-electronique-systemes"": 4, ""competence-multimedia-telecommunications"": 1, ""competence-statistiques-informatique"": 0}",robotique;sante,projet_associatif,fonction_publique,bureau,parcours-gca
cand-000233,matiere_synthetique_2;matiere_synthetique_20,8.83,"{""competence-techniques-informatiques-gestion"": 5, ""competence-electronique-systemes"": 5, ""competence-multimedia-telecommunications"": 5, ""competence-statistiques-informatique"": 2}",management,projet_personnel_tech;projet_associatif,entrepreneuriat,teletravail,parcours-isaia
cand-000358,matiere_synthetique_17;matiere_synthetique_17;matiere_synthetique_2,15.3,"{""competence-techniques-informatiques-gestion"": 5, ""competence-electronique-systemes"": 3, ""competence-multimedia-telecommunications"": 2, ""competence-statistiques-informatique"": 2}",ecologie;design;finance,projet_personnel_tech;projet_associatif,enseignement,teletravail,parcours-tee
cand-000566,matiere_synthetique_12,11.01,"{""competence-techniques-informatiques-gestion"": 5, ""competence-electronique-systemes"": 4, ""competence-multimedia-telecommunications"": 4, ""competence-statistiques-informatique"": 5}",design;management;ecologie,projet_personnel_tech,salariat,teletravail,parcours-isaia
cand-000900,matiere_synthetique_14;matiere_synthetique_16;matiere_synthetique_3,10.74,"{""competence-techniques-informatiques-gestion"": 2, ""competence-electronique-systemes"": 2, ""competence-multimedia-telecommunications"": 5, ""competence-statistiques-informatique"": 5}",agriculture;informatique;sante,,fonction_publique,hybride,parcours-esiia
cand-001221,matiere_synthetique_7;matiere_synthetique_20;matiere_synthetique_20,8.9,"{""competence-techniques-informatiques-gestion"": 4, ""competence-electronique-systemes"": 2, ""competence-multimedia-telecommunications"": 2, ""competence-statistiques-informatique"": 1}",ecologie;design,projet_personnel_tech,enseignement,teletravail,parcours-fic
cand-000236,matiere_synthetique_1;matiere_synthetique_8,15.92,"{""competence-techniques-informatiques-gestion"": 2, ""competence-electronique-systemes"": 5, ""competence-multimedia-telecommunications"": 2, ""competence-statistiques-informatique"": 4}",agriculture;ecologie;sante,projet_associatif,enseignement,bureau,parcours-imticia
cand-001078,matiere_synthetique_17;matiere_synthetique_15;matiere_synthetique_15,15.32,"{""competence-techniques-informatiques-gestion"": 5, ""competence-electronique-systemes"": 4, ""competence-multimedia-telecommunications"": 4, ""competence-statistiques-informatique"": 4}",tourisme,projet_associatif,recherche,teletravail,parcours-iaa
cand-001534,matiere_synthetique_9,19.28,"{""competence-techniques-informatiques-gestion"": 5, ""competence-electronique-systemes"": 5, ""competence-multimedia-telecommunications"": 5, ""competence-statistiques-informatique"": 1}",robotique;management,,enseignement,terrain,parcours-caa
cand-001785,matiere_synthetique_5;matiere_synthetique_5,13.77,"{""competence-techniques-informatiques-gestion"": 3, ""competence-electronique-systemes"": 5, ""competence-multimedia-telecommunications"": 3, ""competence-statistiques-informatique"": 5}",tourisme,projet_personnel_tech,enseignement,terrain,parcours-esiia
cand-000878,matiere_synthetique_5;matiere_synthetique_8,16.26,"{""competence-techniques-informatiques-gestion"": 5, ""competence-electronique-systemes"": 1, ""competence-multimedia-telecommunications"": 4, ""competence-statistiques-informatique"": 5}",design,,recherche,bureau,parcours-emii
cand-001438,matiere_synthetique_20,17.37,"{""competence-techniques-informatiques-gestion"": 4, ""competence-electronique-systemes"": 2, ""competence-multimedia-telecommunications"": 5, ""competence-statistiques-informatique"": 5}",finance;informatique,,salariat,terrain,parcours-teh
cand-000272,matiere_synthetique_16;matiere_synthetique_2;matiere_synthetique_12,14.19,"{""competence-techniques-informatiques-gestion"": 5, ""competence-electronique-systemes"": 3, ""competence-multimedia-telecommunications"": 3, ""competence-statistiques-informatique"": 4}",finance;tourisme;agriculture,projet_personnel_tech,entrepreneuriat,terrain,parcours-emp
cand-000119,matiere_synthetique_17;matiere_synthetique_9;matiere_synthetique_6,14.01,"{""competence-techniques-informatiques-gestion"": 4, ""competence-electronique-systemes"": 1, ""competence-multimedia-telecommunications"": 4, ""competence-statistiques-informatique"": 1}",robotique,,enseignement,terrain,parcours-aee
cand-001974,matiere_synthetique_20;matiere_synthetique_6,9.44,"{""competence-techniques-informatiques-gestion"": 5, ""competence-electronique-systemes"": 2, ""competence-multimedia-telecommunications"": 3, ""competence-statistiques-informatique"": 5}",ecologie;informatique,,enseignement,hybride,parcours-caa
cand-001634,matiere_synthetique_14;matiere_synthetique_17;matiere_synthetique_15,10.54,"{""competence-techniques-informatiques-gestion"": 1, ""competence-electronique-systemes"": 3, ""competence-multimedia-telecommunications"": 1, ""competence-statistiques-informatique"": 2}",finance;management,,entrepreneuriat,bureau,parcours-emii
cand-000445,matiere_synthetique_12,9.8,"{""competence-techniques-informatiques-gestion"": 2, ""competence-electronique-systemes"": 5, ""competence-multimedia-telecommunications"": 2, ""competence-statistiques-informatique"": 1}",agriculture;informatique;ecologie,projet_associatif,recherche,terrain,parcours-imticia
cand-000785,matiere_synthetique_18;matiere_synthetique_5,13.94,"{""competence-techniques-informatiques-gestion"": 1, ""competence-electronique-systemes"": 2, ""competence-multimedia-telecommunications"": 3, ""competence-statistiques-informatique"": 5}",sante,,salariat,teletravail,parcours-pip
cand-000861,matiere_synthetique_16;matiere_synthetique_18,15.28,"{""competence-techniques-informatiques-gestion"": 3, ""competence-electronique-systemes"": 2, ""competence-multimedia-telecommunications"": 4, ""competence-statistiques-informatique"": 5}",sante;ecologie;informatique,,enseignement,terrain,parcours-aee
cand-001173,matiere_synthetique_14;matiere_synthetique_2;matiere_synthetique_5,12.61,"{""competence-techniques-informatiques-gestion"": 2, ""competence-electronique-systemes"": 5, ""competence-multimedia-telecommunications"": 5, ""competence-statistiques-informatique"": 4}",design;robotique,projet_personnel_tech,fonction_publique,teletravail,parcours-gca
cand-001729,matiere_synthetique_5;matiere_synthetique_13;matiere_synthetique_18,18.4,"{""competence-techniques-informatiques-gestion"": 5, ""competence-electronique-systemes"": 1, ""competence-multimedia-telecommunications"": 3, ""competence-statistiques-informatique"": 3}",agriculture;informatique,,entrepreneuriat,hybride,parcours-imticia
cand-000216,matiere_synthetique_13;matiere_synthetique_12;matiere_synthetique_7,13.39,"{""competence-techniques-informatiques-gestion"": 5, ""competence-electronique-systemes"": 3, ""competence-multimedia-telecommunications"": 1, ""competence-statistiques-informatique"": 5}",robotique;tourisme;sante,projet_personnel_tech,recherche,teletravail,parcours-esiia
cand-000402,matiere_synthetique_16;matiere_synthetique_2,9.32,"{""competence-techniques-informatiques-gestion"": 3, ""competence-electronique-systemes"": 5, ""competence-multimedia-telecommunications"": 4, ""competence-statistiques-informatique"": 2}",management,projet_personnel_tech;projet_associatif,salariat,terrain,parcours-esiia
cand-000365,matiere_synthetique_19;matiere_synthetique_13;matiere_synthetique_19,18.07,"{""competence-techniques-informatiques-gestion"": 5, ""competence-electronique-systemes"": 5, ""competence-multimedia-telecommunications"": 5, ""competence-statistiques-informatique"": 5}",design;agriculture,,salariat,teletravail,parcours-dtja
cand-001034,matiere_synthetique_2,8.51,"{""competence-techniques-informatiques-gestion"": 4, ""competence-electronique-systemes"": 3, ""competence-multimedia-telecommunications"": 5, ""competence-statistiques-informatique"": 2}",agriculture;tourisme,projet_personnel_tech,fonction_publique,terrain,parcours-pip
cand-000176,matiere_synthetique_5,13.16,"{""competence-techniques-informatiques-gestion"": 4, ""competence-electronique-systemes"": 2, ""competence-multimedia-telecommunications"": 1, ""competence-statistiques-informatique"": 3}",agriculture,,fonction_publique,teletravail,parcours-teh
cand-000843,matiere_synthetique_19;matiere_synthetique_9,13.77,"{""competence-techniques-informatiques-gestion"": 5, ""competence-electronique-systemes"": 2, ""competence-multimedia-telecommunications"": 2, ""competence-statistiques-informatique"": 5}",management;ecologie;sante,,entrepreneuriat,hybride,parcours-gca
cand-000597,matiere_synthetique_3;matiere_synthetique_1,13.39,"{""competence-techniques-informatiques-gestion"": 0, ""competence-electronique-systemes"": 1, ""competence-multimedia-telecommunications"": 5, ""competence-statistiques-informatique"": 5}",robotique;tourisme;design,projet_personnel_tech,entrepreneuriat,terrain,parcours-gca
cand-001779,matiere_synthetique_17;matiere_synthetique_1;matiere_synthetique_18,15.96,"{""competence-techniques-informatiques-gestion"": 1, ""competence-electronique-systemes"": 5, ""competence-multimedia-telecommunications"": 5, ""competence-statistiques-informatique"": 1}",finance;informatique;tourisme,,enseignement,terrain,parcours-esiia
cand-000928,matiere_synthetique_17;matiere_synthetique_9;matiere_synthetique_9,19.39,"{""competence-techniques-informatiques-gestion"": 3, ""competence-electronique-systemes"": 5, ""competence-multimedia-telecommunications"": 1, ""competence-statistiques-informatique"": 2}",informatique;finance;agriculture,,recherche,terrain,parcours-pip
cand-001712,matiere_synthetique_9,15.94,"{""competence-techniques-informatiques-gestion"": 2, ""competence-electronique-systemes"": 1, ""competence-multimedia-telecommunications"": 4, ""competence-statistiques-informatique"": 1}",finance,,recherche,terrain,parcours-iaa
cand-001139,matiere_synthetique_15,7.16,"{""competence-techniques-informatiques-gestion"": 5, ""competence-electronique-systemes"": 5, ""competence-multimedia-telecommunications"": 5, ""competence-statistiques-informatique"": 1}",design;robotique;tourisme,,recherche,bureau,parcours-gca
cand-000173,matiere_synthetique_11;matiere_synthetique_17;matiere_synthetique_2,11.31,"{""competence-techniques-informatiques-gestion"": 5, ""competence-electronique-systemes"": 2, ""competence-multimedia-telecommunications"": 5, ""competence-statistiques-informatique"": 3}",informatique;agriculture;robotique,projet_personnel_tech,fonction_publique,bureau,parcours-gca
cand-000027,matiere_synthetique_20,16.29,"{""competence-techniques-informatiques-gestion"": 2, ""competence-electronique-systemes"": 2, ""competence-multimedia-telecommunications"": 1, ""competence-statistiques-informatique"": 4}",agriculture,projet_associatif,recherche,teletravail,parcours-emii
cand-001668,matiere_synthetique_10,15.3,"{""competence-techniques-informatiques-gestion"": 2, ""competence-electronique-systemes"": 3, ""competence-multimedia-telecommunications"": 0, ""competence-statistiques-informatique"": 1}",design,projet_associatif,enseignement,teletravail,parcours-tee
cand-000502,matiere_synthetique_6;matiere_synthetique_1,13.14,"{""competence-techniques-informatiques-gestion"": 5, ""competence-electronique-systemes"": 4, ""competence-multimedia-telecommunications"": 5, ""competence-statistiques-informatique"": 1}",design;robotique,projet_associatif,entrepreneuriat,hybride,parcours-icmp
cand-000515,matiere_synthetique_13,12.57,"{""competence-techniques-informatiques-gestion"": 4, ""competence-electronique-systemes"": 1, ""competence-multimedia-telecommunications"": 3, ""competence-statistiques-informatique"": 1}",ecologie;robotique;management,,entrepreneuriat,bureau,parcours-fic
cand-000346,matiere_synthetique_10;matiere_synthetique_20;matiere_synthetique_7,14.2,"{""competence-techniques-informatiques-gestion"": 5, ""competence-electronique-systemes"": 5, ""competence-multimedia-telecommunications"": 5, ""competence-statistiques-informatique"": 2}",robotique;finance,,recherche,terrain,parcours-tee
cand-001740,matiere_synthetique_19;matiere_synthetique_11,11.33,"{""competence-techniques-informatiques-gestion"": 5, ""competence-electronique-systemes"": 3, ""competence-multimedia-telecommunications"": 5, ""competence-statistiques-informatique"": 2}",design;agriculture;sante,projet_personnel_tech,fonction_publique,teletravail,parcours-isaia
cand-001283,matiere_synthetique_3;matiere_synthetique_12,16.56,"{""competence-techniques-informatiques-gestion"": 1, ""competence-electronique-systemes"": 2, ""competence-multimedia-telecommunications"": 2, ""competence-statistiques-informatique"": 2}",tourisme;ecologie;agriculture,,fonction_publique,terrain,parcours-teh
cand-000132,matiere_synthetique_3;matiere_synthetique_5,8.65,"{""competence-techniques-informatiques-gestion"": 2, ""competence-electronique-systemes"": 5, ""competence-multimedia-telecommunications"": 4, ""competence-statistiques-informatique"": 5}",sante,,salariat,bureau,parcours-gca
cand-001050,matiere_synthetique_16,10.32,"{""competence-techniques-informatiques-gestion"": 1, ""competence-electronique-systemes"": 2, ""competence-multimedia-telecommunications"": 5, ""competence-statistiques-informatique"": 5}",finance,,enseignement,bureau,parcours-isaia
cand-000194,matiere_synthetique_15,16.91,"{""competence-techniques-informatiques-gestion"": 3, ""competence-electronique-systemes"": 1, ""competence-multimedia-telecommunications"": 2, ""competence-statistiques-informatique"": 5}",design;agriculture;sante,,recherche,terrain,parcours-teh
cand-001207,matiere_synthetique_14;matiere_synthetique_3,14.14,"{""competence-techniques-informatiques-gestion"": 5, ""competence-electronique-systemes"": 5, ""competence-multimedia-telecommunications"": 1, ""competence-statistiques-informatique"": 5}",agriculture;informatique;robotique,projet_personnel_tech,entrepreneuriat,bureau,parcours-caa
cand-001274,matiere_synthetique_2;matiere_synthetique_8,17.4,"{""competence-techniques-informatiques-gestion"": 1, ""competence-electronique-systemes"": 1, ""competence-multimedia-telecommunications"": 5, ""competence-statistiques-informatique"": 1}",finance;management;ecologie,,fonction_publique,hybride,parcours-pip
cand-000647,matiere_synthetique_11;matiere_synthetique_5,15.94,"{""competence-techniques-informatiques-gestion"": 4, ""competence-electronique-systemes"": 1, ""competence-multimedia-telecommunications"": 2, ""competence-statistiques-informatique"": 1}",design;tourisme;management,projet_personnel_tech,enseignement,terrain,parcours-emii
cand-001554,matiere_synthetique_5,19.94,"{""competence-techniques-informatiques-gestion"": 4, ""competence-electronique-systemes"": 1, ""competence-multimedia-telecommunications"": 2, ""competence-statistiques-informatique"": 5}",agriculture;robotique;design,,recherche,hybride,parcours-emp
cand-001440,matiere_synthetique_16;matiere_synthetique_20;matiere_synthetique_12,12.1,"{""competence-techniques-informatiques-gestion"": 1, ""competence-electronique-systemes"": 3, ""competence-multimedia-telecommunications"": 1, ""competence-statistiques-informatique"": 5}",ecologie;sante;agriculture,,entrepreneuriat,bureau,parcours-emp
cand-001138,matiere_synthetique_5,16.51,"{""competence-techniques-informatiques-gestion"": 4, ""competence-electronique-systemes"": 3, ""competence-multimedia-telecommunications"": 1, ""competence-statistiques-informatique"": 4}",robotique;management;sante,,salariat,bureau,parcours-dtja
cand-001049,matiere_synthetique_3,15.39,"{""competence-techniques-informatiques-gestion"": 2, ""competence-electronique-systemes"": 1, ""competence-multimedia-telecommunications"": 1, ""competence-statistiques-informatique"": 5}",design,,enseignement,teletravail,parcours-teh
cand-000683,matiere_synthetique_7,16.76,"{""competence-techniques-informatiques-gestion"": 5, ""competence-electronique-systemes"": 3, ""competence-multimedia-telecommunications"": 5, ""competence-statistiques-informatique"": 5}",tourisme,,entrepreneuriat,terrain,parcours-tee
cand-000753,matiere_synthetique_8;matiere_synthetique_10,16.97,"{""competence-techniques-informatiques-gestion"": 5, ""competence-electronique-systemes"": 3, ""competence-multimedia-telecommunications"": 5, ""competence-statistiques-informatique"": 4}",informatique;sante,,fonction_publique,hybride,parcours-isaia
cand-001832,matiere_synthetique_3,11.45,"{""competence-techniques-informatiques-gestion"": 3, ""competence-electronique-systemes"": 5, ""competence-multimedia-telecommunications"": 5, ""competence-statistiques-informatique"": 1}",design,,fonction_publique,terrain,parcours-fic
cand-001687,matiere_synthetique_13;matiere_synthetique_13,17.28,"{""competence-techniques-informatiques-gestion"": 0, ""competence-electronique-systemes"": 5, ""competence-multimedia-telecommunications"": 5, ""competence-statistiques-informatique"": 2}",finance;sante;robotique,projet_personnel_tech,fonction_publique,terrain,parcours-tee
cand-000130,matiere_synthetique_12;matiere_synthetique_16,13.94,"{""competence-techniques-informatiques-gestion"": 3, ""competence-electronique-systemes"": 1, ""competence-multimedia-telecommunications"": 0, ""competence-statistiques-informatique"": 5}",agriculture,projet_personnel_tech,enseignement,hybride,parcours-caa
cand-000222,matiere_synthetique_18;matiere_synthetique_5;matiere_synthetique_5,11.7,"{""competence-techniques-informatiques-gestion"": 5, ""competence-electronique-systemes"": 2, ""competence-multimedia-telecommunications"": 1, ""competence-statistiques-informatique"": 2}",sante,,enseignement,hybride,parcours-isaia
cand-000208,matiere_synthetique_19,6.97,"{""competence-techniques-informatiques-gestion"": 3, ""competence-electronique-systemes"": 3, ""competence-multimedia-telecommunications"": 5, ""competence-statistiques-informatique"": 3}",tourisme,,salariat,hybride,parcours-gca
cand-000299,matiere_synthetique_5,16.56,"{""competence-techniques-informatiques-gestion"": 1, ""competence-electronique-systemes"": 1, ""competence-multimedia-telecommunications"": 3, ""competence-statistiques-informatique"": 0}",tourisme;design,projet_associatif,salariat,teletravail,parcours-isaia
cand-001417,matiere_synthetique_9;matiere_synthetique_17,6.78,"{""competence-techniques-informatiques-gestion"": 3, ""competence-electronique-systemes"": 3, ""competence-multimedia-telecommunications"": 0, ""competence-statistiques-informatique"": 5}",ecologie;tourisme,projet_associatif,salariat,terrain,parcours-igglia
cand-001927,matiere_synthetique_7;matiere_synthetique_8,15.83,"{""competence-techniques-informatiques-gestion"": 0, ""competence-electronique-systemes"": 4, ""competence-multimedia-telecommunications"": 3, ""competence-statistiques-informatique"": 2}",robotique;ecologie,,salariat,terrain,parcours-teh
cand-001650,matiere_synthetique_1;matiere_synthetique_7,19.14,"{""competence-techniques-informatiques-gestion"": 5, ""competence-electronique-systemes"": 1, ""competence-multimedia-telecommunications"": 3, ""competence-statistiques-informatique"": 3}",agriculture,projet_personnel_tech,salariat,terrain,parcours-teh
cand-001857,matiere_synthetique_11,6.27,"{""competence-techniques-informatiques-gestion"": 5, ""competence-electronique-systemes"": 5, ""competence-multimedia-telecommunications"": 1, ""competence-statistiques-informatique"": 3}",agriculture;informatique;management,projet_personnel_tech,enseignement,teletravail,parcours-emp
cand-001304,matiere_synthetique_1;matiere_synthetique_11;matiere_synthetique_8,13.45,"{""competence-techniques-informatiques-gestion"": 4, ""competence-electronique-systemes"": 3, ""competence-multimedia-telecommunications"": 2, ""competence-statistiques-informatique"": 4}",sante,projet_personnel_tech,salariat,bureau,parcours-isaia
cand-001978,matiere_synthetique_6;matiere_synthetique_12;matiere_synthetique_3,13.73,"{""competence-techniques-informatiques-gestion"": 3, ""competence-electronique-systemes"": 4, ""competence-multimedia-telecommunications"": 2, ""competence-statistiques-informatique"": 2}",robotique;management,,recherche,bureau,parcours-aee
cand-001599,matiere_synthetique_15,10.7,"{""competence-techniques-informatiques-gestion"": 4, ""competence-electronique-systemes"": 4, ""competence-multimedia-telecommunications"": 3, ""competence-statistiques-informatique"": 1}",design;management;finance,,fonction_publique,terrain,parcours-teh
cand-000574,matiere_synthetique_20;matiere_synthetique_1;matiere_synthetique_19,7.19,"{""competence-techniques-informatiques-gestion"": 4, ""competence-electronique-systemes"": 5, ""competence-multimedia-telecommunications"": 5, ""competence-statistiques-informatique"": 5}",management;sante,,fonction_publique,hybride,parcours-emp
cand-001179,matiere_synthetique_8,17.58,"{""competence-techniques-informatiques-gestion"": 5, ""competence-electronique-systemes"": 1, ""competence-multimedia-telecommunications"": 4, ""competence-statistiques-informatique"": 4}",design,,fonction_publique,hybride,parcours-esiia
cand-001964,matiere_synthetique_18;matiere_synthetique_10;matiere_synthetique_8,8.34,"{""competence-techniques-informatiques-gestion"": 5, ""competence-electronique-systemes"": 1, ""competence-multimedia-telecommunications"": 0, ""competence-statistiques-informatique"": 4}",agriculture;informatique,,salariat,bureau,parcours-esiia
cand-000164,matiere_synthetique_11;matiere_synthetique_9,11.94,"{""competence-techniques-informatiques-gestion"": 3, ""competence-electronique-systemes"": 5, ""competence-multimedia-telecommunications"": 3, ""competence-statistiques-informatique"": 1}",sante;design,projet_personnel_tech,salariat,hybride,parcours-aee
cand-000227,matiere_synthetique_1;matiere_synthetique_10,11.41,"{""competence-techniques-informatiques-gestion"": 4, ""competence-electronique-systemes"": 5, ""competence-multimedia-telecommunications"": 5, ""competence-statistiques-informatique"": 5}",finance,,salariat,hybride,parcours-aee
cand-000038,matiere_synthetique_13;matiere_synthetique_10;matiere_synthetique_9,13.43,"{""competence-techniques-informatiques-gestion"": 5, ""competence-electronique-systemes"": 2, ""competence-multimedia-telecommunications"": 5, ""competence-statistiques-informatique"": 4}",management,,recherche,terrain,parcours-iaa
cand-001148,matiere_synthetique_1;matiere_synthetique_19;matiere_synthetique_12,12.91,"{""competence-techniques-informatiques-gestion"": 2, ""competence-electronique-systemes"": 2, ""competence-multimedia-telecommunications"": 4, ""competence-statistiques-informatique"": 4}",sante,,enseignement,bureau,parcours-teh
cand-001946,matiere_synthetique_3;matiere_synthetique_16;matiere_synthetique_16,14.01,"{""competence-techniques-informatiques-gestion"": 3, ""competence-electronique-systemes"": 5, ""competence-multimedia-telecommunications"": 3, ""competence-statistiques-informatique"": 3}",informatique;finance,projet_associatif,recherche,bureau,parcours-aee
cand-001811,matiere_synthetique_10;matiere_synthetique_13;matiere_synthetique_6,10.37,"{""competence-techniques-informatiques-gestion"": 1, ""competence-electronique-systemes"": 4, ""competence-multimedia-telecommunications"": 3, ""competence-statistiques-informatique"": 4}",informatique,projet_personnel_tech,salariat,terrain,parcours-esiia
cand-000859,matiere_synthetique_5,13.92,"{""competence-techniques-informatiques-gestion"": 1, ""competence-electronique-systemes"": 2, ""competence-multimedia-telecommunications"": 4, ""competence-statistiques-informatique"": 1}",design;management,,recherche,teletravail,parcours-aee
cand-000536,matiere_synthetique_19;matiere_synthetique_11;matiere_synthetique_6,10.87,"{""competence-techniques-informatiques-gestion"": 3, ""competence-electronique-systemes"": 5, ""competence-multimedia-telecommunications"": 5, ""competence-statistiques-informatique"": 4}",tourisme;finance,,entrepreneuriat,bureau,parcours-dtja
cand-000811,matiere_synthetique_1,17.05,"{""competence-techniques-informatiques-gestion"": 3, ""competence-electronique-systemes"": 2, ""competence-multimedia-telecommunications"": 4, ""competence-statistiques-informatique"": 5}",sante;informatique,projet_associatif,enseignement,hybride,parcours-imticia
cand-000805,matiere_synthetique_16,14.48,"{""competence-techniques-informatiques-gestion"": 3, ""competence-electronique-systemes"": 4, ""competence-multimedia-telecommunications"": 3, ""competence-statistiques-informatique"": 1}",ecologie;robotique,,recherche,teletravail,parcours-pip
cand-000281,matiere_synthetique_11,10.28,"{""competence-techniques-informatiques-gestion"": 2, ""competence-electronique-systemes"": 4, ""competence-multimedia-telecommunications"": 1, ""competence-statistiques-informatique"": 3}",finance;design,,salariat,teletravail,parcours-fic
cand-001495,matiere_synthetique_11,12.71,"{""competence-techniques-informatiques-gestion"": 1, ""competence-electronique-systemes"": 3, ""competence-multimedia-telecommunications"": 5, ""competence-statistiques-informatique"": 3}",management;sante,projet_personnel_tech,entrepreneuriat,bureau,parcours-emii
cand-000366,matiere_synthetique_18;matiere_synthetique_8,12.21,"{""competence-techniques-informatiques-gestion"": 4, ""competence-electronique-systemes"": 1, ""competence-multimedia-telecommunications"": 5, ""competence-statistiques-informatique"": 4}",informatique;agriculture;sante,projet_associatif,recherche,bureau,parcours-igglia
cand-000581,matiere_synthetique_18;matiere_synthetique_1;matiere_synthetique_5,7.55,"{""competence-techniques-informatiques-gestion"": 3, ""competence-electronique-systemes"": 3, ""competence-multimedia-telecommunications"": 1, ""competence-statistiques-informatique"": 1}",management;agriculture;tourisme,,salariat,hybride,parcours-tee
cand-001180,matiere_synthetique_9;matiere_synthetique_12,5.02,"{""competence-techniques-informatiques-gestion"": 0, ""competence-electronique-systemes"": 1, ""competence-multimedia-telecommunications"": 4, ""competence-statistiques-informatique"": 5}",robotique;finance;informatique,,salariat,teletravail,parcours-imticia
cand-000479,matiere_synthetique_1,10.81,"{""competence-techniques-informatiques-gestion"": 5, ""competence-electronique-systemes"": 2, ""competence-multimedia-telecommunications"": 1, ""competence-statistiques-informatique"": 4}",finance;agriculture,,fonction_publique,bureau,parcours-gca
cand-000428,matiere_synthetique_9,17.37,"{""competence-techniques-informatiques-gestion"": 5, ""competence-electronique-systemes"": 5, ""competence-multimedia-telecommunications"": 5, ""competence-statistiques-informatique"": 4}",tourisme;design,projet_personnel_tech,recherche,terrain,parcours-imticia
cand-001704,matiere_synthetique_15;matiere_synthetique_13;matiere_synthetique_12,15.73,"{""competence-techniques-informatiques-gestion"": 2, ""competence-electronique-systemes"": 3, ""competence-multimedia-telecommunications"": 5, ""competence-statistiques-informatique"": 3}",informatique,projet_personnel_tech,recherche,terrain,parcours-fic
cand-001328,matiere_synthetique_14;matiere_synthetique_11;matiere_synthetique_6,14.95,"{""competence-techniques-informatiques-gestion"": 2, ""competence-electronique-systemes"": 3, ""competence-multimedia-telecommunications"": 3, ""competence-statistiques-informatique"": 0}",robotique;sante,,recherche,teletravail,parcours-teh
cand-001033,matiere_synthetique_4;matiere_synthetique_2;matiere_synthetique_12,14.01,"{""competence-techniques-informatiques-gestion"": 1, ""competence-electronique-systemes"": 3, ""competence-multimedia-telecommunications"": 5, ""competence-statistiques-informatique"": 1}",agriculture,,entrepreneuriat,terrain,parcours-emii
cand-000588,matiere_synthetique_3;matiere_synthetique_1,11.27,"{""competence-techniques-informatiques-gestion"": 2, ""competence-electronique-systemes"": 4, ""competence-multimedia-telecommunications"": 1, ""competence-statistiques-informatique"": 3}",agriculture;informatique;sante,,recherche,terrain,parcours-dtja
cand-000011,matiere_synthetique_12,13.57,"{""competence-techniques-informatiques-gestion"": 5, ""competence-electronique-systemes"": 5, ""competence-multimedia-telecommunications"": 1, ""competence-statistiques-informatique"": 5}",robotique;tourisme,,recherche,terrain,parcours-caa
cand-000270,matiere_synthetique_12;matiere_synthetique_5,16.28,"{""competence-techniques-informatiques-gestion"": 5, ""competence-electronique-systemes"": 2, ""competence-multimedia-telecommunications"": 0, ""competence-statistiques-informatique"": 5}",informatique;tourisme,projet_personnel_tech,entrepreneuriat,bureau,parcours-gca
cand-001741,matiere_synthetique_18,9.67,"{""competence-techniques-informatiques-gestion"": 4, ""competence-electronique-systemes"": 1, ""competence-multimedia-telecommunications"": 4, ""competence-statistiques-informatique"": 5}",design,projet_personnel_tech,salariat,terrain,parcours-esiia
cand-001051,matiere_synthetique_20;matiere_synthetique_3;matiere_synthetique_17,13.45,"{""competence-techniques-informatiques-gestion"": 5, ""competence-electronique-systemes"": 2, ""competence-multimedia-telecommunications"": 2, ""competence-statistiques-informatique"": 5}",management;agriculture;informatique,projet_personnel_tech,enseignement,hybride,parcours-iaa
cand-000582,matiere_synthetique_17;matiere_synthetique_9;matiere_synthetique_10,15.03,"{""competence-techniques-informatiques-gestion"": 1, ""competence-electronique-systemes"": 5, ""competence-multimedia-telecommunications"": 1, ""competence-statistiques-informatique"": 2}",design,projet_associatif,fonction_publique,terrain,parcours-icmp
cand-001525,matiere_synthetique_8,16.99,"{""competence-techniques-informatiques-gestion"": 2, ""competence-electronique-systemes"": 3, ""competence-multimedia-telecommunications"": 0, ""competence-statistiques-informatique"": 5}",ecologie,,entrepreneuriat,teletravail,parcours-emii
cand-001629,matiere_synthetique_16;matiere_synthetique_11;matiere_synthetique_5,10.62,"{""competence-techniques-informatiques-gestion"": 5, ""competence-electronique-systemes"": 5, ""competence-multimedia-telecommunications"": 5, ""competence-statistiques-informatique"": 1}",tourisme,projet_personnel_tech,recherche,terrain,parcours-esiia
cand-000716,matiere_synthetique_4;matiere_synthetique_17,10.38,"{""competence-techniques-informatiques-gestion"": 2, ""competence-electronique-systemes"": 2, ""competence-multimedia-telecommunications"": 3, ""competence-statistiques-informatique"": 0}",design;ecologie;sante,,salariat,terrain,parcours-dtja
cand-001907,matiere_synthetique_3;matiere_synthetique_7,11.73,"{""competence-techniques-informatiques-gestion"": 2, ""competence-electronique-systemes"": 5, ""competence-multimedia-telecommunications"": 5, ""competence-statistiques-informatique"": 1}",tourisme;design;informatique,,enseignement,hybride,parcours-igglia
cand-001287,matiere_synthetique_5;matiere_synthetique_9,15.27,"{""competence-techniques-informatiques-gestion"": 3, ""competence-electronique-systemes"": 5, ""competence-multimedia-telecommunications"": 1, ""competence-statistiques-informatique"": 3}",informatique,,salariat,teletravail,parcours-pip
cand-001151,matiere_synthetique_9;matiere_synthetique_13;matiere_synthetique_6,12.84,"{""competence-techniques-informatiques-gestion"": 3, ""competence-electronique-systemes"": 0, ""competence-multimedia-telecommunications"": 5, ""competence-statistiques-informatique"": 5}",informatique,,recherche,teletravail,parcours-pip
cand-000601,matiere_synthetique_7;matiere_synthetique_5,11.75,"{""competence-techniques-informatiques-gestion"": 2, ""competence-electronique-systemes"": 5, ""competence-multimedia-telecommunications"": 4, ""competence-statistiques-informatique"": 2}",ecologie;sante,,fonction_publique,hybride,parcours-icmp
cand-001510,matiere_synthetique_1,15.38,"{""competence-techniques-informatiques-gestion"": 2, ""competence-electronique-systemes"": 5, ""competence-multimedia-telecommunications"": 4, ""competence-statistiques-informatique"": 5}",agriculture;design,,recherche,hybride,parcours-teh
cand-000825,matiere_synthetique_17,14.75,"{""competence-techniques-informatiques-gestion"": 4, ""competence-electronique-systemes"": 5, ""competence-multimedia-telecommunications"": 4, ""competence-statistiques-informatique"": 2}",sante;management;informatique,projet_personnel_tech,entrepreneuriat,hybride,parcours-pip
cand-000787,matiere_synthetique_1;matiere_synthetique_8;matiere_synthetique_11,15.21,"{""competence-techniques-informatiques-gestion"": 5, ""competence-electronique-systemes"": 4, ""competence-multimedia-telecommunications"": 5, ""competence-statistiques-informatique"": 4}",informatique;sante;robotique,,entrepreneuriat,teletravail,parcours-icmp
cand-000618,matiere_synthetique_11;matiere_synthetique_7,12.13,"{""competence-techniques-informatiques-gestion"": 1, ""competence-electronique-systemes"": 3, ""competence-multimedia-telecommunications"": 5, ""competence-statistiques-informatique"": 2}",ecologie;design,projet_associatif,enseignement,terrain,parcours-icmp
cand-001748,matiere_synthetique_5;matiere_synthetique_16,17.46,"{""competence-techniques-informatiques-gestion"": 1, ""competence-electronique-systemes"": 1, ""competence-multimedia-telecommunications"": 4, ""competence-statistiques-informatique"": 2}",tourisme;robotique,,fonction_publique,bureau,parcours-emii
cand-000662,matiere_synthetique_20;matiere_synthetique_14;matiere_synthetique_17,19.17,"{""competence-techniques-informatiques-gestion"": 3, ""competence-electronique-systemes"": 1, ""competence-multimedia-telecommunications"": 5, ""competence-statistiques-informatique"": 1}",sante,projet_personnel_tech,entrepreneuriat,teletravail,parcours-teh
cand-001535,matiere_synthetique_13,18.6,"{""competence-techniques-informatiques-gestion"": 4, ""competence-electronique-systemes"": 1, ""competence-multimedia-telecommunications"": 5, ""competence-statistiques-informatique"": 1}",robotique;finance,,fonction_publique,terrain,parcours-icmp
cand-001883,matiere_synthetique_13,16.76,"{""competence-techniques-informatiques-gestion"": 5, ""competence-electronique-systemes"": 3, ""competence-multimedia-telecommunications"": 1, ""competence-statistiques-informatique"": 4}",design;management;finance,projet_personnel_tech,enseignement,teletravail,parcours-fic
cand-001847,matiere_synthetique_14;matiere_synthetique_16;matiere_synthetique_6,10.84,"{""competence-techniques-informatiques-gestion"": 4, ""competence-electronique-systemes"": 5, ""competence-multimedia-telecommunications"": 3, ""competence-statistiques-informatique"": 5}",informatique;ecologie;design,,salariat,hybride,parcours-emp
cand-000780,matiere_synthetique_14;matiere_synthetique_12,15.2,"{""competence-techniques-informatiques-gestion"": 3, ""competence-electronique-systemes"": 4, ""competence-multimedia-telecommunications"": 4, ""competence-statistiques-informatique"": 5}",management;ecologie,,fonction_publique,hybride,parcours-dtja
cand-001591,matiere_synthetique_4;matiere_synthetique_5;matiere_synthetique_2,12.67,"{""competence-techniques-informatiques-gestion"": 2, ""competence-electronique-systemes"": 1, ""competence-multimedia-telecommunications"": 5, ""competence-statistiques-informatique"": 5}",ecologie;robotique,projet_personnel_tech;projet_associatif,enseignement,teletravail,parcours-isaia
cand-000684,matiere_synthetique_12;matiere_synthetique_16;matiere_synthetique_13,9.1,"{""competence-techniques-informatiques-gestion"": 1, ""competence-electronique-systemes"": 0, ""competence-multimedia-telecommunications"": 3, ""competence-statistiques-informatique"": 1}",design;management;robotique,,salariat,terrain,parcours-teh
cand-001582,matiere_synthetique_13,14.19,"{""competence-techniques-informatiques-gestion"": 5, ""competence-electronique-systemes"": 1, ""competence-multimedia-telecommunications"": 5, ""competence-statistiques-informatique"": 4}",finance;ecologie,,recherche,terrain,parcours-gca
cand-000892,matiere_synthetique_8;matiere_synthetique_5,12.29,"{""competence-techniques-informatiques-gestion"": 5, ""competence-electronique-systemes"": 0, ""competence-multimedia-telecommunications"": 2, ""competence-statistiques-informatique"": 4}",ecologie;robotique,projet_personnel_tech,enseignement,terrain,parcours-igglia
cand-000631,matiere_synthetique_17;matiere_synthetique_7;matiere_synthetique_20,11.18,"{""competence-techniques-informatiques-gestion"": 5, ""competence-electronique-systemes"": 1, ""competence-multimedia-telecommunications"": 0, ""competence-statistiques-informatique"": 3}",finance,projet_associatif,fonction_publique,bureau,parcours-igglia
cand-001778,matiere_synthetique_1;matiere_synthetique_10,11.29,"{""competence-techniques-informatiques-gestion"": 5, ""competence-electronique-systemes"": 3, ""competence-multimedia-telecommunications"": 5, ""competence-statistiques-informatique"": 2}",design,,enseignement,teletravail,parcours-gca
cand-001595,matiere_synthetique_3;matiere_synthetique_2,7.3,"{""competence-techniques-informatiques-gestion"": 2, ""competence-electronique-systemes"": 2, ""competence-multimedia-telecommunications"": 4, ""competence-statistiques-informatique"": 1}",informatique;finance;management,,salariat,bureau,parcours-isaia
cand-000911,matiere_synthetique_16,18.84,"{""competence-techniques-informatiques-gestion"": 5, ""competence-electronique-systemes"": 5, ""competence-multimedia-telecommunications"": 3, ""competence-statistiques-informatique"": 1}",design,projet_personnel_tech,recherche,terrain,parcours-gca
cand-000974,matiere_synthetique_16;matiere_synthetique_8;matiere_synthetique_2,11.6,"{""competence-techniques-informatiques-gestion"": 4, ""competence-electronique-systemes"": 5, ""competence-multimedia-telecommunications"": 5, ""competence-statistiques-informatique"": 4}",sante;tourisme;informatique,,entrepreneuriat,hybride,parcours-tee
cand-000451,matiere_synthetique_19;matiere_synthetique_13;matiere_synthetique_10,16.62,"{""competence-techniques-informatiques-gestion"": 4, ""competence-electronique-systemes"": 3, ""competence-multimedia-telecommunications"": 3, ""competence-statistiques-informatique"": 2}",agriculture,,fonction_publique,teletravail,parcours-pip
cand-000680,matiere_synthetique_15;matiere_synthetique_3;matiere_synthetique_20,12.44,"{""competence-techniques-informatiques-gestion"": 2, ""competence-electronique-systemes"": 2, ""competence-multimedia-telecommunications"": 1, ""competence-statistiques-informatique"": 4}",ecologie,,entrepreneuriat,bureau,parcours-aee
cand-000003,matiere_synthetique_4;matiere_synthetique_18;matiere_synthetique_9,14.26,"{""competence-techniques-informatiques-gestion"": 3, ""competence-electronique-systemes"": 4, ""competence-multimedia-telecommunications"": 0, ""competence-statistiques-informatique"": 5}",tourisme;ecologie;robotique,,recherche,terrain,parcours-tee
cand-000443,matiere_synthetique_1;matiere_synthetique_9;matiere_synthetique_9,17.54,"{""competence-techniques-informatiques-gestion"": 4, ""competence-electronique-systemes"": 2, ""competence-multimedia-telecommunications"": 4, ""competence-statistiques-informatique"": 5}",robotique,,salariat,terrain,parcours-iaa
cand-000128,matiere_synthetique_5;matiere_synthetique_6,15.82,"{""competence-techniques-informatiques-gestion"": 4, ""competence-electronique-systemes"": 5, ""competence-multimedia-telecommunications"": 2, ""competence-statistiques-informatique"": 3}",tourisme;robotique,,enseignement,teletravail,parcours-pip
cand-000665,matiere_synthetique_7;matiere_synthetique_2;matiere_synthetique_5,14.54,"{""competence-techniques-informatiques-gestion"": 3, ""competence-electronique-systemes"": 5, ""competence-multimedia-telecommunications"": 2, ""competence-statistiques-informatique"": 5}",sante,projet_personnel_tech;projet_associatif,recherche,bureau,parcours-gca
cand-000273,matiere_synthetique_13,17.41,"{""competence-techniques-informatiques-gestion"": 3, ""competence-electronique-systemes"": 3, ""competence-multimedia-telecommunications"": 5, ""competence-statistiques-informatique"": 4}",tourisme,,enseignement,terrain,parcours-iaa
cand-000250,matiere_synthetique_2;matiere_synthetique_17,16.55,"{""competence-techniques-informatiques-gestion"": 4, ""competence-electronique-systemes"": 3, ""competence-multimedia-telecommunications"": 2, ""competence-statistiques-informatique"": 1}",informatique,projet_personnel_tech,salariat,terrain,parcours-emp
cand-001372,matiere_synthetique_16,13.46,"{""competence-techniques-informatiques-gestion"": 5, ""competence-electronique-systemes"": 5, ""competence-multimedia-telecommunications"": 5, ""competence-statistiques-informatique"": 5}",management,,fonction_publique,teletravail,parcours-igglia
cand-000246,matiere_synthetique_4;matiere_synthetique_9;matiere_synthetique_19,13.61,"{""competence-techniques-informatiques-gestion"": 5, ""competence-electronique-systemes"": 3, ""competence-multimedia-telecommunications"": 2, ""competence-statistiques-informatique"": 5}",informatique,,enseignement,hybride,parcours-imticia
cand-000724,matiere_synthetique_8;matiere_synthetique_8;matiere_synthetique_16,14.87,"{""competence-techniques-informatiques-gestion"": 1, ""competence-electronique-systemes"": 2, ""competence-multimedia-telecommunications"": 1, ""competence-statistiques-informatique"": 2}",agriculture;ecologie,,salariat,hybride,parcours-teh
cand-001030,matiere_synthetique_1;matiere_synthetique_14,12.15,"{""competence-techniques-informatiques-gestion"": 5, ""competence-electronique-systemes"": 4, ""competence-multimedia-telecommunications"": 4, ""competence-statistiques-informatique"": 5}",management;ecologie;design,projet_associatif,enseignement,bureau,parcours-dtja
cand-001997,matiere_synthetique_6,15.08,"{""competence-techniques-informatiques-gestion"": 5, ""competence-electronique-systemes"": 5, ""competence-multimedia-telecommunications"": 5, ""competence-statistiques-informatique"": 3}",tourisme;design,projet_personnel_tech,recherche,teletravail,parcours-pip
cand-000240,matiere_synthetique_14;matiere_synthetique_3;matiere_synthetique_4,14.59,"{""competence-techniques-informatiques-gestion"": 2, ""competence-electronique-systemes"": 5, ""competence-multimedia-telecommunications"": 3, ""competence-statistiques-informatique"": 0}",finance,projet_personnel_tech;projet_associatif,enseignement,hybride,parcours-caa
cand-001888,matiere_synthetique_2;matiere_synthetique_5,16.09,"{""competence-techniques-informatiques-gestion"": 4, ""competence-electronique-systemes"": 4, ""competence-multimedia-telecommunications"": 1, ""competence-statistiques-informatique"": 4}",finance;design;informatique,,recherche,hybride,parcours-dtja
cand-000942,matiere_synthetique_4;matiere_synthetique_12,9.37,"{""competence-techniques-informatiques-gestion"": 3, ""competence-electronique-systemes"": 1, ""competence-multimedia-telecommunications"": 5, ""competence-statistiques-informatique"": 1}",sante,,recherche,bureau,parcours-dtja
cand-001607,matiere_synthetique_19;matiere_synthetique_20,18.53,"{""competence-techniques-informatiques-gestion"": 5, ""competence-electronique-systemes"": 5, ""competence-multimedia-telecommunications"": 5, ""competence-statistiques-informatique"": 4}",informatique;design;ecologie,projet_personnel_tech,fonction_publique,hybride,parcours-gca
cand-001585,matiere_synthetique_2;matiere_synthetique_18,7.7,"{""competence-techniques-informatiques-gestion"": 5, ""competence-electronique-systemes"": 0, ""competence-multimedia-telecommunications"": 3, ""competence-statistiques-informatique"": 1}",robotique,projet_associatif,salariat,hybride,parcours-emii
cand-001814,matiere_synthetique_10,14.95,"{""competence-techniques-informatiques-gestion"": 5, ""competence-electronique-systemes"": 5, ""competence-multimedia-telecommunications"": 5, ""competence-statistiques-informatique"": 3}",robotique;informatique,,fonction_publique,teletravail,parcours-emii
cand-001269,matiere_synthetique_15,8.46,"{""competence-techniques-informatiques-gestion"": 3, ""competence-electronique-systemes"": 1, ""competence-multimedia-telecommunications"": 5, ""competence-statistiques-informatique"": 4}",agriculture,,enseignement,teletravail,parcours-teh
cand-000827,matiere_synthetique_5;matiere_synthetique_13;matiere_synthetique_15,18.3,"{""competence-techniques-informatiques-gestion"": 2, ""competence-electronique-systemes"": 3, ""competence-multimedia-telecommunications"": 3, ""competence-statistiques-informatique"": 5}",ecologie,,enseignement,teletravail,parcours-isaia
cand-001425,matiere_synthetique_20;matiere_synthetique_11;matiere_synthetique_10,15.35,"{""competence-techniques-informatiques-gestion"": 3, ""competence-electronique-systemes"": 3, ""competence-multimedia-telecommunications"": 3, ""competence-statistiques-informatique"": 3}",robotique,,salariat,teletravail,parcours-imticia
cand-000404,matiere_synthetique_9,12.07,"{""competence-techniques-informatiques-gestion"": 4, ""competence-electronique-systemes"": 0, ""competence-multimedia-telecommunications"": 3, ""competence-statistiques-informatique"": 2}",ecologie;finance;tourisme,,enseignement,terrain,parcours-tee
cand-000115,matiere_synthetique_15;matiere_synthetique_15,12.58,"{""competence-techniques-informatiques-gestion"": 1, ""competence-electronique-systemes"": 1, ""competence-multimedia-telecommunications"": 5, ""competence-statistiques-informatique"": 5}",robotique,projet_personnel_tech,entrepreneuriat,bureau,parcours-tee
cand-000099,matiere_synthetique_14;matiere_synthetique_13,10.81,"{""competence-techniques-informatiques-gestion"": 1, ""competence-electronique-systemes"": 0, ""competence-multimedia-telecommunications"": 3, ""competence-statistiques-informatique"": 5}",robotique;sante,projet_personnel_tech;projet_associatif,salariat,terrain,parcours-pip
cand-001262,matiere_synthetique_20;matiere_synthetique_1,14.18,"{""competence-techniques-informatiques-gestion"": 3, ""competence-electronique-systemes"": 5, ""competence-multimedia-telecommunications"": 4, ""competence-statistiques-informatique"": 2}",sante,projet_personnel_tech,enseignement,teletravail,parcours-dtja
cand-000890,matiere_synthetique_13,11.74,"{""competence-techniques-informatiques-gestion"": 2, ""competence-electronique-systemes"": 4, ""competence-multimedia-telecommunications"": 2, ""competence-statistiques-informatique"": 2}",tourisme;informatique,,enseignement,terrain,parcours-esiia
cand-000225,matiere_synthetique_16,16.97,"{""competence-techniques-informatiques-gestion"": 2, ""competence-electronique-systemes"": 3, ""competence-multimedia-telecommunications"": 4, ""competence-statistiques-informatique"": 3}",finance;robotique;sante,projet_personnel_tech,fonction_publique,bureau,parcours-esiia
cand-001865,matiere_synthetique_12;matiere_synthetique_9,13.06,"{""competence-techniques-informatiques-gestion"": 5, ""competence-electronique-systemes"": 4, ""competence-multimedia-telecommunications"": 4, ""competence-statistiques-informatique"": 1}",management;ecologie,projet_associatif,enseignement,bureau,parcours-isaia
cand-000320,matiere_synthetique_2,14.75,"{""competence-techniques-informatiques-gestion"": 2, ""competence-electronique-systemes"": 5, ""competence-multimedia-telecommunications"": 4, ""competence-statistiques-informatique"": 0}",design,,recherche,teletravail,parcours-aee
cand-001757,matiere_synthetique_20;matiere_synthetique_1,19.4,"{""competence-techniques-informatiques-gestion"": 0, ""competence-electronique-systemes"": 5, ""competence-multimedia-telecommunications"": 0, ""competence-statistiques-informatique"": 5}",finance,,fonction_publique,teletravail,parcours-icmp
cand-000431,matiere_synthetique_5;matiere_synthetique_19,8.96,"{""competence-techniques-informatiques-gestion"": 1, ""competence-electronique-systemes"": 5, ""competence-multimedia-telecommunications"": 1, ""competence-statistiques-informatique"": 2}",informatique;management;agriculture,,recherche,bureau,parcours-dtja
cand-001615,matiere_synthetique_18;matiere_synthetique_16;matiere_synthetique_1,12.45,"{""competence-techniques-informatiques-gestion"": 4, ""competence-electronique-systemes"": 0, ""competence-multimedia-telecommunications"": 2, ""competence-statistiques-informatique"": 1}",informatique,projet_personnel_tech,fonction_publique,hybride,parcours-imticia
cand-001446,matiere_synthetique_16,11.79,"{""competence-techniques-informatiques-gestion"": 5, ""competence-electronique-systemes"": 5, ""competence-multimedia-telecommunications"": 1, ""competence-statistiques-informatique"": 4}",design;ecologie;agriculture,projet_personnel_tech,enseignement,teletravail,parcours-imticia
cand-000735,matiere_synthetique_10,19.15,"{""competence-techniques-informatiques-gestion"": 4, ""competence-electronique-systemes"": 1, ""competence-multimedia-telecommunications"": 2, ""competence-statistiques-informatique"": 1}",ecologie;tourisme,projet_associatif,enseignement,hybride,parcours-esiia
cand-000217,matiere_synthetique_16;matiere_synthetique_13;matiere_synthetique_18,8.78,"{""competence-techniques-informatiques-gestion"": 5, ""competence-electronique-systemes"": 1, ""competence-multimedia-telecommunications"": 5, ""competence-statistiques-informatique"": 5}",management;agriculture,,fonction_publique,teletravail,parcours-isaia
cand-000401,matiere_synthetique_1,12.13,"{""competence-techniques-informatiques-gestion"": 5, ""competence-electronique-systemes"": 2, ""competence-multimedia-telecommunications"": 5, ""competence-statistiques-informatique"": 0}",sante,,enseignement,terrain,parcours-gca
cand-000209,matiere_synthetique_10;matiere_synthetique_7;matiere_synthetique_3,11.37,"{""competence-techniques-informatiques-gestion"": 3, ""competence-electronique-systemes"": 5, ""competence-multimedia-telecommunications"": 1, ""competence-statistiques-informatique"": 5}",tourisme;sante;design,,fonction_publique,bureau,parcours-gca
cand-000790,matiere_synthetique_9;matiere_synthetique_1,13.78,"{""competence-techniques-informatiques-gestion"": 4, ""competence-electronique-systemes"": 3, ""competence-multimedia-telecommunications"": 5, ""competence-statistiques-informatique"": 0}",design;ecologie,,enseignement,bureau,parcours-tee
cand-000955,matiere_synthetique_8;matiere_synthetique_8,10.36,"{""competence-techniques-informatiques-gestion"": 4, ""competence-electronique-systemes"": 1, ""competence-multimedia-telecommunications"": 3, ""competence-statistiques-informatique"": 5}",tourisme;finance,projet_associatif,fonction_publique,terrain,parcours-tee
cand-001938,matiere_synthetique_19,15.23,"{""competence-techniques-informatiques-gestion"": 5, ""competence-electronique-systemes"": 5, ""competence-multimedia-telecommunications"": 2, ""competence-statistiques-informatique"": 5}",robotique;ecologie,,fonction_publique,teletravail,parcours-igglia
cand-001767,matiere_synthetique_3;matiere_synthetique_19,13.68,"{""competence-techniques-informatiques-gestion"": 4, ""competence-electronique-systemes"": 1, ""competence-multimedia-telecommunications"": 5, ""competence-statistiques-informatique"": 5}",finance;informatique;sante,projet_personnel_tech,recherche,bureau,parcours-caa
cand-000046,matiere_synthetique_3;matiere_synthetique_18,15.69,"{""competence-techniques-informatiques-gestion"": 5, ""competence-electronique-systemes"": 5, ""competence-multimedia-telecommunications"": 3, ""competence-statistiques-informatique"": 1}",ecologie,projet_personnel_tech,recherche,teletravail,parcours-esiia
cand-000699,matiere_synthetique_9,17.18,"{""competence-techniques-informatiques-gestion"": 0, ""competence-electronique-systemes"": 3, ""competence-multimedia-telecommunications"": 4, ""competence-statistiques-informatique"": 2}",finance;sante,,salariat,hybride,parcours-imticia
cand-000519,matiere_synthetique_2,10.21,"{""competence-techniques-informatiques-gestion"": 3, ""competence-electronique-systemes"": 2, ""competence-multimedia-telecommunications"": 2, ""competence-statistiques-informatique"": 1}",tourisme;finance,,salariat,bureau,parcours-esiia
cand-001119,matiere_synthetique_5;matiere_synthetique_12;matiere_synthetique_1,10.11,"{""competence-techniques-informatiques-gestion"": 1, ""competence-electronique-systemes"": 0, ""competence-multimedia-telecommunications"": 3, ""competence-statistiques-informatique"": 5}",finance;ecologie;management,,recherche,hybride,parcours-fic
cand-001890,matiere_synthetique_18,7.82,"{""competence-techniques-informatiques-gestion"": 5, ""competence-electronique-systemes"": 3, ""competence-multimedia-telecommunications"": 3, ""competence-statistiques-informatique"": 5}",design,,enseignement,bureau,parcours-icmp
cand-000071,matiere_synthetique_6;matiere_synthetique_12;matiere_synthetique_11,8.35,"{""competence-techniques-informatiques-gestion"": 4, ""competence-electronique-systemes"": 3, ""competence-multimedia-telecommunications"": 4, ""competence-statistiques-informatique"": 3}",finance;ecologie,,recherche,bureau,parcours-pip
cand-001697,matiere_synthetique_2;matiere_synthetique_5,9.2,"{""competence-techniques-informatiques-gestion"": 4, ""competence-electronique-systemes"": 5, ""competence-multimedia-telecommunications"": 5, ""competence-statistiques-informatique"": 4}",design;finance;management,,fonction_publique,terrain,parcours-emii
cand-000466,matiere_synthetique_14,13.79,"{""competence-techniques-informatiques-gestion"": 4, ""competence-electronique-systemes"": 3, ""competence-multimedia-telecommunications"": 0, ""competence-statistiques-informatique"": 5}",ecologie;management,projet_personnel_tech,entrepreneuriat,bureau,parcours-emii
cand-001195,matiere_synthetique_10;matiere_synthetique_6,15.95,"{""competence-techniques-informatiques-gestion"": 0, ""competence-electronique-systemes"": 2, ""competence-multimedia-telecommunications"": 5, ""competence-statistiques-informatique"": 4}",sante;informatique;robotique,,entrepreneuriat,hybride,parcours-igglia
cand-000304,matiere_synthetique_11;matiere_synthetique_9;matiere_synthetique_19,12.54,"{""competence-techniques-informatiques-gestion"": 4, ""competence-electronique-systemes"": 5, ""competence-multimedia-telecommunications"": 5, ""competence-statistiques-informatique"": 5}",robotique,,recherche,hybride,parcours-aee
cand-001434,matiere_synthetique_17,16.16,"{""competence-techniques-informatiques-gestion"": 1, ""competence-electronique-systemes"": 1, ""competence-multimedia-telecommunications"": 5, ""competence-statistiques-informatique"": 4}",agriculture;ecologie;management,,entrepreneuriat,teletravail,parcours-icmp
cand-000471,matiere_synthetique_8;matiere_synthetique_4;matiere_synthetique_13,7.33,"{""competence-techniques-informatiques-gestion"": 5, ""competence-electronique-systemes"": 5, ""competence-multimedia-telecommunications"": 5, ""competence-statistiques-informatique"": 2}",finance,,salariat,terrain,parcours-fic
cand-000694,matiere_synthetique_18;matiere_synthetique_6,16.35,"{""competence-techniques-informatiques-gestion"": 4, ""competence-electronique-systemes"": 2, ""competence-multimedia-telecommunications"": 1, ""competence-statistiques-informatique"": 2}",informatique;sante,projet_personnel_tech,salariat,bureau,parcours-imticia
cand-000829,matiere_synthetique_18,16.26,"{""competence-techniques-informatiques-gestion"": 3, ""competence-electronique-systemes"": 4, ""competence-multimedia-telecommunications"": 2, ""competence-statistiques-informatique"": 5}",sante;agriculture;robotique,,recherche,bureau,parcours-emp
cand-000248,matiere_synthetique_17,11.2,"{""competence-techniques-informatiques-gestion"": 4, ""competence-electronique-systemes"": 1, ""competence-multimedia-telecommunications"": 4, ""competence-statistiques-informatique"": 2}",design;management;robotique,,enseignement,teletravail,parcours-teh
cand-000195,matiere_synthetique_9,16.16,"{""competence-techniques-informatiques-gestion"": 4, ""competence-electronique-systemes"": 3, ""competence-multimedia-telecommunications"": 3, ""competence-statistiques-informatique"": 1}",robotique,,enseignement,hybride,parcours-dtja
cand-001798,matiere_synthetique_16,14.35,"{""competence-techniques-informatiques-gestion"": 2, ""competence-electronique-systemes"": 1, ""competence-multimedia-telecommunications"": 2, ""competence-statistiques-informatique"": 2}",informatique;sante,projet_personnel_tech,salariat,hybride,parcours-fic
cand-001551,matiere_synthetique_12,14.39,"{""competence-techniques-informatiques-gestion"": 1, ""competence-electronique-systemes"": 2, ""competence-multimedia-telecommunications"": 2, ""competence-statistiques-informatique"": 1}",agriculture,projet_personnel_tech;projet_associatif,salariat,terrain,parcours-emp
cand-001167,matiere_synthetique_2;matiere_synthetique_12;matiere_synthetique_20,18.75,"{""competence-techniques-informatiques-gestion"": 5, ""competence-electronique-systemes"": 3, ""competence-multimedia-telecommunications"": 3, ""competence-statistiques-informatique"": 5}",sante;finance;ecologie,,recherche,terrain,parcours-dtja
cand-001412,matiere_synthetique_19;matiere_synthetique_20;matiere_synthetique_19,9.0,"{""competence-techniques-informatiques-gestion"": 5, ""competence-electronique-systemes"": 0, ""competence-multimedia-telecommunications"": 0, ""competence-statistiques-informatique"": 3}",design;sante;ecologie,projet_personnel_tech,enseignement,teletravail,parcours-pip
cand-001267,matiere_synthetique_3;matiere_synthetique_13,12.22,"{""competence-techniques-informatiques-gestion"": 4, ""competence-electronique-systemes"": 1, ""competence-multimedia-telecommunications"": 2, ""competence-statistiques-informatique"": 4}",design;agriculture,projet_personnel_tech,entrepreneuriat,terrain,parcours-imticia
cand-001912,matiere_synthetique_14;matiere_synthetique_9;matiere_synthetique_6,12.17,"{""competence-techniques-informatiques-gestion"": 4, ""competence-electronique-systemes"": 1, ""competence-multimedia-telecommunications"": 1, ""competence-statistiques-informatique"": 5}",ecologie;finance;sante,,recherche,terrain,parcours-iaa
cand-001203,matiere_synthetique_4;matiere_synthetique_11,11.89,"{""competence-techniques-informatiques-gestion"": 2, ""competence-electronique-systemes"": 3, ""competence-multimedia-telecommunications"": 4, ""competence-statistiques-informatique"": 5}",agriculture;sante,projet_personnel_tech,enseignement,terrain,parcours-tee
cand-001753,matiere_synthetique_5;matiere_synthetique_2;matiere_synthetique_18,13.0,"{""competence-techniques-informatiques-gestion"": 2, ""competence-electronique-systemes"": 5, ""competence-multimedia-telecommunications"": 1, ""competence-statistiques-informatique"": 3}",agriculture;ecologie;finance,projet_personnel_tech,entrepreneuriat,hybride,parcours-imticia
cand-001027,matiere_synthetique_7;matiere_synthetique_13,11.12,"{""competence-techniques-informatiques-gestion"": 5, ""competence-electronique-systemes"": 2, ""competence-multimedia-telecommunications"": 5, ""competence-statistiques-informatique"": 4}",tourisme,projet_personnel_tech,entrepreneuriat,teletravail,parcours-emp
cand-000389,matiere_synthetique_1;matiere_synthetique_10;matiere_synthetique_9,10.67,"{""competence-techniques-informatiques-gestion"": 1, ""competence-electronique-systemes"": 4, ""competence-multimedia-telecommunications"": 4, ""competence-statistiques-informatique"": 5}",finance,,fonction_publique,hybride,parcours-emp
cand-000858,matiere_synthetique_2,17.8,"{""competence-techniques-informatiques-gestion"": 3, ""competence-electronique-systemes"": 3, ""competence-multimedia-telecommunications"": 5, ""competence-statistiques-informatique"": 1}",ecologie,,salariat,terrain,parcours-imticia
cand-000499,matiere_synthetique_20,6.9,"{""competence-techniques-informatiques-gestion"": 3, ""competence-electronique-systemes"": 5, ""competence-multimedia-telecommunications"": 5, ""competence-statistiques-informatique"": 5}",design;ecologie;robotique,projet_associatif,recherche,hybride,parcours-teh
cand-001868,matiere_synthetique_2;matiere_synthetique_11,10.42,"{""competence-techniques-informatiques-gestion"": 1, ""competence-electronique-systemes"": 5, ""competence-multimedia-telecommunications"": 2, ""competence-statistiques-informatique"": 5}",informatique,projet_personnel_tech,entrepreneuriat,teletravail,parcours-iaa
cand-001623,matiere_synthetique_5;matiere_synthetique_19,13.95,"{""competence-techniques-informatiques-gestion"": 0, ""competence-electronique-systemes"": 2, ""competence-multimedia-telecommunications"": 5, ""competence-statistiques-informatique"": 1}",design;ecologie,,entrepreneuriat,hybride,parcours-imticia
cand-001769,matiere_synthetique_7;matiere_synthetique_16;matiere_synthetique_13,12.25,"{""competence-techniques-informatiques-gestion"": 1, ""competence-electronique-systemes"": 1, ""competence-multimedia-telecommunications"": 3, ""competence-statistiques-informatique"": 5}",design,projet_personnel_tech,entrepreneuriat,terrain,parcours-aee
cand-000749,matiere_synthetique_4,10.75,"{""competence-techniques-informatiques-gestion"": 3, ""competence-electronique-systemes"": 2, ""competence-multimedia-telecommunications"": 2, ""competence-statistiques-informatique"": 5}",design;agriculture,projet_personnel_tech,recherche,teletravail,parcours-gca
cand-000655,matiere_synthetique_11;matiere_synthetique_5,14.54,"{""competence-techniques-informatiques-gestion"": 3, ""competence-electronique-systemes"": 3, ""competence-multimedia-telecommunications"": 3, ""competence-statistiques-informatique"": 1}",sante;agriculture,,enseignement,teletravail,parcours-igglia
cand-001622,matiere_synthetique_4;matiere_synthetique_9;matiere_synthetique_10,15.73,"{""competence-techniques-informatiques-gestion"": 5, ""competence-electronique-systemes"": 4, ""competence-multimedia-telecommunications"": 1, ""competence-statistiques-informatique"": 1}",design;management,projet_personnel_tech,recherche,teletravail,parcours-imticia
cand-000855,matiere_synthetique_14;matiere_synthetique_9;matiere_synthetique_5,13.51,"{""competence-techniques-informatiques-gestion"": 5, ""competence-electronique-systemes"": 2, ""competence-multimedia-telecommunications"": 0, ""competence-statistiques-informatique"": 5}",robotique;ecologie,,enseignement,bureau,parcours-icmp
cand-001642,matiere_synthetique_1;matiere_synthetique_18,19.18,"{""competence-techniques-informatiques-gestion"": 3, ""competence-electronique-systemes"": 1, ""competence-multimedia-telecommunications"": 5, ""competence-statistiques-informatique"": 2}",ecologie;robotique;management,,enseignement,teletravail,parcours-aee
cand-001720,matiere_synthetique_12,18.5,"{""competence-techniques-informatiques-gestion"": 2, ""competence-electronique-systemes"": 3, ""competence-multimedia-telecommunications"": 4, ""competence-statistiques-informatique"": 1}",finance;tourisme;design,,entrepreneuriat,bureau,parcours-pip
cand-000525,matiere_synthetique_9;matiere_synthetique_11;matiere_synthetique_7,11.32,"{""competence-techniques-informatiques-gestion"": 3, ""competence-electronique-systemes"": 3, ""competence-multimedia-telecommunications"": 4, ""competence-statistiques-informatique"": 5}",design,projet_personnel_tech,entrepreneuriat,terrain,parcours-tee
cand-000738,matiere_synthetique_11;matiere_synthetique_14;matiere_synthetique_8,6.59,"{""competence-techniques-informatiques-gestion"": 4, ""competence-electronique-systemes"": 5, ""competence-multimedia-telecommunications"": 3, ""competence-statistiques-informatique"": 2}",design;management;sante,,salariat,hybride,parcours-emp
cand-001020,matiere_synthetique_17,17.52,"{""competence-techniques-informatiques-gestion"": 1, ""competence-electronique-systemes"": 1, ""competence-multimedia-telecommunications"": 1, ""competence-statistiques-informatique"": 4}",robotique;design,,entrepreneuriat,terrain,parcours-pip
cand-000619,matiere_synthetique_20;matiere_synthetique_1;matiere_synthetique_2,14.56,"{""competence-techniques-informatiques-gestion"": 1, ""competence-electronique-systemes"": 4, ""competence-multimedia-telecommunications"": 0, ""competence-statistiques-informatique"": 4}",management;tourisme;robotique,,fonction_publique,teletravail,parcours-emp
cand-001696,matiere_synthetique_20;matiere_synthetique_10,11.77,"{""competence-techniques-informatiques-gestion"": 5, ""competence-electronique-systemes"": 4, ""competence-multimedia-telecommunications"": 4, ""competence-statistiques-informatique"": 4}",finance;management,,enseignement,teletravail,parcours-igglia
cand-000235,matiere_synthetique_16;matiere_synthetique_3,12.08,"{""competence-techniques-informatiques-gestion"": 4, ""competence-electronique-systemes"": 2, ""competence-multimedia-telecommunications"": 1, ""competence-statistiques-informatique"": 1}",sante;design,,entrepreneuriat,terrain,parcours-tee
cand-000758,matiere_synthetique_16;matiere_synthetique_8;matiere_synthetique_12,15.5,"{""competence-techniques-informatiques-gestion"": 4, ""competence-electronique-systemes"": 4, ""competence-multimedia-telecommunications"": 1, ""competence-statistiques-informatique"": 2}",management;sante,projet_personnel_tech,recherche,terrain,parcours-esiia
cand-000508,matiere_synthetique_10;matiere_synthetique_18;matiere_synthetique_11,15.3,"{""competence-techniques-informatiques-gestion"": 5, ""competence-electronique-systemes"": 4, ""competence-multimedia-telecommunications"": 2, ""competence-statistiques-informatique"": 5}",agriculture;ecologie,,enseignement,bureau,parcours-imticia
cand-001339,matiere_synthetique_11,16.83,"{""competence-techniques-informatiques-gestion"": 5, ""competence-electronique-systemes"": 4, ""competence-multimedia-telecommunications"": 0, ""competence-statistiques-informatique"": 2}",tourisme;agriculture;finance,,recherche,hybride,parcours-emp
cand-001080,matiere_synthetique_18;matiere_synthetique_4,10.66,"{""competence-techniques-informatiques-gestion"": 5, ""competence-electronique-systemes"": 4, ""competence-multimedia-telecommunications"": 1, ""competence-statistiques-informatique"": 1}",design,,enseignement,hybride,parcours-fic
cand-001831,matiere_synthetique_16,17.09,"{""competence-techniques-informatiques-gestion"": 5, ""competence-electronique-systemes"": 5, ""competence-multimedia-telecommunications"": 5, ""competence-statistiques-informatique"": 2}",design;finance,,entrepreneuriat,bureau,parcours-esiia
cand-000923,matiere_synthetique_17;matiere_synthetique_2;matiere_synthetique_9,16.35,"{""competence-techniques-informatiques-gestion"": 0, ""competence-electronique-systemes"": 2, ""competence-multimedia-telecommunications"": 3, ""competence-statistiques-informatique"": 1}",design;sante;management,,entrepreneuriat,teletravail,parcours-tee
cand-000714,matiere_synthetique_2;matiere_synthetique_6;matiere_synthetique_17,15.72,"{""competence-techniques-informatiques-gestion"": 5, ""competence-electronique-systemes"": 2, ""competence-multimedia-telecommunications"": 1, ""competence-statistiques-informatique"": 2}",tourisme,,enseignement,hybride,parcours-aee
cand-001069,matiere_synthetique_20;matiere_synthetique_4;matiere_synthetique_13,17.91,"{""competence-techniques-informatiques-gestion"": 3, ""competence-electronique-systemes"": 1, ""competence-multimedia-telecommunications"": 4, ""competence-statistiques-informatique"": 3}",finance;sante,projet_associatif,entrepreneuriat,hybride,parcours-pip
cand-001393,matiere_synthetique_19;matiere_synthetique_20,12.24,"{""competence-techniques-informatiques-gestion"": 5, ""competence-electronique-systemes"": 1, ""competence-multimedia-telecommunications"": 5, ""competence-statistiques-informatique"": 3}",informatique;design;robotique,,enseignement,hybride,parcours-fic
cand-000261,matiere_synthetique_9;matiere_synthetique_18,8.64,"{""competence-techniques-informatiques-gestion"": 2, ""competence-electronique-systemes"": 2, ""competence-multimedia-telecommunications"": 5, ""competence-statistiques-informatique"": 2}",informatique;sante,,entrepreneuriat,bureau,parcours-dtja
cand-000015,matiere_synthetique_6;matiere_synthetique_2,12.25,"{""competence-techniques-informatiques-gestion"": 4, ""competence-electronique-systemes"": 4, ""competence-multimedia-telecommunications"": 4, ""competence-statistiques-informatique"": 1}",informatique;robotique,,entrepreneuriat,bureau,parcours-esiia
cand-000593,matiere_synthetique_13;matiere_synthetique_2;matiere_synthetique_2,10.01,"{""competence-techniques-informatiques-gestion"": 2, ""competence-electronique-systemes"": 4, ""competence-multimedia-telecommunications"": 1, ""competence-statistiques-informatique"": 3}",informatique,projet_personnel_tech,enseignement,bureau,parcours-pip
cand-001985,matiere_synthetique_1;matiere_synthetique_4;matiere_synthetique_2,9.15,"{""competence-techniques-informatiques-gestion"": 1, ""competence-electronique-systemes"": 2, ""competence-multimedia-telecommunications"": 4, ""competence-statistiques-informatique"": 5}",informatique,projet_personnel_tech,entrepreneuriat,teletravail,parcours-iaa
cand-000889,matiere_synthetique_7,15.85,"{""competence-techniques-informatiques-gestion"": 0, ""competence-electronique-systemes"": 2, ""competence-multimedia-telecommunications"": 5, ""competence-statistiques-informatique"": 1}",robotique;sante;tourisme,projet_personnel_tech,entrepreneuriat,terrain,parcours-pip
cand-001109,matiere_synthetique_16;matiere_synthetique_20,11.74,"{""competence-techniques-informatiques-gestion"": 5, ""competence-electronique-systemes"": 4, ""competence-multimedia-telecommunications"": 2, ""competence-statistiques-informatique"": 4}",sante;design,,recherche,terrain,parcours-caa
cand-001956,matiere_synthetique_4,11.48,"{""competence-techniques-informatiques-gestion"": 2, ""competence-electronique-systemes"": 3, ""competence-multimedia-telecommunications"": 5, ""competence-statistiques-informatique"": 3}",management;ecologie,,salariat,teletravail,parcours-caa
cand-001145,matiere_synthetique_5;matiere_synthetique_13,10.54,"{""competence-techniques-informatiques-gestion"": 0, ""competence-electronique-systemes"": 5, ""competence-multimedia-telecommunications"": 5, ""competence-statistiques-informatique"": 2}",management;design,projet_associatif,fonction_publique,teletravail,parcours-pip
cand-001794,matiere_synthetique_6;matiere_synthetique_16;matiere_synthetique_6,11.97,"{""competence-techniques-informatiques-gestion"": 5, ""competence-electronique-systemes"": 3, ""competence-multimedia-telecommunications"": 4, ""competence-statistiques-informatique"": 5}",robotique,,salariat,hybride,parcours-imticia
cand-000074,matiere_synthetique_17;matiere_synthetique_4,9.36,"{""competence-techniques-informatiques-gestion"": 3, ""competence-electronique-systemes"": 5, ""competence-multimedia-telecommunications"": 2, ""competence-statistiques-informatique"": 3}",design,,recherche,hybride,parcours-tee
cand-001651,matiere_synthetique_7;matiere_synthetique_17;matiere_synthetique_13,16.02,"{""competence-techniques-informatiques-gestion"": 5, ""competence-electronique-systemes"": 3, ""competence-multimedia-telecommunications"": 5, ""competence-statistiques-informatique"": 2}",informatique,projet_associatif,salariat,teletravail,parcours-esiia
cand-001961,matiere_synthetique_17;matiere_synthetique_9;matiere_synthetique_12,17.57,"{""competence-techniques-informatiques-gestion"": 4, ""competence-electronique-systemes"": 1, ""competence-multimedia-telecommunications"": 3, ""competence-statistiques-informatique"": 3}",agriculture,projet_personnel_tech,recherche,terrain,parcours-pip
cand-000223,matiere_synthetique_11;matiere_synthetique_13;matiere_synthetique_7,11.25,"{""competence-techniques-informatiques-gestion"": 5, ""competence-electronique-systemes"": 0, ""competence-multimedia-telecommunications"": 0, ""competence-statistiques-informatique"": 1}",tourisme,,recherche,bureau,parcours-igglia
cand-001707,matiere_synthetique_14,18.49,"{""competence-techniques-informatiques-gestion"": 1, ""competence-electronique-systemes"": 4, ""competence-multimedia-telecommunications"": 4, ""competence-statistiques-informatique"": 2}",tourisme;management;informatique,,entrepreneuriat,bureau,parcours-icmp
cand-001466,matiere_synthetique_16;matiere_synthetique_10;matiere_synthetique_1,12.85,"{""competence-techniques-informatiques-gestion"": 5, ""competence-electronique-systemes"": 4, ""competence-multimedia-telecommunications"": 4, ""competence-statistiques-informatique"": 4}",design;agriculture,,entrepreneuriat,hybride,parcours-teh
cand-000252,matiere_synthetique_4;matiere_synthetique_17,10.39,"{""competence-techniques-informatiques-gestion"": 1, ""competence-electronique-systemes"": 5, ""competence-multimedia-telecommunications"": 4, ""competence-statistiques-informatique"": 4}",ecologie;tourisme,projet_personnel_tech,salariat,terrain,parcours-tee
cand-001206,matiere_synthetique_13;matiere_synthetique_6;matiere_synthetique_9,14.53,"{""competence-techniques-informatiques-gestion"": 2, ""competence-electronique-systemes"": 5, ""competence-multimedia-telecommunications"": 1, ""competence-statistiques-informatique"": 5}",sante;design,projet_associatif,enseignement,bureau,parcours-teh
cand-000651,matiere_synthetique_16;matiere_synthetique_3;matiere_synthetique_17,13.79,"{""competence-techniques-informatiques-gestion"": 2, ""competence-electronique-systemes"": 4, ""competence-multimedia-telecommunications"": 3, ""competence-statistiques-informatique"": 1}",management;sante,,recherche,hybride,parcours-emii
cand-000673,matiere_synthetique_11;matiere_synthetique_1;matiere_synthetique_11,17.4,"{""competence-techniques-informatiques-gestion"": 3, ""competence-electronique-systemes"": 5, ""competence-multimedia-telecommunications"": 2, ""competence-statistiques-informatique"": 0}",finance;informatique,projet_personnel_tech;projet_associatif,recherche,terrain,parcours-esiia
cand-001776,matiere_synthetique_19;matiere_synthetique_14,12.79,"{""competence-techniques-informatiques-gestion"": 5, ""competence-electronique-systemes"": 4, ""competence-multimedia-telecommunications"": 0, ""competence-statistiques-informatique"": 5}",informatique;ecologie,,enseignement,terrain,parcours-isaia
cand-001700,matiere_synthetique_1;matiere_synthetique_9,14.69,"{""competence-techniques-informatiques-gestion"": 1, ""competence-electronique-systemes"": 5, ""competence-multimedia-telecommunications"": 5, ""competence-statistiques-informatique"": 5}",management;finance;tourisme,projet_associatif,enseignement,hybride,parcours-icmp
cand-001271,matiere_synthetique_14,8.17,"{""competence-techniques-informatiques-gestion"": 1, ""competence-electronique-systemes"": 2, ""competence-multimedia-telecommunications"": 5, ""competence-statistiques-informatique"": 1}",agriculture,projet_associatif,salariat,hybride,parcours-emp
cand-000007,matiere_synthetique_19;matiere_synthetique_19;matiere_synthetique_17,11.47,"{""competence-techniques-informatiques-gestion"": 3, ""competence-electronique-systemes"": 4, ""competence-multimedia-telecommunications"": 3, ""competence-statistiques-informatique"": 1}",finance,,entrepreneuriat,bureau,parcours-dtja
cand-000962,matiere_synthetique_3,8.75,"{""competence-techniques-informatiques-gestion"": 5, ""competence-electronique-systemes"": 5, ""competence-multimedia-telecommunications"": 1, ""competence-statistiques-informatique"": 2}",agriculture;ecologie,projet_personnel_tech;projet_associatif,salariat,bureau,parcours-emp
cand-001155,matiere_synthetique_11,18.97,"{""competence-techniques-informatiques-gestion"": 5, ""competence-electronique-systemes"": 0, ""competence-multimedia-telecommunications"": 5, ""competence-statistiques-informatique"": 4}",tourisme;robotique;ecologie,,enseignement,bureau,parcours-fic
cand-000939,matiere_synthetique_15;matiere_synthetique_3;matiere_synthetique_10,19.54,"{""competence-techniques-informatiques-gestion"": 2, ""competence-electronique-systemes"": 5, ""competence-multimedia-telecommunications"": 3, ""competence-statistiques-informatique"": 3}",design;robotique,projet_associatif,fonction_publique,teletravail,parcours-aee
cand-000177,matiere_synthetique_5;matiere_synthetique_19;matiere_synthetique_15,14.59,"{""competence-techniques-informatiques-gestion"": 4, ""competence-electronique-systemes"": 5, ""competence-multimedia-telecommunications"": 1, ""competence-statistiques-informatique"": 4}",sante;finance;ecologie,projet_personnel_tech;projet_associatif,salariat,terrain,parcours-caa
cand-000085,matiere_synthetique_14;matiere_synthetique_6,10.89,"{""competence-techniques-informatiques-gestion"": 5, ""competence-electronique-systemes"": 4, ""competence-multimedia-telecommunications"": 5, ""competence-statistiques-informatique"": 0}",sante;tourisme;robotique,,entrepreneuriat,bureau,parcours-emp
cand-001018,matiere_synthetique_13;matiere_synthetique_11,18.5,"{""competence-techniques-informatiques-gestion"": 3, ""competence-electronique-systemes"": 5, ""competence-multimedia-telecommunications"": 3, ""competence-statistiques-informatique"": 5}",finance;management;ecologie,,enseignement,teletravail,parcours-fic
cand-001775,matiere_synthetique_5;matiere_synthetique_8,11.52,"{""competence-techniques-informatiques-gestion"": 5, ""competence-electronique-systemes"": 5, ""competence-multimedia-telecommunications"": 5, ""competence-statistiques-informatique"": 1}",robotique,projet_associatif,entrepreneuriat,hybride,parcours-emii
cand-000215,matiere_synthetique_14,15.26,"{""competence-techniques-informatiques-gestion"": 5, ""competence-electronique-systemes"": 0, ""competence-multimedia-telecommunications"": 1, ""competence-statistiques-informatique"": 2}",design;finance,projet_personnel_tech,salariat,terrain,parcours-esiia
cand-001467,matiere_synthetique_10,14.59,"{""competence-techniques-informatiques-gestion"": 0, ""competence-electronique-systemes"": 5, ""competence-multimedia-telecommunications"": 5, ""competence-statistiques-informatique"": 4}",design,projet_personnel_tech,recherche,teletravail,parcours-esiia
cand-001396,matiere_synthetique_5;matiere_synthetique_11,17.7,"{""competence-techniques-informatiques-gestion"": 5, ""competence-electronique-systemes"": 3, ""competence-multimedia-telecommunications"": 3, ""competence-statistiques-informatique"": 5}",informatique;management,,salariat,bureau,parcours-icmp
cand-001133,matiere_synthetique_20;matiere_synthetique_17,11.92,"{""competence-techniques-informatiques-gestion"": 5, ""competence-electronique-systemes"": 1, ""competence-multimedia-telecommunications"": 4, ""competence-statistiques-informatique"": 1}",ecologie;robotique,,salariat,terrain,parcours-caa
cand-000898,matiere_synthetique_13;matiere_synthetique_11;matiere_synthetique_12,12.02,"{""competence-techniques-informatiques-gestion"": 5, ""competence-electronique-systemes"": 1, ""competence-multimedia-telecommunications"": 0, ""competence-statistiques-informatique"": 5}",agriculture,,salariat,teletravail,parcours-fic
cand-000263,matiere_synthetique_20;matiere_synthetique_7;matiere_synthetique_3,6.82,"{""competence-techniques-informatiques-gestion"": 4, ""competence-electronique-systemes"": 5, ""competence-multimedia-telecommunications"": 5, ""competence-statistiques-informatique"": 2}",informatique;management;sante,projet_associatif,entrepreneuriat,bureau,parcours-isaia
cand-000201,matiere_synthetique_8;matiere_synthetique_5;matiere_synthetique_16,11.77,"{""competence-techniques-informatiques-gestion"": 1, ""competence-electronique-systemes"": 4, ""competence-multimedia-telecommunications"": 4, ""competence-statistiques-informatique"": 2}",tourisme;sante;robotique,,fonction_publique,bureau,parcours-igglia
cand-000661,matiere_synthetique_4;matiere_synthetique_17;matiere_synthetique_5,15.5,"{""competence-techniques-informatiques-gestion"": 0, ""competence-electronique-systemes"": 5, ""competence-multimedia-telecommunications"": 0, ""competence-statistiques-informatique"": 1}",informatique,projet_associatif,enseignement,terrain,parcours-caa
cand-000206,matiere_synthetique_5;matiere_synthetique_17,14.43,"{""competence-techniques-informatiques-gestion"": 5, ""competence-electronique-systemes"": 5, ""competence-multimedia-telecommunications"": 5, ""competence-statistiques-informatique"": 5}",management,projet_associatif,entrepreneuriat,terrain,parcours-imticia
cand-000271,matiere_synthetique_2;matiere_synthetique_13,11.27,"{""competence-techniques-informatiques-gestion"": 5, ""competence-electronique-systemes"": 2, ""competence-multimedia-telecommunications"": 4, ""competence-statistiques-informatique"": 1}",tourisme,,entrepreneuriat,hybride,parcours-imticia
cand-001272,matiere_synthetique_4,9.46,"{""competence-techniques-informatiques-gestion"": 2, ""competence-electronique-systemes"": 3, ""competence-multimedia-telecommunications"": 4, ""competence-statistiques-informatique"": 5}",management,projet_personnel_tech,enseignement,bureau,parcours-isaia
cand-000951,matiere_synthetique_13;matiere_synthetique_3;matiere_synthetique_4,11.54,"{""competence-techniques-informatiques-gestion"": 1, ""competence-electronique-systemes"": 5, ""competence-multimedia-telecommunications"": 0, ""competence-statistiques-informatique"": 2}",informatique;management,,entrepreneuriat,bureau,parcours-isaia
cand-000363,matiere_synthetique_16,14.69,"{""competence-techniques-informatiques-gestion"": 2, ""competence-electronique-systemes"": 3, ""competence-multimedia-telecommunications"": 1, ""competence-statistiques-informatique"": 3}",finance;ecologie;design,,enseignement,teletravail,parcours-fic
cand-000134,matiere_synthetique_15;matiere_synthetique_7,6.48,"{""competence-techniques-informatiques-gestion"": 1, ""competence-electronique-systemes"": 4, ""competence-multimedia-telecommunications"": 4, ""competence-statistiques-informatique"": 2}",agriculture;robotique;finance,,fonction_publique,terrain,parcours-dtja
cand-001204,matiere_synthetique_16,12.55,"{""competence-techniques-informatiques-gestion"": 4, ""competence-electronique-systemes"": 1, ""competence-multimedia-telecommunications"": 2, ""competence-statistiques-informatique"": 5}",robotique,projet_associatif,enseignement,terrain,parcours-gca
cand-000147,matiere_synthetique_15,13.51,"{""competence-techniques-informatiques-gestion"": 5, ""competence-electronique-systemes"": 4, ""competence-multimedia-telecommunications"": 3, ""competence-statistiques-informatique"": 2}",management;robotique;informatique,,entrepreneuriat,hybride,parcours-esiia
cand-000269,matiere_synthetique_14;matiere_synthetique_7,9.11,"{""competence-techniques-informatiques-gestion"": 3, ""competence-electronique-systemes"": 3, ""competence-multimedia-telecommunications"": 0, ""competence-statistiques-informatique"": 1}",sante,,recherche,terrain,parcours-emii
cand-001881,matiere_synthetique_15,16.34,"{""competence-techniques-informatiques-gestion"": 2, ""competence-electronique-systemes"": 5, ""competence-multimedia-telecommunications"": 1, ""competence-statistiques-informatique"": 0}",agriculture;finance;tourisme,,salariat,terrain,parcours-isaia
cand-000620,matiere_synthetique_12,15.06,"{""competence-techniques-informatiques-gestion"": 1, ""competence-electronique-systemes"": 5, ""competence-multimedia-telecommunications"": 4, ""competence-statistiques-informatique"": 5}",management,projet_personnel_tech,recherche,bureau,parcours-imticia
cand-000603,matiere_synthetique_6,10.06,"{""competence-techniques-informatiques-gestion"": 4, ""competence-electronique-systemes"": 1, ""competence-multimedia-telecommunications"": 5, ""competence-statistiques-informatique"": 5}",finance;design;tourisme,projet_personnel_tech,enseignement,terrain,parcours-aee
cand-000191,matiere_synthetique_16;matiere_synthetique_1;matiere_synthetique_2,17.23,"{""competence-techniques-informatiques-gestion"": 3, ""competence-electronique-systemes"": 5, ""competence-multimedia-telecommunications"": 5, ""competence-statistiques-informatique"": 3}",management;design;finance,projet_associatif,entrepreneuriat,bureau,parcours-imticia
cand-001972,matiere_synthetique_4;matiere_synthetique_16;matiere_synthetique_10,10.48,"{""competence-techniques-informatiques-gestion"": 5, ""competence-electronique-systemes"": 4, ""competence-multimedia-telecommunications"": 5, ""competence-statistiques-informatique"": 5}",management;informatique,projet_personnel_tech,enseignement,terrain,parcours-tee
cand-000824,matiere_synthetique_19;matiere_synthetique_5;matiere_synthetique_12,8.9,"{""competence-techniques-informatiques-gestion"": 1, ""competence-electronique-systemes"": 2, ""competence-multimedia-telecommunications"": 1, ""competence-statistiques-informatique"": 0}",management;robotique;agriculture,projet_associatif,recherche,hybride,parcours-gca
cand-000058,matiere_synthetique_18;matiere_synthetique_5;matiere_synthetique_12,10.68,"{""competence-techniques-informatiques-gestion"": 2, ""competence-electronique-systemes"": 5, ""competence-multimedia-telecommunications"": 5, ""competence-statistiques-informatique"": 5}",robotique;design,,salariat,hybride,parcours-imticia
cand-001419,matiere_synthetique_2;matiere_synthetique_9;matiere_synthetique_16,10.03,"{""competence-techniques-informatiques-gestion"": 3, ""competence-electronique-systemes"": 5, ""competence-multimedia-telecommunications"": 5, ""competence-statistiques-informatique"": 5}",robotique;tourisme;agriculture,,enseignement,hybride,parcours-isaia
cand-001991,matiere_synthetique_2,11.4,"{""competence-techniques-informatiques-gestion"": 5, ""competence-electronique-systemes"": 5, ""competence-multimedia-telecommunications"": 1, ""competence-statistiques-informatique"": 2}",design;informatique,,enseignement,teletravail,parcours-teh
cand-000541,matiere_synthetique_18;matiere_synthetique_10,11.46,"{""competence-techniques-informatiques-gestion"": 4, ""competence-electronique-systemes"": 1, ""competence-multimedia-telecommunications"": 3, ""competence-statistiques-informatique"": 0}",tourisme,,enseignement,terrain,parcours-igglia
cand-000461,matiere_synthetique_2;matiere_synthetique_20,12.93,"{""competence-techniques-informatiques-gestion"": 4, ""competence-electronique-systemes"": 5, ""competence-multimedia-telecommunications"": 3, ""competence-statistiques-informatique"": 3}",ecologie;tourisme;finance,,fonction_publique,bureau,parcours-gca
cand-001371,matiere_synthetique_4;matiere_synthetique_19;matiere_synthetique_17,19.82,"{""competence-techniques-informatiques-gestion"": 2, ""competence-electronique-systemes"": 3, ""competence-multimedia-telecommunications"": 2, ""competence-statistiques-informatique"": 3}",sante;design,,fonction_publique,hybride,parcours-aee
cand-000767,matiere_synthetique_14;matiere_synthetique_16;matiere_synthetique_7,17.17,"{""competence-techniques-informatiques-gestion"": 5, ""competence-electronique-systemes"": 2, ""competence-multimedia-telecommunications"": 4, ""competence-statistiques-informatique"": 3}",robotique;design;finance,,enseignement,teletravail,parcours-icmp
cand-000111,matiere_synthetique_8;matiere_synthetique_2;matiere_synthetique_11,12.25,"{""competence-techniques-informatiques-gestion"": 5, ""competence-electronique-systemes"": 3, ""competence-multimedia-telecommunications"": 3, ""competence-statistiques-informatique"": 0}",agriculture;finance;sante,projet_personnel_tech,salariat,teletravail,parcours-tee
cand-000668,matiere_synthetique_9,10.1,"{""competence-techniques-informatiques-gestion"": 5, ""competence-electronique-systemes"": 5, ""competence-multimedia-telecommunications"": 2, ""competence-statistiques-informatique"": 1}",sante,,fonction_publique,terrain,parcours-igglia
cand-001898,matiere_synthetique_18,8.98,"{""competence-techniques-informatiques-gestion"": 5, ""competence-electronique-systemes"": 5, ""competence-multimedia-telecommunications"": 1, ""competence-statistiques-informatique"": 2}",sante;informatique;finance,,recherche,terrain,parcours-tee
cand-001369,matiere_synthetique_19;matiere_synthetique_1;matiere_synthetique_8,11.15,"{""competence-techniques-informatiques-gestion"": 4, ""competence-electronique-systemes"": 1, ""competence-multimedia-telecommunications"": 3, ""competence-statistiques-informatique"": 3}",robotique,,enseignement,bureau,parcours-tee
cand-001694,matiere_synthetique_20;matiere_synthetique_16,14.19,"{""competence-techniques-informatiques-gestion"": 5, ""competence-electronique-systemes"": 1, ""competence-multimedia-telecommunications"": 5, ""competence-statistiques-informatique"": 5}",tourisme;design,,salariat,bureau,parcours-dtja
cand-000335,matiere_synthetique_20;matiere_synthetique_17,12.21,"{""competence-techniques-informatiques-gestion"": 5, ""competence-electronique-systemes"": 1, ""competence-multimedia-telecommunications"": 4, ""competence-statistiques-informatique"": 4}",ecologie;tourisme,projet_associatif,enseignement,terrain,parcours-emp
cand-001763,matiere_synthetique_8,17.36,"{""competence-techniques-informatiques-gestion"": 5, ""competence-electronique-systemes"": 2, ""competence-multimedia-telecommunications"": 5, ""competence-statistiques-informatique"": 5}",finance;agriculture;informatique,,enseignement,terrain,parcours-teh
cand-000744,matiere_synthetique_14;matiere_synthetique_9,8.48,"{""competence-techniques-informatiques-gestion"": 3, ""competence-electronique-systemes"": 1, ""competence-multimedia-telecommunications"": 5, ""competence-statistiques-informatique"": 3}",ecologie;tourisme,,fonction_publique,bureau,parcours-aee
cand-001877,matiere_synthetique_2,12.28,"{""competence-techniques-informatiques-gestion"": 0, ""competence-electronique-systemes"": 2, ""competence-multimedia-telecommunications"": 4, ""competence-statistiques-informatique"": 0}",robotique,,recherche,terrain,parcours-gca
cand-001834,matiere_synthetique_5,7.47,"{""competence-techniques-informatiques-gestion"": 1, ""competence-electronique-systemes"": 2, ""competence-multimedia-telecommunications"": 4, ""competence-statistiques-informatique"": 5}",design;tourisme;agriculture,projet_personnel_tech,salariat,hybride,parcours-iaa
cand-001312,matiere_synthetique_9;matiere_synthetique_2;matiere_synthetique_1,14.75,"{""competence-techniques-informatiques-gestion"": 4, ""competence-electronique-systemes"": 5, ""competence-multimedia-telecommunications"": 2, ""competence-statistiques-informatique"": 2}",robotique;finance;design,,recherche,teletravail,parcours-tee
cand-001276,matiere_synthetique_14;matiere_synthetique_17,10.44,"{""competence-techniques-informatiques-gestion"": 2, ""competence-electronique-systemes"": 2, ""competence-multimedia-telecommunications"": 3, ""competence-statistiques-informatique"": 4}",design;ecologie,projet_personnel_tech,recherche,terrain,parcours-caa
cand-001566,matiere_synthetique_17;matiere_synthetique_2;matiere_synthetique_15,5.01,"{""competence-techniques-informatiques-gestion"": 3, ""competence-electronique-systemes"": 3, ""competence-multimedia-telecommunications"": 5, ""competence-statistiques-informatique"": 5}",ecologie,,entrepreneuriat,terrain,parcours-imticia
cand-001797,matiere_synthetique_20;matiere_synthetique_19;matiere_synthetique_16,12.84,"{""competence-techniques-informatiques-gestion"": 3, ""competence-electronique-systemes"": 1, ""competence-multimedia-telecommunications"": 4, ""competence-statistiques-informatique"": 5}",design;finance;tourisme,projet_personnel_tech,salariat,hybride,parcours-dtja
cand-000082,matiere_synthetique_11,6.41,"{""competence-techniques-informatiques-gestion"": 5, ""competence-electronique-systemes"": 2, ""competence-multimedia-telecommunications"": 1, ""competence-statistiques-informatique"": 5}",tourisme,projet_personnel_tech,fonction_publique,hybride,parcours-imticia
cand-000460,matiere_synthetique_3,16.97,"{""competence-techniques-informatiques-gestion"": 0, ""competence-electronique-systemes"": 4, ""competence-multimedia-telecommunications"": 5, ""competence-statistiques-informatique"": 4}",ecologie;management;tourisme,,entrepreneuriat,terrain,parcours-tee
cand-000520,matiere_synthetique_15,13.44,"{""competence-techniques-informatiques-gestion"": 5, ""competence-electronique-systemes"": 2, ""competence-multimedia-telecommunications"": 0, ""competence-statistiques-informatique"": 5}",robotique,projet_personnel_tech,entrepreneuriat,hybride,parcours-dtja
cand-000847,matiere_synthetique_17;matiere_synthetique_1;matiere_synthetique_3,19.31,"{""competence-techniques-informatiques-gestion"": 1, ""competence-electronique-systemes"": 5, ""competence-multimedia-telecommunications"": 4, ""competence-statistiques-informatique"": 3}",tourisme,projet_associatif,fonction_publique,hybride,parcours-emii
cand-001841,matiere_synthetique_16,7.84,"{""competence-techniques-informatiques-gestion"": 5, ""competence-electronique-systemes"": 5, ""competence-multimedia-telecommunications"": 1, ""competence-statistiques-informatique"": 1}",finance,,fonction_publique,hybride,parcours-emp
cand-000627,matiere_synthetique_14,7.13,"{""competence-techniques-informatiques-gestion"": 5, ""competence-electronique-systemes"": 3, ""competence-multimedia-telecommunications"": 4, ""competence-statistiques-informatique"": 2}",tourisme;agriculture;robotique,,entrepreneuriat,bureau,parcours-aee
cand-000020,matiere_synthetique_9,15.12,"{""competence-techniques-informatiques-gestion"": 1, ""competence-electronique-systemes"": 4, ""competence-multimedia-telecommunications"": 2, ""competence-statistiques-informatique"": 3}",finance;management;agriculture,projet_personnel_tech,fonction_publique,terrain,parcours-tee
cand-000032,matiere_synthetique_4;matiere_synthetique_18;matiere_synthetique_7,13.48,"{""competence-techniques-informatiques-gestion"": 5, ""competence-electronique-systemes"": 1, ""competence-multimedia-telecommunications"": 3, ""competence-statistiques-informatique"": 3}",finance,projet_personnel_tech,entrepreneuriat,hybride,parcours-pip
cand-000681,matiere_synthetique_4;matiere_synthetique_10;matiere_synthetique_2,16.23,"{""competence-techniques-informatiques-gestion"": 3, ""competence-electronique-systemes"": 1, ""competence-multimedia-telecommunications"": 5, ""competence-statistiques-informatique"": 5}",sante;informatique,projet_personnel_tech,fonction_publique,bureau,parcours-tee
cand-001491,matiere_synthetique_12,17.93,"{""competence-techniques-informatiques-gestion"": 2, ""competence-electronique-systemes"": 3, ""competence-multimedia-telecommunications"": 1, ""competence-statistiques-informatique"": 5}",finance;robotique;design,projet_personnel_tech,enseignement,terrain,parcours-esiia
cand-001804,matiere_synthetique_20,14.18,"{""competence-techniques-informatiques-gestion"": 5, ""competence-electronique-systemes"": 1, ""competence-multimedia-telecommunications"": 2, ""competence-statistiques-informatique"": 0}",management,projet_personnel_tech,salariat,bureau,parcours-imticia
cand-001135,matiere_synthetique_12,18.05,"{""competence-techniques-informatiques-gestion"": 5, ""competence-electronique-systemes"": 0, ""competence-multimedia-telecommunications"": 2, ""competence-statistiques-informatique"": 3}",design;robotique;ecologie,projet_personnel_tech;projet_associatif,recherche,hybride,parcours-isaia
cand-001670,matiere_synthetique_6,7.46,"{""competence-techniques-informatiques-gestion"": 5, ""competence-electronique-systemes"": 2, ""competence-multimedia-telecommunications"": 2, ""competence-statistiques-informatique"": 3}",ecologie;robotique,projet_personnel_tech,salariat,teletravail,parcours-igglia
cand-001751,matiere_synthetique_9;matiere_synthetique_1;matiere_synthetique_7,9.13,"{""competence-techniques-informatiques-gestion"": 5, ""competence-electronique-systemes"": 4, ""competence-multimedia-telecommunications"": 5, ""competence-statistiques-informatique"": 3}",ecologie,,recherche,terrain,parcours-iaa
cand-001415,matiere_synthetique_5,15.49,"{""competence-techniques-informatiques-gestion"": 4, ""competence-electronique-systemes"": 2, ""competence-multimedia-telecommunications"": 5, ""competence-statistiques-informatique"": 5}",agriculture,projet_personnel_tech,entrepreneuriat,bureau,parcours-esiia
cand-001110,matiere_synthetique_12,8.25,"{""competence-techniques-informatiques-gestion"": 4, ""competence-electronique-systemes"": 3, ""competence-multimedia-telecommunications"": 2, ""competence-statistiques-informatique"": 3}",agriculture,projet_associatif,enseignement,terrain,parcours-dtja
cand-001242,matiere_synthetique_3,8.47,"{""competence-techniques-informatiques-gestion"": 2, ""competence-electronique-systemes"": 1, ""competence-multimedia-telecommunications"": 5, ""competence-statistiques-informatique"": 4}",informatique;ecologie,,entrepreneuriat,hybride,parcours-esiia
cand-001667,matiere_synthetique_17;matiere_synthetique_18;matiere_synthetique_13,10.67,"{""competence-techniques-informatiques-gestion"": 3, ""competence-electronique-systemes"": 1, ""competence-multimedia-telecommunications"": 3, ""competence-statistiques-informatique"": 0}",robotique,projet_associatif,fonction_publique,bureau,parcours-gca
cand-000031,matiere_synthetique_16,13.26,"{""competence-techniques-informatiques-gestion"": 1, ""competence-electronique-systemes"": 2, ""competence-multimedia-telecommunications"": 5, ""competence-statistiques-informatique"": 0}",robotique;tourisme;sante,projet_associatif,enseignement,hybride,parcours-emii
cand-000042,matiere_synthetique_10,11.46,"{""competence-techniques-informatiques-gestion"": 1, ""competence-electronique-systemes"": 3, ""competence-multimedia-telecommunications"": 1, ""competence-statistiques-informatique"": 4}",design,,entrepreneuriat,teletravail,parcours-emii
cand-000940,matiere_synthetique_6;matiere_synthetique_5;matiere_synthetique_19,17.16,"{""competence-techniques-informatiques-gestion"": 2, ""competence-electronique-systemes"": 4, ""competence-multimedia-telecommunications"": 1, ""competence-statistiques-informatique"": 2}",finance,,entrepreneuriat,hybride,parcours-tee
cand-001706,matiere_synthetique_10;matiere_synthetique_15;matiere_synthetique_7,9.19,"{""competence-techniques-informatiques-gestion"": 5, ""competence-electronique-systemes"": 3, ""competence-multimedia-telecommunications"": 2, ""competence-statistiques-informatique"": 3}",ecologie;agriculture;sante,projet_personnel_tech,enseignement,terrain,parcours-tee
cand-000093,matiere_synthetique_4;matiere_synthetique_10;matiere_synthetique_18,17.95,"{""competence-techniques-informatiques-gestion"": 5, ""competence-electronique-systemes"": 4, ""competence-multimedia-telecommunications"": 4, ""competence-statistiques-informatique"": 0}",design;ecologie,,enseignement,bureau,parcours-pip
cand-001503,matiere_synthetique_12;matiere_synthetique_7;matiere_synthetique_5,17.43,"{""competence-techniques-informatiques-gestion"": 1, ""competence-electronique-systemes"": 2, ""competence-multimedia-telecommunications"": 2, ""competence-statistiques-informatique"": 0}",tourisme,projet_personnel_tech,enseignement,teletravail,parcours-imticia
cand-001962,matiere_synthetique_6;matiere_synthetique_13,11.86,"{""competence-techniques-informatiques-gestion"": 2, ""competence-electronique-systemes"": 5, ""competence-multimedia-telecommunications"": 2, ""competence-statistiques-informatique"": 1}",robotique;informatique,,enseignement,bureau,parcours-aee
cand-001969,matiere_synthetique_12;matiere_synthetique_5;matiere_synthetique_8,13.25,"{""competence-techniques-informatiques-gestion"": 3, ""competence-electronique-systemes"": 2, ""competence-multimedia-telecommunications"": 5, ""competence-statistiques-informatique"": 5}",agriculture;robotique;design,,fonction_publique,terrain,parcours-caa
cand-001373,matiere_synthetique_18;matiere_synthetique_15,11.29,"{""competence-techniques-informatiques-gestion"": 4, ""competence-electronique-systemes"": 4, ""competence-multimedia-telecommunications"": 5, ""competence-statistiques-informatique"": 0}",ecologie,,entrepreneuriat,hybride,parcours-igglia
cand-001198,matiere_synthetique_19,14.09,"{""competence-techniques-informatiques-gestion"": 4, ""competence-electronique-systemes"": 3, ""competence-multimedia-telecommunications"": 5, ""competence-statistiques-informatique"": 4}",ecologie;tourisme,,recherche,hybride,parcours-esiia
cand-000995,matiere_synthetique_1;matiere_synthetique_11;matiere_synthetique_16,13.88,"{""competence-techniques-informatiques-gestion"": 1, ""competence-electronique-systemes"": 2, ""competence-multimedia-telecommunications"": 0, ""competence-statistiques-informatique"": 5}",management;sante,,salariat,terrain,parcours-gca
cand-000704,matiere_synthetique_12;matiere_synthetique_3;matiere_synthetique_19,15.34,"{""competence-techniques-informatiques-gestion"": 5, ""competence-electronique-systemes"": 5, ""competence-multimedia-telecommunications"": 3, ""competence-statistiques-informatique"": 1}",agriculture;informatique,projet_associatif,fonction_publique,bureau,parcours-esiia
cand-000006,matiere_synthetique_16;matiere_synthetique_16,9.71,"{""competence-techniques-informatiques-gestion"": 4, ""competence-electronique-systemes"": 4, ""competence-multimedia-telecommunications"": 4, ""competence-statistiques-informatique"": 3}",informatique,,recherche,bureau,parcours-iaa
cand-000685,matiere_synthetique_16,16.28,"{""competence-techniques-informatiques-gestion"": 5, ""competence-electronique-systemes"": 0, ""competence-multimedia-telecommunications"": 3, ""competence-statistiques-informatique"": 1}",finance;tourisme;robotique,,enseignement,hybride,parcours-caa
cand-001931,matiere_synthetique_19,14.17,"{""competence-techniques-informatiques-gestion"": 5, ""competence-electronique-systemes"": 5, ""competence-multimedia-telecommunications"": 4, ""competence-statistiques-informatique"": 0}",ecologie;management,,fonction_publique,teletravail,parcours-imticia
cand-000392,matiere_synthetique_18,6.62,"{""competence-techniques-informatiques-gestion"": 3, ""competence-electronique-systemes"": 2, ""competence-multimedia-telecommunications"": 5, ""competence-statistiques-informatique"": 5}",agriculture;sante,,entrepreneuriat,teletravail,parcours-imticia
cand-001019,matiere_synthetique_1;matiere_synthetique_18;matiere_synthetique_7,8.97,"{""competence-techniques-informatiques-gestion"": 5, ""competence-electronique-systemes"": 2, ""competence-multimedia-telecommunications"": 5, ""competence-statistiques-informatique"": 4}",informatique;robotique;ecologie,,salariat,terrain,parcours-dtja
cand-001041,matiere_synthetique_15;matiere_synthetique_8;matiere_synthetique_2,5.87,"{""competence-techniques-informatiques-gestion"": 4, ""competence-electronique-systemes"": 4, ""competence-multimedia-telecommunications"": 5, ""competence-statistiques-informatique"": 1}",sante,,recherche,terrain,parcours-aee
cand-001409,matiere_synthetique_18;matiere_synthetique_2,10.33,"{""competence-techniques-informatiques-gestion"": 1, ""competence-electronique-systemes"": 4, ""competence-multimedia-telecommunications"": 0, ""competence-statistiques-informatique"": 3}",finance;sante;informatique,projet_personnel_tech;projet_associatif,recherche,hybride,parcours-emp
cand-001678,matiere_synthetique_11;matiere_synthetique_6,18.66,"{""competence-techniques-informatiques-gestion"": 3, ""competence-electronique-systemes"": 4, ""competence-multimedia-telecommunications"": 5, ""competence-statistiques-informatique"": 4}",robotique;agriculture,,salariat,teletravail,parcours-esiia
cand-000848,matiere_synthetique_9;matiere_synthetique_1;matiere_synthetique_15,7.37,"{""competence-techniques-informatiques-gestion"": 4, ""competence-electronique-systemes"": 1, ""competence-multimedia-telecommunications"": 5, ""competence-statistiques-informatique"": 4}",robotique,,entrepreneuriat,terrain,parcours-esiia
cand-001827,matiere_synthetique_9;matiere_synthetique_6;matiere_synthetique_16,8.81,"{""competence-techniques-informatiques-gestion"": 4, ""competence-electronique-systemes"": 5, ""competence-multimedia-telecommunications"": 3, ""competence-statistiques-informatique"": 2}",informatique;agriculture;management,,recherche,hybride,parcours-emp
cand-001363,matiere_synthetique_17;matiere_synthetique_13,12.52,"{""competence-techniques-informatiques-gestion"": 1, ""competence-electronique-systemes"": 3, ""competence-multimedia-telecommunications"": 2, ""competence-statistiques-informatique"": 1}",ecologie,,fonction_publique,terrain,parcours-caa
cand-001610,matiere_synthetique_17,16.91,"{""competence-techniques-informatiques-gestion"": 0, ""competence-electronique-systemes"": 5, ""competence-multimedia-telecommunications"": 4, ""competence-statistiques-informatique"": 3}",finance;management,projet_personnel_tech;projet_associatif,salariat,bureau,parcours-imticia
cand-001423,matiere_synthetique_18;matiere_synthetique_3;matiere_synthetique_2,10.33,"{""competence-techniques-informatiques-gestion"": 3, ""competence-electronique-systemes"": 1, ""competence-multimedia-telecommunications"": 0, ""competence-statistiques-informatique"": 2}",informatique,,fonction_publique,teletravail,parcours-emii
cand-001880,matiere_synthetique_9;matiere_synthetique_17,6.83,"{""competence-techniques-informatiques-gestion"": 5, ""competence-electronique-systemes"": 3, ""competence-multimedia-telecommunications"": 5, ""competence-statistiques-informatique"": 5}",design,projet_personnel_tech,enseignement,bureau,parcours-imticia
cand-000742,matiere_synthetique_18,15.55,"{""competence-techniques-informatiques-gestion"": 5, ""competence-electronique-systemes"": 2, ""competence-multimedia-telecommunications"": 1, ""competence-statistiques-informatique"": 1}",sante,projet_personnel_tech,salariat,hybride,parcours-aee
cand-001401,matiere_synthetique_16;matiere_synthetique_5,10.38,"{""competence-techniques-informatiques-gestion"": 5, ""competence-electronique-systemes"": 5, ""competence-multimedia-telecommunications"": 5, ""competence-statistiques-informatique"": 0}",management;finance,,entrepreneuriat,bureau,parcours-teh
cand-000695,matiere_synthetique_1;matiere_synthetique_6;matiere_synthetique_19,15.34,"{""competence-techniques-informatiques-gestion"": 4, ""competence-electronique-systemes"": 3, ""competence-multimedia-telecommunications"": 3, ""competence-statistiques-informatique"": 5}",robotique,,fonction_publique,teletravail,parcours-imticia
cand-000897,matiere_synthetique_12,11.01,"{""competence-techniques-informatiques-gestion"": 5, ""competence-electronique-systemes"": 1, ""competence-multimedia-telecommunications"": 0, ""competence-statistiques-informatique"": 2}",tourisme;design,,entrepreneuriat,teletravail,parcours-gca
cand-000013,matiere_synthetique_8;matiere_synthetique_4;matiere_synthetique_15,8.33,"{""competence-techniques-informatiques-gestion"": 3, ""competence-electronique-systemes"": 5, ""competence-multimedia-telecommunications"": 5, ""competence-statistiques-informatique"": 4}",finance;ecologie;agriculture,,salariat,teletravail,parcours-esiia
cand-000116,matiere_synthetique_5;matiere_synthetique_15,14.21,"{""competence-techniques-informatiques-gestion"": 0, ""competence-electronique-systemes"": 2, ""competence-multimedia-telecommunications"": 5, ""competence-statistiques-informatique"": 2}",ecologie,,recherche,bureau,parcours-iaa
cand-000718,matiere_synthetique_7;matiere_synthetique_19;matiere_synthetique_3,19.95,"{""competence-techniques-informatiques-gestion"": 5, ""competence-electronique-systemes"": 5, ""competence-multimedia-telecommunications"": 1, ""competence-statistiques-informatique"": 4}",management,,enseignement,bureau,parcours-pip
cand-000599,matiere_synthetique_11;matiere_synthetique_4,7.89,"{""competence-techniques-informatiques-gestion"": 4, ""competence-electronique-systemes"": 3, ""competence-multimedia-telecommunications"": 2, ""competence-statistiques-informatique"": 1}",finance;ecologie;management,projet_associatif,recherche,teletravail,parcours-imticia
cand-001557,matiere_synthetique_19;matiere_synthetique_16;matiere_synthetique_17,15.98,"{""competence-techniques-informatiques-gestion"": 3, ""competence-electronique-systemes"": 4, ""competence-multimedia-telecommunications"": 3, ""competence-statistiques-informatique"": 2}",robotique;informatique,,recherche,teletravail,parcours-emii
cand-000249,matiere_synthetique_14;matiere_synthetique_10;matiere_synthetique_19,7.06,"{""competence-techniques-informatiques-gestion"": 2, ""competence-electronique-systemes"": 1, ""competence-multimedia-telecommunications"": 4, ""competence-statistiques-informatique"": 1}",management,projet_personnel_tech,salariat,bureau,parcours-fic
cand-000874,matiere_synthetique_18;matiere_synthetique_16,12.31,"{""competence-techniques-informatiques-gestion"": 2, ""competence-electronique-systemes"": 2, ""competence-multimedia-telecommunications"": 3, ""competence-statistiques-informatique"": 1}",finance;ecologie;management,,fonction_publique,terrain,parcours-iaa
cand-000797,matiere_synthetique_16;matiere_synthetique_20,16.87,"{""competence-techniques-informatiques-gestion"": 5, ""competence-electronique-systemes"": 1, ""competence-multimedia-telecommunications"": 3, ""competence-statistiques-informatique"": 2}",management,,recherche,terrain,parcours-imticia
cand-000141,matiere_synthetique_5;matiere_synthetique_10;matiere_synthetique_1,11.6,"{""competence-techniques-informatiques-gestion"": 5, ""competence-electronique-systemes"": 4, ""competence-multimedia-telecommunications"": 0, ""competence-statistiques-informatique"": 2}",robotique,,enseignement,terrain,parcours-iaa
cand-001648,matiere_synthetique_17,13.69,"{""competence-techniques-informatiques-gestion"": 2, ""competence-electronique-systemes"": 2, ""competence-multimedia-telecommunications"": 3, ""competence-statistiques-informatique"": 2}",sante,,salariat,bureau,parcours-tee
cand-001963,matiere_synthetique_7;matiere_synthetique_11;matiere_synthetique_17,11.14,"{""competence-techniques-informatiques-gestion"": 1, ""competence-electronique-systemes"": 0, ""competence-multimedia-telecommunications"": 3, ""competence-statistiques-informatique"": 3}",sante,,fonction_publique,terrain,parcours-iaa
cand-000239,matiere_synthetique_8,10.92,"{""competence-techniques-informatiques-gestion"": 5, ""competence-electronique-systemes"": 1, ""competence-multimedia-telecommunications"": 2, ""competence-statistiques-informatique"": 4}",ecologie;tourisme;management,,salariat,bureau,parcours-icmp
cand-001134,matiere_synthetique_13;matiere_synthetique_10;matiere_synthetique_12,13.53,"{""competence-techniques-informatiques-gestion"": 2, ""competence-electronique-systemes"": 5, ""competence-multimedia-telecommunications"": 4, ""competence-statistiques-informatique"": 4}",robotique;sante;finance,,recherche,bureau,parcours-emp
cand-001218,matiere_synthetique_12;matiere_synthetique_17,12.82,"{""competence-techniques-informatiques-gestion"": 5, ""competence-electronique-systemes"": 4, ""competence-multimedia-telecommunications"": 5, ""competence-statistiques-informatique"": 3}",finance;sante;robotique,projet_personnel_tech;projet_associatif,recherche,terrain,parcours-emp
cand-001186,matiere_synthetique_4;matiere_synthetique_18;matiere_synthetique_15,11.47,"{""competence-techniques-informatiques-gestion"": 5, ""competence-electronique-systemes"": 1, ""competence-multimedia-telecommunications"": 1, ""competence-statistiques-informatique"": 2}",sante,,salariat,bureau,parcours-pip
cand-001823,matiere_synthetique_11,19.66,"{""competence-techniques-informatiques-gestion"": 2, ""competence-electronique-systemes"": 4, ""competence-multimedia-telecommunications"": 5, ""competence-statistiques-informatique"": 1}",design;sante,projet_personnel_tech;projet_associatif,entrepreneuriat,bureau,parcours-aee
cand-001121,matiere_synthetique_8,13.01,"{""competence-techniques-informatiques-gestion"": 2, ""competence-electronique-systemes"": 4, ""competence-multimedia-telecommunications"": 2, ""competence-statistiques-informatique"": 3}",management;finance;informatique,,recherche,bureau,parcours-imticia
cand-001060,matiere_synthetique_20;matiere_synthetique_5;matiere_synthetique_2,17.56,"{""competence-techniques-informatiques-gestion"": 5, ""competence-electronique-systemes"": 5, ""competence-multimedia-telecommunications"": 4, ""competence-statistiques-informatique"": 3}",ecologie;sante;agriculture,,entrepreneuriat,hybride,parcours-aee
cand-001498,matiere_synthetique_18;matiere_synthetique_19,11.52,"{""competence-techniques-informatiques-gestion"": 1, ""competence-electronique-systemes"": 5, ""competence-multimedia-telecommunications"": 5, ""competence-statistiques-informatique"": 4}",sante;robotique;ecologie,projet_associatif,entrepreneuriat,teletravail,parcours-fic
cand-000035,matiere_synthetique_12;matiere_synthetique_3;matiere_synthetique_13,16.9,"{""competence-techniques-informatiques-gestion"": 0, ""competence-electronique-systemes"": 0, ""competence-multimedia-telecommunications"": 5, ""competence-statistiques-informatique"": 5}",design;robotique;agriculture,,enseignement,bureau,parcours-igglia
cand-001758,matiere_synthetique_3;matiere_synthetique_6;matiere_synthetique_3,11.69,"{""competence-techniques-informatiques-gestion"": 5, ""competence-electronique-systemes"": 5, ""competence-multimedia-telecommunications"": 5, ""competence-statistiques-informatique"": 3}",finance,,salariat,bureau,parcours-esiia
cand-000218,matiere_synthetique_8,18.2,"{""competence-techniques-informatiques-gestion"": 2, ""competence-electronique-systemes"": 0, ""competence-multimedia-telecommunications"": 5, ""competence-statistiques-informatique"": 1}",robotique;finance,projet_personnel_tech,fonction_publique,terrain,parcours-dtja
cand-000877,matiere_synthetique_8;matiere_synthetique_13;matiere_synthetique_17,17.23,"{""competence-techniques-informatiques-gestion"": 5, ""competence-electronique-systemes"": 5, ""competence-multimedia-telecommunications"": 5, ""competence-statistiques-informatique"": 5}",finance;management,,salariat,teletravail,parcours-emii
cand-000737,matiere_synthetique_19;matiere_synthetique_13,16.92,"{""competence-techniques-informatiques-gestion"": 5, ""competence-electronique-systemes"": 4, ""competence-multimedia-telecommunications"": 3, ""competence-statistiques-informatique"": 5}",tourisme;finance,projet_associatif,salariat,terrain,parcours-icmp
cand-000750,matiere_synthetique_18;matiere_synthetique_19;matiere_synthetique_6,17.24,"{""competence-techniques-informatiques-gestion"": 5, ""competence-electronique-systemes"": 5, ""competence-multimedia-telecommunications"": 2, ""competence-statistiques-informatique"": 4}",ecologie;design,,entrepreneuriat,hybride,parcours-aee
cand-000279,matiere_synthetique_18;matiere_synthetique_3;matiere_synthetique_19,13.84,"{""competence-techniques-informatiques-gestion"": 5, ""competence-electronique-systemes"": 4, ""competence-multimedia-telecommunications"": 3, ""competence-statistiques-informatique"": 2}",sante;robotique,,enseignement,teletravail,parcours-imticia
cand-001521,matiere_synthetique_11;matiere_synthetique_10,16.32,"{""competence-techniques-informatiques-gestion"": 5, ""competence-electronique-systemes"": 4, ""competence-multimedia-telecommunications"": 2, ""competence-statistiques-informatique"": 5}",design;finance,projet_personnel_tech,salariat,teletravail,parcours-caa
cand-000550,matiere_synthetique_20,13.31,"{""competence-techniques-informatiques-gestion"": 0, ""competence-electronique-systemes"": 3, ""competence-multimedia-telecommunications"": 1, ""competence-statistiques-informatique"": 3}",sante,projet_personnel_tech;projet_associatif,fonction_publique,bureau,parcours-fic
cand-000041,matiere_synthetique_4;matiere_synthetique_11,15.89,"{""competence-techniques-informatiques-gestion"": 3, ""competence-electronique-systemes"": 5, ""competence-multimedia-telecommunications"": 2, ""competence-statistiques-informatique"": 5}",finance;informatique,projet_associatif,salariat,terrain,parcours-iaa
cand-001243,matiere_synthetique_19;matiere_synthetique_8,17.55,"{""competence-techniques-informatiques-gestion"": 5, ""competence-electronique-systemes"": 5, ""competence-multimedia-telecommunications"": 5, ""competence-statistiques-informatique"": 5}",finance,,recherche,hybride,parcours-caa
cand-001664,matiere_synthetique_2,6.58,"{""competence-techniques-informatiques-gestion"": 5, ""competence-electronique-systemes"": 2, ""competence-multimedia-telecommunications"": 1, ""competence-statistiques-informatique"": 4}",agriculture,,salariat,bureau,parcours-esiia
cand-000192,matiere_synthetique_7,16.63,"{""competence-techniques-informatiques-gestion"": 4, ""competence-electronique-systemes"": 1, ""competence-multimedia-telecommunications"": 4, ""competence-statistiques-informatique"": 2}",ecologie;agriculture,,recherche,bureau,parcours-esiia
cand-001106,matiere_synthetique_5;matiere_synthetique_19;matiere_synthetique_8,9.93,"{""competence-techniques-informatiques-gestion"": 5, ""competence-electronique-systemes"": 2, ""competence-multimedia-telecommunications"": 3, ""competence-statistiques-informatique"": 2}",sante,,fonction_publique,teletravail,parcours-teh
cand-001013,matiere_synthetique_11;matiere_synthetique_7;matiere_synthetique_20,8.99,"{""competence-techniques-informatiques-gestion"": 2, ""competence-electronique-systemes"": 3, ""competence-multimedia-telecommunications"": 5, ""competence-statistiques-informatique"": 1}",finance,,enseignement,hybride,parcours-igglia
cand-001933,matiere_synthetique_4;matiere_synthetique_10,13.43,"{""competence-techniques-informatiques-gestion"": 4, ""competence-electronique-systemes"": 1, ""competence-multimedia-telecommunications"": 2, ""competence-statistiques-informatique"": 3}",agriculture;robotique,,fonction_publique,bureau,parcours-isaia
cand-001230,matiere_synthetique_16;matiere_synthetique_6;matiere_synthetique_1,12.32,"{""competence-techniques-informatiques-gestion"": 5, ""competence-electronique-systemes"": 5, ""competence-multimedia-telecommunications"": 1, ""competence-statistiques-informatique"": 5}",agriculture;sante,projet_personnel_tech,recherche,bureau,parcours-tee
cand-001895,matiere_synthetique_16;matiere_synthetique_19,14.34,"{""competence-techniques-informatiques-gestion"": 1, ""competence-electronique-systemes"": 2, ""competence-multimedia-telecommunications"": 2, ""competence-statistiques-informatique"": 0}",informatique;agriculture;design,projet_personnel_tech,recherche,terrain,parcours-icmp
cand-000491,matiere_synthetique_8,16.88,"{""competence-techniques-informatiques-gestion"": 4, ""competence-electronique-systemes"": 3, ""competence-multimedia-telecommunications"": 2, ""competence-statistiques-informatique"": 4}",robotique;finance;ecologie,,recherche,bureau,parcours-iaa
cand-000495,matiere_synthetique_5;matiere_synthetique_7;matiere_synthetique_3,10.59,"{""competence-techniques-informatiques-gestion"": 3, ""competence-electronique-systemes"": 1, ""competence-multimedia-telecommunications"": 5, ""competence-statistiques-informatique"": 2}",design;tourisme;robotique,projet_personnel_tech,entrepreneuriat,terrain,parcours-tee
cand-001821,matiere_synthetique_18;matiere_synthetique_8,10.84,"{""competence-techniques-informatiques-gestion"": 5, ""competence-electronique-systemes"": 1, ""competence-multimedia-telecommunications"": 5, ""competence-statistiques-informatique"": 1}",agriculture,,salariat,teletravail,parcours-esiia
cand-000700,matiere_synthetique_6,11.18,"{""competence-techniques-informatiques-gestion"": 1, ""competence-electronique-systemes"": 0, ""competence-multimedia-telecommunications"": 2, ""competence-statistiques-informatique"": 4}",ecologie;design;robotique,,entrepreneuriat,terrain,parcours-tee
cand-001812,matiere_synthetique_7;matiere_synthetique_11,16.47,"{""competence-techniques-informatiques-gestion"": 4, ""competence-electronique-systemes"": 5, ""competence-multimedia-telecommunications"": 4, ""competence-statistiques-informatique"": 5}",management;design,projet_personnel_tech,enseignement,teletravail,parcours-aee
cand-001222,matiere_synthetique_5,11.05,"{""competence-techniques-informatiques-gestion"": 1, ""competence-electronique-systemes"": 4, ""competence-multimedia-telecommunications"": 5, ""competence-statistiques-informatique"": 1}",finance,projet_personnel_tech,salariat,terrain,parcours-gca
cand-000364,matiere_synthetique_20;matiere_synthetique_13;matiere_synthetique_9,8.71,"{""competence-techniques-informatiques-gestion"": 4, ""competence-electronique-systemes"": 3, ""competence-multimedia-telecommunications"": 1, ""competence-statistiques-informatique"": 2}",informatique;sante,,recherche,bureau,parcours-imticia
cand-000030,matiere_synthetique_20;matiere_synthetique_1;matiere_synthetique_2,15.9,"{""competence-techniques-informatiques-gestion"": 1, ""competence-electronique-systemes"": 5, ""competence-multimedia-telecommunications"": 2, ""competence-statistiques-informatique"": 5}",agriculture,,fonction_publique,bureau,parcours-imticia
cand-001101,matiere_synthetique_7;matiere_synthetique_9;matiere_synthetique_7,13.65,"{""competence-techniques-informatiques-gestion"": 2, ""competence-electronique-systemes"": 5, ""competence-multimedia-telecommunications"": 4, ""competence-statistiques-informatique"": 4}",sante;tourisme,,salariat,hybride,parcours-esiia
cand-001940,matiere_synthetique_18,14.71,"{""competence-techniques-informatiques-gestion"": 5, ""competence-electronique-systemes"": 4, ""competence-multimedia-telecommunications"": 2, ""competence-statistiques-informatique"": 4}",sante,,entrepreneuriat,teletravail,parcours-iaa
cand-000425,matiere_synthetique_9;matiere_synthetique_14,7.52,"{""competence-techniques-informatiques-gestion"": 2, ""competence-electronique-systemes"": 3, ""competence-multimedia-telecommunications"": 1, ""competence-statistiques-informatique"": 2}",informatique,projet_associatif,recherche,terrain,parcours-tee
cand-000052,matiere_synthetique_16;matiere_synthetique_2;matiere_synthetique_5,8.26,"{""competence-techniques-informatiques-gestion"": 4, ""competence-electronique-systemes"": 2, ""competence-multimedia-telecommunications"": 3, ""competence-statistiques-informatique"": 3}",finance;sante;management,projet_personnel_tech,recherche,teletravail,parcours-icmp
cand-001429,matiere_synthetique_16;matiere_synthetique_16;matiere_synthetique_11,12.69,"{""competence-techniques-informatiques-gestion"": 4, ""competence-electronique-systemes"": 5, ""competence-multimedia-telecommunications"": 0, ""competence-statistiques-informatique"": 3}",design,,salariat,teletravail,parcours-teh
cand-000937,matiere_synthetique_7;matiere_synthetique_6,8.67,"{""competence-techniques-informatiques-gestion"": 1, ""competence-electronique-systemes"": 0, ""competence-multimedia-telecommunications"": 5, ""competence-statistiques-informatique"": 2}",sante;design;management,projet_associatif,entrepreneuriat,terrain,parcours-emii
cand-000701,matiere_synthetique_5,12.58,"{""competence-techniques-informatiques-gestion"": 3, ""competence-electronique-systemes"": 5, ""competence-multimedia-telecommunications"": 2, ""competence-statistiques-informatique"": 4}",robotique;informatique,projet_personnel_tech,enseignement,hybride,parcours-tee
cand-000689,matiere_synthetique_3,11.36,"{""competence-techniques-informatiques-gestion"": 3, ""competence-electronique-systemes"": 5, ""competence-multimedia-telecommunications"": 5, ""competence-statistiques-informatique"": 3}",agriculture,projet_associatif,fonction_publique,bureau,parcours-igglia
cand-000057,matiere_synthetique_2;matiere_synthetique_15,13.02,"{""competence-techniques-informatiques-gestion"": 1, ""competence-electronique-systemes"": 3, ""competence-multimedia-telecommunications"": 5, ""competence-statistiques-informatique"": 1}",sante;management;informatique,,fonction_publique,bureau,parcours-dtja
cand-000978,matiere_synthetique_8;matiere_synthetique_5,9.96,"{""competence-techniques-informatiques-gestion"": 4, ""competence-electronique-systemes"": 3, ""competence-multimedia-telecommunications"": 1, ""competence-statistiques-informatique"": 5}",informatique;tourisme;design,,entrepreneuriat,hybride,parcours-isaia
cand-001226,matiere_synthetique_13;matiere_synthetique_20,12.6,"{""competence-techniques-informatiques-gestion"": 4, ""competence-electronique-systemes"": 4, ""competence-multimedia-telecommunications"": 3, ""competence-statistiques-informatique"": 1}",sante;agriculture,projet_personnel_tech,recherche,bureau,parcours-emii
cand-000870,matiere_synthetique_20,11.73,"{""competence-techniques-informatiques-gestion"": 1, ""competence-electronique-systemes"": 4, ""competence-multimedia-telecommunications"": 3, ""competence-statistiques-informatique"": 1}",management;informatique;tourisme,projet_personnel_tech,salariat,teletravail,parcours-dtja
cand-000820,matiere_synthetique_15,16.56,"{""competence-techniques-informatiques-gestion"": 2, ""competence-electronique-systemes"": 3, ""competence-multimedia-telecommunications"": 3, ""competence-statistiques-informatique"": 2}",finance,projet_associatif,entrepreneuriat,hybride,parcours-dtja
cand-000105,matiere_synthetique_20,17.48,"{""competence-techniques-informatiques-gestion"": 2, ""competence-electronique-systemes"": 4, ""competence-multimedia-telecommunications"": 5, ""competence-statistiques-informatique"": 1}",finance,,fonction_publique,hybride,parcours-aee
cand-000565,matiere_synthetique_7;matiere_synthetique_8;matiere_synthetique_17,18.08,"{""competence-techniques-informatiques-gestion"": 5, ""competence-electronique-systemes"": 1, ""competence-multimedia-telecommunications"": 2, ""competence-statistiques-informatique"": 5}",management;agriculture;design,projet_personnel_tech,salariat,bureau,parcours-emp
cand-001197,matiere_synthetique_11;matiere_synthetique_12,14.51,"{""competence-techniques-informatiques-gestion"": 5, ""competence-electronique-systemes"": 3, ""competence-multimedia-telecommunications"": 2, ""competence-statistiques-informatique"": 1}",agriculture;robotique;management,,salariat,terrain,parcours-emp
cand-001344,matiere_synthetique_3,18.02,"{""competence-techniques-informatiques-gestion"": 3, ""competence-electronique-systemes"": 3, ""competence-multimedia-telecommunications"": 4, ""competence-statistiques-informatique"": 1}",robotique;sante,projet_personnel_tech,entrepreneuriat,hybride,parcours-emp
cand-000331,matiere_synthetique_12,15.37,"{""competence-techniques-informatiques-gestion"": 5, ""competence-electronique-systemes"": 2, ""competence-multimedia-telecommunications"": 5, ""competence-statistiques-informatique"": 2}",agriculture;robotique,projet_associatif,fonction_publique,hybride,parcours-pip
cand-000243,matiere_synthetique_20;matiere_synthetique_3;matiere_synthetique_12,10.33,"{""competence-techniques-informatiques-gestion"": 5, ""competence-electronique-systemes"": 5, ""competence-multimedia-telecommunications"": 5, ""competence-statistiques-informatique"": 5}",design,projet_personnel_tech,salariat,bureau,parcours-icmp
cand-000029,matiere_synthetique_16;matiere_synthetique_4,4.83,"{""competence-techniques-informatiques-gestion"": 5, ""competence-electronique-systemes"": 4, ""competence-multimedia-telecommunications"": 4, ""competence-statistiques-informatique"": 2}",management;finance,,recherche,bureau,parcours-icmp
cand-000935,matiere_synthetique_10,12.33,"{""competence-techniques-informatiques-gestion"": 3, ""competence-electronique-systemes"": 5, ""competence-multimedia-telecommunications"": 4, ""competence-statistiques-informatique"": 5}",design,,salariat,terrain,parcours-iaa
cand-001010,matiere_synthetique_6;matiere_synthetique_18,16.71,"{""competence-techniques-informatiques-gestion"": 3, ""competence-electronique-systemes"": 5, ""competence-multimedia-telecommunications"": 2, ""competence-statistiques-informatique"": 3}",agriculture;design,,entrepreneuriat,teletravail,parcours-aee
cand-000083,matiere_synthetique_11;matiere_synthetique_11;matiere_synthetique_15,8.28,"{""competence-techniques-informatiques-gestion"": 2, ""competence-electronique-systemes"": 1, ""competence-multimedia-telecommunications"": 2, ""competence-statistiques-informatique"": 3}",management;agriculture,,recherche,hybride,parcours-teh
cand-000096,matiere_synthetique_9;matiere_synthetique_14;matiere_synthetique_13,15.5,"{""competence-techniques-informatiques-gestion"": 4, ""competence-electronique-systemes"": 1, ""competence-multimedia-telecommunications"": 3, ""competence-statistiques-informatique"": 3}",management;finance,projet_personnel_tech,recherche,teletravail,parcours-tee
cand-001631,matiere_synthetique_6;matiere_synthetique_17,15.24,"{""competence-techniques-informatiques-gestion"": 1, ""competence-electronique-systemes"": 1, ""competence-multimedia-telecommunications"": 2, ""competence-statistiques-informatique"": 4}",informatique;agriculture,,fonction_publique,bureau,parcours-iaa
cand-000408,matiere_synthetique_9;matiere_synthetique_18;matiere_synthetique_12,17.51,"{""competence-techniques-informatiques-gestion"": 2, ""competence-electronique-systemes"": 4, ""competence-multimedia-telecommunications"": 1, ""competence-statistiques-informatique"": 5}",tourisme,projet_associatif,salariat,hybride,parcours-tee
cand-001176,matiere_synthetique_12;matiere_synthetique_19,12.22,"{""competence-techniques-informatiques-gestion"": 5, ""competence-electronique-systemes"": 5, ""competence-multimedia-telecommunications"": 1, ""competence-statistiques-informatique"": 3}",management;finance,,entrepreneuriat,hybride,parcours-pip
cand-001656,matiere_synthetique_3,8.63,"{""competence-techniques-informatiques-gestion"": 4, ""competence-electronique-systemes"": 4, ""competence-multimedia-telecommunications"": 4, ""competence-statistiques-informatique"": 5}",robotique;tourisme,,salariat,bureau,parcours-icmp
cand-001690,matiere_synthetique_3;matiere_synthetique_7;matiere_synthetique_16,12.68,"{""competence-techniques-informatiques-gestion"": 2, ""competence-electronique-systemes"": 2, ""competence-multimedia-telecommunications"": 1, ""competence-statistiques-informatique"": 1}",agriculture;design,projet_personnel_tech,fonction_publique,teletravail,parcours-emp
cand-001053,matiere_synthetique_5,16.95,"{""competence-techniques-informatiques-gestion"": 3, ""competence-electronique-systemes"": 5, ""competence-multimedia-telecommunications"": 5, ""competence-statistiques-informatique"": 5}",informatique;management,,salariat,hybride,parcours-emp
cand-000087,matiere_synthetique_18;matiere_synthetique_10,12.89,"{""competence-techniques-informatiques-gestion"": 0, ""competence-electronique-systemes"": 2, ""competence-multimedia-telecommunications"": 0, ""competence-statistiques-informatique"": 3}",sante;ecologie;finance,,recherche,bureau,parcours-tee
cand-001234,matiere_synthetique_3;matiere_synthetique_10;matiere_synthetique_8,16.87,"{""competence-techniques-informatiques-gestion"": 3, ""competence-electronique-systemes"": 1, ""competence-multimedia-telecommunications"": 5, ""competence-statistiques-informatique"": 2}",design;management;informatique,projet_personnel_tech,recherche,bureau,parcours-caa
cand-001617,matiere_synthetique_1;matiere_synthetique_2,11.13,"{""competence-techniques-informatiques-gestion"": 1, ""competence-electronique-systemes"": 4, ""competence-multimedia-telecommunications"": 4, ""competence-statistiques-informatique"": 5}",agriculture,,enseignement,teletravail,parcours-tee
cand-001266,matiere_synthetique_18;matiere_synthetique_9,10.73,"{""competence-techniques-informatiques-gestion"": 0, ""competence-electronique-systemes"": 3, ""competence-multimedia-telecommunications"": 5, ""competence-statistiques-informatique"": 5}",finance,projet_personnel_tech;projet_associatif,enseignement,bureau,parcours-dtja
cand-001604,matiere_synthetique_11,6.99,"{""competence-techniques-informatiques-gestion"": 4, ""competence-electronique-systemes"": 4, ""competence-multimedia-telecommunications"": 1, ""competence-statistiques-informatique"": 5}",management;design,projet_personnel_tech;projet_associatif,enseignement,terrain,parcours-gca
cand-000427,matiere_synthetique_1,16.04,"{""competence-techniques-informatiques-gestion"": 0, ""competence-electronique-systemes"": 3, ""competence-multimedia-telecommunications"": 4, ""competence-statistiques-informatique"": 5}",agriculture,projet_associatif,entrepreneuriat,bureau,parcours-tee
cand-001325,matiere_synthetique_17,14.74,"{""competence-techniques-informatiques-gestion"": 0, ""competence-electronique-systemes"": 3, ""competence-multimedia-telecommunications"": 5, ""competence-statistiques-informatique"": 1}",robotique;design,,recherche,bureau,parcours-imticia
cand-000008,matiere_synthetique_5,12.55,"{""competence-techniques-informatiques-gestion"": 3, ""competence-electronique-systemes"": 3, ""competence-multimedia-telecommunications"": 3, ""competence-statistiques-informatique"": 3}",management,,entrepreneuriat,bureau,parcours-imticia
cand-001247,matiere_synthetique_17;matiere_synthetique_6,14.87,"{""competence-techniques-informatiques-gestion"": 5, ""competence-electronique-systemes"": 1, ""competence-multimedia-telecommunications"": 5, ""competence-statistiques-informatique"": 5}",informatique;sante;finance,,salariat,teletravail,parcours-emii
cand-000682,matiere_synthetique_13,19.65,"{""competence-techniques-informatiques-gestion"": 1, ""competence-electronique-systemes"": 2, ""competence-multimedia-telecommunications"": 2, ""competence-statistiques-informatique"": 3}",robotique;tourisme,,salariat,teletravail,parcours-gca
cand-001058,matiere_synthetique_19;matiere_synthetique_2;matiere_synthetique_8,16.83,"{""competence-techniques-informatiques-gestion"": 5, ""competence-electronique-systemes"": 4, ""competence-multimedia-telecommunications"": 4, ""competence-statistiques-informatique"": 0}",design;ecologie;robotique,,recherche,bureau,parcours-gca
cand-000546,matiere_synthetique_17;matiere_synthetique_5,15.37,"{""competence-techniques-informatiques-gestion"": 1, ""competence-electronique-systemes"": 5, ""competence-multimedia-telecommunications"": 1, ""competence-statistiques-informatique"": 1}",robotique,,salariat,teletravail,parcours-igglia
cand-001802,matiere_synthetique_4;matiere_synthetique_1,11.99,"{""competence-techniques-informatiques-gestion"": 1, ""competence-electronique-systemes"": 4, ""competence-multimedia-telecommunications"": 4, ""competence-statistiques-informatique"": 1}",management;robotique,,recherche,bureau,parcours-dtja
cand-001621,matiere_synthetique_15,12.69,"{""competence-techniques-informatiques-gestion"": 4, ""competence-electronique-systemes"": 5, ""competence-multimedia-telecommunications"": 2, ""competence-statistiques-informatique"": 4}",robotique;agriculture,,enseignement,teletravail,parcours-emii
cand-001790,matiere_synthetique_10,9.77,"{""competence-techniques-informatiques-gestion"": 1, ""competence-electronique-systemes"": 3, ""competence-multimedia-telecommunications"": 1, ""competence-statistiques-informatique"": 4}",management,projet_personnel_tech;projet_associatif,salariat,terrain,parcours-gca
cand-001481,matiere_synthetique_17;matiere_synthetique_4;matiere_synthetique_18,9.84,"{""competence-techniques-informatiques-gestion"": 1, ""competence-electronique-systemes"": 3, ""competence-multimedia-telecommunications"": 5, ""competence-statistiques-informatique"": 3}",robotique,,salariat,teletravail,parcours-fic
cand-001594,matiere_synthetique_5;matiere_synthetique_16;matiere_synthetique_17,5.63,"{""competence-techniques-informatiques-gestion"": 4, ""competence-electronique-systemes"": 1, ""competence-multimedia-telecommunications"": 4, ""competence-statistiques-informatique"": 3}",finance;design,,salariat,bureau,parcours-imticia
cand-001780,matiere_synthetique_14;matiere_synthetique_2;matiere_synthetique_3,15.27,"{""competence-techniques-informatiques-gestion"": 3, ""competence-electronique-systemes"": 5, ""competence-multimedia-telecommunications"": 3, ""competence-statistiques-informatique"": 3}",design,,fonction_publique,terrain,parcours-igglia
cand-000693,matiere_synthetique_2;matiere_synthetique_8,16.26,"{""competence-techniques-informatiques-gestion"": 2, ""competence-electronique-systemes"": 3, ""competence-multimedia-telecommunications"": 3, ""competence-statistiques-informatique"": 2}",agriculture,,salariat,hybride,parcours-iaa
cand-001905,matiere_synthetique_15;matiere_synthetique_1;matiere_synthetique_6,18.4,"{""competence-techniques-informatiques-gestion"": 1, ""competence-electronique-systemes"": 5, ""competence-multimedia-telecommunications"": 2, ""competence-statistiques-informatique"": 5}",finance;robotique;sante,,enseignement,teletravail,parcours-pip
cand-000184,matiere_synthetique_2;matiere_synthetique_3;matiere_synthetique_11,11.7,"{""competence-techniques-informatiques-gestion"": 5, ""competence-electronique-systemes"": 4, ""competence-multimedia-telecommunications"": 4, ""competence-statistiques-informatique"": 4}",management,,recherche,terrain,parcours-fic
cand-001875,matiere_synthetique_17;matiere_synthetique_15;matiere_synthetique_11,19.13,"{""competence-techniques-informatiques-gestion"": 1, ""competence-electronique-systemes"": 3, ""competence-multimedia-telecommunications"": 1, ""competence-statistiques-informatique"": 1}",robotique,,fonction_publique,terrain,parcours-isaia
cand-001565,matiere_synthetique_13;matiere_synthetique_10,11.57,"{""competence-techniques-informatiques-gestion"": 4, ""competence-electronique-systemes"": 4, ""competence-multimedia-telecommunications"": 1, ""competence-statistiques-informatique"": 5}",robotique;sante,projet_personnel_tech,salariat,bureau,parcours-aee
cand-000625,matiere_synthetique_4;matiere_synthetique_11;matiere_synthetique_17,12.14,"{""competence-techniques-informatiques-gestion"": 5, ""competence-electronique-systemes"": 5, ""competence-multimedia-telecommunications"": 4, ""competence-statistiques-informatique"": 3}",ecologie;management;robotique,projet_personnel_tech,entrepreneuriat,bureau,parcours-imticia
cand-001223,matiere_synthetique_16;matiere_synthetique_16;matiere_synthetique_14,11.73,"{""competence-techniques-informatiques-gestion"": 2, ""competence-electronique-systemes"": 5, ""competence-multimedia-telecommunications"": 1, ""competence-statistiques-informatique"": 1}",sante;tourisme,projet_associatif,fonction_publique,hybride,parcours-imticia
cand-001771,matiere_synthetique_7;matiere_synthetique_3;matiere_synthetique_20,10.93,"{""competence-techniques-informatiques-gestion"": 4, ""competence-electronique-systemes"": 1, ""competence-multimedia-telecommunications"": 2, ""competence-statistiques-informatique"": 3}",tourisme;sante,projet_personnel_tech,fonction_publique,teletravail,parcours-aee
cand-000171,matiere_synthetique_6;matiere_synthetique_11,11.09,"{""competence-techniques-informatiques-gestion"": 2, ""competence-electronique-systemes"": 5, ""competence-multimedia-telecommunications"": 2, ""competence-statistiques-informatique"": 2}",design,,salariat,hybride,parcours-aee
cand-001096,matiere_synthetique_16;matiere_synthetique_20,14.93,"{""competence-techniques-informatiques-gestion"": 5, ""competence-electronique-systemes"": 5, ""competence-multimedia-telecommunications"": 3, ""competence-statistiques-informatique"": 2}",ecologie;robotique;finance,projet_personnel_tech,enseignement,hybride,parcours-gca
cand-000918,matiere_synthetique_4;matiere_synthetique_12,17.24,"{""competence-techniques-informatiques-gestion"": 1, ""competence-electronique-systemes"": 1, ""competence-multimedia-telecommunications"": 2, ""competence-statistiques-informatique"": 5}",tourisme;finance,,recherche,bureau,parcours-aee
cand-001246,matiere_synthetique_12;matiere_synthetique_8,9.15,"{""competence-techniques-informatiques-gestion"": 5, ""competence-electronique-systemes"": 2, ""competence-multimedia-telecommunications"": 3, ""competence-statistiques-informatique"": 5}",sante;design;informatique,,fonction_publique,terrain,parcours-gca
cand-001636,matiere_synthetique_5,12.02,"{""competence-techniques-informatiques-gestion"": 4, ""competence-electronique-systemes"": 5, ""competence-multimedia-telecommunications"": 2, ""competence-statistiques-informatique"": 3}",robotique,projet_personnel_tech,enseignement,hybride,parcours-igglia
cand-001239,matiere_synthetique_11;matiere_synthetique_12,18.42,"{""competence-techniques-informatiques-gestion"": 3, ""competence-electronique-systemes"": 2, ""competence-multimedia-telecommunications"": 1, ""competence-statistiques-informatique"": 5}",robotique;agriculture;tourisme,projet_personnel_tech,enseignement,bureau,parcours-dtja
cand-001464,matiere_synthetique_9,10.94,"{""competence-techniques-informatiques-gestion"": 5, ""competence-electronique-systemes"": 4, ""competence-multimedia-telecommunications"": 4, ""competence-statistiques-informatique"": 3}",tourisme;management;robotique,projet_associatif,enseignement,terrain,parcours-emii
cand-000091,matiere_synthetique_18;matiere_synthetique_13;matiere_synthetique_6,14.42,"{""competence-techniques-informatiques-gestion"": 2, ""competence-electronique-systemes"": 3, ""competence-multimedia-telecommunications"": 3, ""competence-statistiques-informatique"": 3}",informatique;ecologie;design,projet_associatif,recherche,hybride,parcours-igglia
cand-000034,matiere_synthetique_11;matiere_synthetique_19;matiere_synthetique_20,9.68,"{""competence-techniques-informatiques-gestion"": 1, ""competence-electronique-systemes"": 4, ""competence-multimedia-telecommunications"": 4, ""competence-statistiques-informatique"": 2}",management;agriculture;sante,projet_personnel_tech,fonction_publique,hybride,parcours-isaia
cand-000676,matiere_synthetique_13;matiere_synthetique_6,11.75,"{""competence-techniques-informatiques-gestion"": 4, ""competence-electronique-systemes"": 1, ""competence-multimedia-telecommunications"": 3, ""competence-statistiques-informatique"": 4}",agriculture;ecologie;finance,,recherche,hybride,parcours-gca
cand-001016,matiere_synthetique_8,14.88,"{""competence-techniques-informatiques-gestion"": 2, ""competence-electronique-systemes"": 4, ""competence-multimedia-telecommunications"": 2, ""competence-statistiques-informatique"": 2}",finance;sante,,entrepreneuriat,bureau,parcours-esiia
cand-000761,matiere_synthetique_15;matiere_synthetique_18,4.81,"{""competence-techniques-informatiques-gestion"": 5, ""competence-electronique-systemes"": 5, ""competence-multimedia-telecommunications"": 4, ""competence-statistiques-informatique"": 3}",agriculture;robotique;sante,,enseignement,terrain,parcours-imticia
cand-001092,matiere_synthetique_17,13.52,"{""competence-techniques-informatiques-gestion"": 3, ""competence-electronique-systemes"": 2, ""competence-multimedia-telecommunications"": 5, ""competence-statistiques-informatique"": 5}",finance,,fonction_publique,hybride,parcours-caa
cand-000596,matiere_synthetique_7;matiere_synthetique_5,9.37,"{""competence-techniques-informatiques-gestion"": 5, ""competence-electronique-systemes"": 1, ""competence-multimedia-telecommunications"": 5, ""competence-statistiques-informatique"": 4}",agriculture;finance;ecologie,,enseignement,hybride,parcours-gca
cand-001414,matiere_synthetique_20;matiere_synthetique_6,12.5,"{""competence-techniques-informatiques-gestion"": 0, ""competence-electronique-systemes"": 5, ""competence-multimedia-telecommunications"": 4, ""competence-statistiques-informatique"": 1}",finance,projet_personnel_tech,salariat,teletravail,parcours-isaia
cand-001254,matiere_synthetique_20;matiere_synthetique_1,11.63,"{""competence-techniques-informatiques-gestion"": 1, ""competence-electronique-systemes"": 5, ""competence-multimedia-telecommunications"": 2, ""competence-statistiques-informatique"": 1}",tourisme;informatique;agriculture,projet_personnel_tech,enseignement,teletravail,parcours-teh
cand-000458,matiere_synthetique_16;matiere_synthetique_18,10.13,"{""competence-techniques-informatiques-gestion"": 5, ""competence-electronique-systemes"": 2, ""competence-multimedia-telecommunications"": 5, ""competence-statistiques-informatique"": 2}",management;finance;design,,entrepreneuriat,terrain,parcours-esiia
cand-000567,matiere_synthetique_11;matiere_synthetique_6;matiere_synthetique_4,15.21,"{""competence-techniques-informatiques-gestion"": 4, ""competence-electronique-systemes"": 3, ""competence-multimedia-telecommunications"": 5, ""competence-statistiques-informatique"": 3}",tourisme;robotique,,fonction_publique,hybride,parcours-dtja
cand-000642,matiere_synthetique_20;matiere_synthetique_10;matiere_synthetique_10,17.36,"{""competence-techniques-informatiques-gestion"": 1, ""competence-electronique-systemes"": 5, ""competence-multimedia-telecommunications"": 3, ""competence-statistiques-informatique"": 2}",tourisme;agriculture,,salariat,teletravail,parcours-gca
cand-001929,matiere_synthetique_12;matiere_synthetique_13,16.97,"{""competence-techniques-informatiques-gestion"": 2, ""competence-electronique-systemes"": 4, ""competence-multimedia-telecommunications"": 0, ""competence-statistiques-informatique"": 2}",agriculture,,recherche,bureau,parcours-esiia
cand-001952,matiere_synthetique_7;matiere_synthetique_9,14.42,"{""competence-techniques-informatiques-gestion"": 5, ""competence-electronique-systemes"": 5, ""competence-multimedia-telecommunications"": 4, ""competence-statistiques-informatique"": 4}",management,,recherche,terrain,parcours-icmp
cand-000810,matiere_synthetique_12;matiere_synthetique_4;matiere_synthetique_9,11.07,"{""competence-techniques-informatiques-gestion"": 1, ""competence-electronique-systemes"": 4, ""competence-multimedia-telecommunications"": 1, ""competence-statistiques-informatique"": 5}",robotique;design,projet_associatif,fonction_publique,teletravail,parcours-fic
cand-001410,matiere_synthetique_15;matiere_synthetique_20;matiere_synthetique_2,13.4,"{""competence-techniques-informatiques-gestion"": 2, ""competence-electronique-systemes"": 3, ""competence-multimedia-telecommunications"": 5, ""competence-statistiques-informatique"": 5}",sante;design;ecologie,,enseignement,teletravail,parcours-caa
cand-001559,matiere_synthetique_16,10.84,"{""competence-techniques-informatiques-gestion"": 3, ""competence-electronique-systemes"": 5, ""competence-multimedia-telecommunications"": 2, ""competence-statistiques-informatique"": 3}",design;robotique;agriculture,,fonction_publique,terrain,parcours-pip
cand-001136,matiere_synthetique_13;matiere_synthetique_8,9.41,"{""competence-techniques-informatiques-gestion"": 5, ""competence-electronique-systemes"": 5, ""competence-multimedia-telecommunications"": 1, ""competence-statistiques-informatique"": 1}",finance;management;tourisme,,enseignement,teletravail,parcours-esiia
cand-001996,matiere_synthetique_17;matiere_synthetique_20;matiere_synthetique_1,9.96,"{""competence-techniques-informatiques-gestion"": 4, ""competence-electronique-systemes"": 3, ""competence-multimedia-telecommunications"": 4, ""competence-statistiques-informatique"": 1}",finance;agriculture;robotique,projet_personnel_tech,enseignement,bureau,parcours-imticia
cand-000886,matiere_synthetique_20,11.47,"{""competence-techniques-informatiques-gestion"": 4, ""competence-electronique-systemes"": 3, ""competence-multimedia-telecommunications"": 0, ""competence-statistiques-informatique"": 5}",sante,,salariat,bureau,parcours-isaia
cand-001384,matiere_synthetique_16;matiere_synthetique_20,8.93,"{""competence-techniques-informatiques-gestion"": 4, ""competence-electronique-systemes"": 0, ""competence-multimedia-telecommunications"": 2, ""competence-statistiques-informatique"": 4}",agriculture;informatique,projet_personnel_tech,fonction_publique,terrain,parcours-imticia
cand-001944,matiere_synthetique_5;matiere_synthetique_14;matiere_synthetique_8,19.92,"{""competence-techniques-informatiques-gestion"": 2, ""competence-electronique-systemes"": 1, ""competence-multimedia-telecommunications"": 5, ""competence-statistiques-informatique"": 3}",tourisme,,salariat,teletravail,parcours-imticia
cand-000285,matiere_synthetique_2;matiere_synthetique_9;matiere_synthetique_2,9.39,"{""competence-techniques-informatiques-gestion"": 5, ""competence-electronique-systemes"": 3, ""competence-multimedia-telecommunications"": 4, ""competence-statistiques-informatique"": 2}",finance,projet_personnel_tech,salariat,hybride,parcours-pip
cand-000136,matiere_synthetique_2;matiere_synthetique_12;matiere_synthetique_18,17.59,"{""competence-techniques-informatiques-gestion"": 5, ""competence-electronique-systemes"": 3, ""competence-multimedia-telecommunications"": 1, ""competence-statistiques-informatique"": 5}",sante,projet_associatif,salariat,hybride,parcours-aee
cand-001533,matiere_synthetique_3;matiere_synthetique_16,12.42,"{""competence-techniques-informatiques-gestion"": 1, ""competence-electronique-systemes"": 1, ""competence-multimedia-telecommunications"": 4, ""competence-statistiques-informatique"": 5}",management;finance,,recherche,bureau,parcours-emp
cand-001899,matiere_synthetique_8;matiere_synthetique_15,13.18,"{""competence-techniques-informatiques-gestion"": 4, ""competence-electronique-systemes"": 4, ""competence-multimedia-telecommunications"": 5, ""competence-statistiques-informatique"": 3}",ecologie;informatique,projet_personnel_tech;projet_associatif,salariat,hybride,parcours-gca
cand-001806,matiere_synthetique_1;matiere_synthetique_4;matiere_synthetique_8,9.84,"{""competence-techniques-informatiques-gestion"": 2, ""competence-electronique-systemes"": 2, ""competence-multimedia-telecommunications"": 4, ""competence-statistiques-informatique"": 5}",sante;informatique,,fonction_publique,hybride,parcours-igglia
cand-001762,matiere_synthetique_9,11.11,"{""competence-techniques-informatiques-gestion"": 3, ""competence-electronique-systemes"": 1, ""competence-multimedia-telecommunications"": 4, ""competence-statistiques-informatique"": 5}",tourisme;finance;ecologie,,salariat,hybride,parcours-teh
cand-000650,matiere_synthetique_4;matiere_synthetique_5,8.62,"{""competence-techniques-informatiques-gestion"": 5, ""competence-electronique-systemes"": 1, ""competence-multimedia-telecommunications"": 1, ""competence-statistiques-informatique"": 3}",agriculture;sante;ecologie,projet_personnel_tech,salariat,hybride,parcours-gca
cand-000166,matiere_synthetique_12,14.07,"{""competence-techniques-informatiques-gestion"": 1, ""competence-electronique-systemes"": 2, ""competence-multimedia-telecommunications"": 1, ""competence-statistiques-informatique"": 5}",tourisme;finance;robotique,,entrepreneuriat,bureau,parcours-caa
cand-001279,matiere_synthetique_6;matiere_synthetique_5;matiere_synthetique_9,12.21,"{""competence-techniques-informatiques-gestion"": 1, ""competence-electronique-systemes"": 1, ""competence-multimedia-telecommunications"": 3, ""competence-statistiques-informatique"": 5}",management;finance,,recherche,hybride,parcours-isaia
cand-000703,matiere_synthetique_7,16.36,"{""competence-techniques-informatiques-gestion"": 4, ""competence-electronique-systemes"": 4, ""competence-multimedia-telecommunications"": 0, ""competence-statistiques-informatique"": 5}",robotique,,entrepreneuriat,terrain,parcours-fic
cand-001728,matiere_synthetique_10,16.85,"{""competence-techniques-informatiques-gestion"": 3, ""competence-electronique-systemes"": 2, ""competence-multimedia-telecommunications"": 3, ""competence-statistiques-informatique"": 2}",tourisme;sante;robotique,,enseignement,terrain,parcours-igglia
cand-001470,matiere_synthetique_1,8.83,"{""competence-techniques-informatiques-gestion"": 5, ""competence-electronique-systemes"": 4, ""competence-multimedia-telecommunications"": 2, ""competence-statistiques-informatique"": 5}",design,,recherche,terrain,parcours-tee
cand-000492,matiere_synthetique_3,10.61,"{""competence-techniques-informatiques-gestion"": 4, ""competence-electronique-systemes"": 3, ""competence-multimedia-telecommunications"": 2, ""competence-statistiques-informatique"": 3}",agriculture;informatique,projet_associatif,entrepreneuriat,teletravail,parcours-gca
cand-000674,matiere_synthetique_5;matiere_synthetique_1,7.88,"{""competence-techniques-informatiques-gestion"": 0, ""competence-electronique-systemes"": 2, ""competence-multimedia-telecommunications"": 3, ""competence-statistiques-informatique"": 1}",sante,,fonction_publique,hybride,parcours-igglia
cand-000563,matiere_synthetique_3,15.65,"{""competence-techniques-informatiques-gestion"": 4, ""competence-electronique-systemes"": 2, ""competence-multimedia-telecommunications"": 4, ""competence-statistiques-informatique"": 4}",robotique;sante,,recherche,teletravail,parcours-emp
cand-000876,matiere_synthetique_9,11.01,"{""competence-techniques-informatiques-gestion"": 3, ""competence-electronique-systemes"": 1, ""competence-multimedia-telecommunications"": 2, ""competence-statistiques-informatique"": 3}",sante;design;informatique,projet_personnel_tech,entrepreneuriat,bureau,parcours-esiia
cand-001407,matiere_synthetique_3,7.14,"{""competence-techniques-informatiques-gestion"": 2, ""competence-electronique-systemes"": 3, ""competence-multimedia-telecommunications"": 0, ""competence-statistiques-informatique"": 5}",tourisme;ecologie;agriculture,,salariat,terrain,parcours-pip
cand-000312,matiere_synthetique_2;matiere_synthetique_18;matiere_synthetique_18,18.82,"{""competence-techniques-informatiques-gestion"": 0, ""competence-electronique-systemes"": 4, ""competence-multimedia-telecommunications"": 5, ""competence-statistiques-informatique"": 4}",management;robotique,,recherche,bureau,parcours-esiia
cand-000589,matiere_synthetique_20,6.63,"{""competence-techniques-informatiques-gestion"": 3, ""competence-electronique-systemes"": 2, ""competence-multimedia-telecommunications"": 5, ""competence-statistiques-informatique"": 2}",sante;agriculture,,enseignement,hybride,parcours-tee
cand-001766,matiere_synthetique_14;matiere_synthetique_2;matiere_synthetique_5,9.05,"{""competence-techniques-informatiques-gestion"": 3, ""competence-electronique-systemes"": 5, ""competence-multimedia-telecommunications"": 1, ""competence-statistiques-informatique"": 1}",robotique;design;ecologie,,fonction_publique,hybride,parcours-dtja
cand-001441,matiere_synthetique_8,9.56,"{""competence-techniques-informatiques-gestion"": 3, ""competence-electronique-systemes"": 2, ""competence-multimedia-telecommunications"": 5, ""competence-statistiques-informatique"": 5}",tourisme,projet_personnel_tech,salariat,bureau,parcours-esiia
cand-001921,matiere_synthetique_1;matiere_synthetique_20;matiere_synthetique_1,14.54,"{""competence-techniques-informatiques-gestion"": 3, ""competence-electronique-systemes"": 1, ""competence-multimedia-telecommunications"": 1, ""competence-statistiques-informatique"": 5}",robotique;agriculture;design,projet_personnel_tech,recherche,bureau,parcours-fic
cand-000139,matiere_synthetique_8,15.09,"{""competence-techniques-informatiques-gestion"": 5, ""competence-electronique-systemes"": 5, ""competence-multimedia-telecommunications"": 4, ""competence-statistiques-informatique"": 1}",robotique;ecologie,,salariat,bureau,parcours-esiia
cand-001089,matiere_synthetique_11,12.88,"{""competence-techniques-informatiques-gestion"": 5, ""competence-electronique-systemes"": 1, ""competence-multimedia-telecommunications"": 1, ""competence-statistiques-informatique"": 3}",sante,projet_personnel_tech,entrepreneuriat,teletravail,parcours-igglia
cand-001968,matiere_synthetique_18;matiere_synthetique_18;matiere_synthetique_17,14.05,"{""competence-techniques-informatiques-gestion"": 2, ""competence-electronique-systemes"": 0, ""competence-multimedia-telecommunications"": 5, ""competence-statistiques-informatique"": 1}",tourisme;ecologie;robotique,projet_associatif,recherche,hybride,parcours-esiia
cand-000417,matiere_synthetique_14,13.19,"{""competence-techniques-informatiques-gestion"": 3, ""competence-electronique-systemes"": 4, ""competence-multimedia-telecommunications"": 3, ""competence-statistiques-informatique"": 5}",management;ecologie,,salariat,terrain,parcours-iaa
cand-000101,matiere_synthetique_20;matiere_synthetique_4;matiere_synthetique_10,8.39,"{""competence-techniques-informatiques-gestion"": 2, ""competence-electronique-systemes"": 3, ""competence-multimedia-telecommunications"": 5, ""competence-statistiques-informatique"": 5}",design;tourisme,projet_personnel_tech,salariat,hybride,parcours-pip
cand-000957,matiere_synthetique_12;matiere_synthetique_15;matiere_synthetique_12,17.52,"{""competence-techniques-informatiques-gestion"": 3, ""competence-electronique-systemes"": 1, ""competence-multimedia-telecommunications"": 4, ""competence-statistiques-informatique"": 5}",informatique;agriculture,,recherche,terrain,parcours-imticia
cand-000224,matiere_synthetique_7;matiere_synthetique_10,11.57,"{""competence-techniques-informatiques-gestion"": 4, ""competence-electronique-systemes"": 5, ""competence-multimedia-telecommunications"": 2, ""competence-statistiques-informatique"": 5}",sante,projet_personnel_tech,recherche,teletravail,parcours-esiia
cand-000108,matiere_synthetique_4;matiere_synthetique_12;matiere_synthetique_18,10.79,"{""competence-techniques-informatiques-gestion"": 3, ""competence-electronique-systemes"": 5, ""competence-multimedia-telecommunications"": 1, ""competence-statistiques-informatique"": 1}",ecologie;informatique,,salariat,teletravail,parcours-isaia
cand-001484,matiere_synthetique_18;matiere_synthetique_15,8.67,"{""competence-techniques-informatiques-gestion"": 1, ""competence-electronique-systemes"": 3, ""competence-multimedia-telecommunications"": 2, ""competence-statistiques-informatique"": 0}",ecologie,,enseignement,teletravail,parcours-imticia
cand-001473,matiere_synthetique_11;matiere_synthetique_6,13.28,"{""competence-techniques-informatiques-gestion"": 4, ""competence-electronique-systemes"": 3, ""competence-multimedia-telecommunications"": 2, ""competence-statistiques-informatique"": 3}",sante;robotique,,recherche,hybride,parcours-emp
cand-000226,matiere_synthetique_20;matiere_synthetique_11;matiere_synthetique_14,11.2,"{""competence-techniques-informatiques-gestion"": 3, ""competence-electronique-systemes"": 2, ""competence-multimedia-telecommunications"": 3, ""competence-statistiques-informatique"": 3}",tourisme,,entrepreneuriat,teletravail,parcours-pip
cand-001245,matiere_synthetique_5,17.2,"{""competence-techniques-informatiques-gestion"": 4, ""competence-electronique-systemes"": 0, ""competence-multimedia-telecommunications"": 2, ""competence-statistiques-informatique"": 3}",management;sante;finance,,entrepreneuriat,hybride,parcours-emp
cand-000062,matiere_synthetique_14;matiere_synthetique_10;matiere_synthetique_5,10.21,"{""competence-techniques-informatiques-gestion"": 3, ""competence-electronique-systemes"": 4, ""competence-multimedia-telecommunications"": 5, ""competence-statistiques-informatique"": 4}",ecologie;agriculture,projet_personnel_tech,enseignement,terrain,parcours-gca
cand-001659,matiere_synthetique_3;matiere_synthetique_7;matiere_synthetique_5,10.62,"{""competence-techniques-informatiques-gestion"": 0, ""competence-electronique-systemes"": 1, ""competence-multimedia-telecommunications"": 5, ""competence-statistiques-informatique"": 5}",sante,projet_personnel_tech,salariat,terrain,parcours-teh
cand-000242,matiere_synthetique_20;matiere_synthetique_2,19.65,"{""competence-techniques-informatiques-gestion"": 0, ""competence-electronique-systemes"": 5, ""competence-multimedia-telecommunications"": 2, ""competence-statistiques-informatique"": 0}",robotique,projet_personnel_tech,salariat,teletravail,parcours-iaa
cand-001127,matiere_synthetique_6;matiere_synthetique_1;matiere_synthetique_15,9.87,"{""competence-techniques-informatiques-gestion"": 4, ""competence-electronique-systemes"": 3, ""competence-multimedia-telecommunications"": 0, ""competence-statistiques-informatique"": 2}",robotique;management,,enseignement,hybride,parcours-icmp
cand-000411,matiere_synthetique_3;matiere_synthetique_8;matiere_synthetique_3,14.84,"{""competence-techniques-informatiques-gestion"": 2, ""competence-electronique-systemes"": 4, ""competence-multimedia-telecommunications"": 5, ""competence-statistiques-informatique"": 5}",informatique,,entrepreneuriat,bureau,parcours-tee
cand-000146,matiere_synthetique_2;matiere_synthetique_17;matiere_synthetique_4,12.72,"{""competence-techniques-informatiques-gestion"": 5, ""competence-electronique-systemes"": 4, ""competence-multimedia-telecommunications"": 5, ""competence-statistiques-informatique"": 0}",robotique;informatique,projet_personnel_tech,recherche,teletravail,parcours-iaa
cand-001573,matiere_synthetique_16,12.91,"{""competence-techniques-informatiques-gestion"": 5, ""competence-electronique-systemes"": 1, ""competence-multimedia-telecommunications"": 5, ""competence-statistiques-informatique"": 2}",ecologie;management;tourisme,,recherche,bureau,parcours-aee
cand-001427,matiere_synthetique_16;matiere_synthetique_7,7.66,"{""competence-techniques-informatiques-gestion"": 5, ""competence-electronique-systemes"": 3, ""competence-multimedia-telecommunications"": 4, ""competence-statistiques-informatique"": 5}",sante,,entrepreneuriat,bureau,parcours-gca
cand-000503,matiere_synthetique_20;matiere_synthetique_1;matiere_synthetique_12,12.44,"{""competence-techniques-informatiques-gestion"": 5, ""competence-electronique-systemes"": 2, ""competence-multimedia-telecommunications"": 2, ""competence-statistiques-informatique"": 4}",design,,fonction_publique,terrain,parcours-tee
cand-000420,matiere_synthetique_16,13.92,"{""competence-techniques-informatiques-gestion"": 5, ""competence-electronique-systemes"": 4, ""competence-multimedia-telecommunications"": 5, ""competence-statistiques-informatique"": 3}",design;robotique,,recherche,teletravail,parcours-caa
cand-001970,matiere_synthetique_6,10.62,"{""competence-techniques-informatiques-gestion"": 1, ""competence-electronique-systemes"": 2, ""competence-multimedia-telecommunications"": 2, ""competence-statistiques-informatique"": 4}",ecologie,,entrepreneuriat,bureau,parcours-caa
cand-000991,matiere_synthetique_4;matiere_synthetique_10;matiere_synthetique_11,10.46,"{""competence-techniques-informatiques-gestion"": 4, ""competence-electronique-systemes"": 2, ""competence-multimedia-telecommunications"": 3, ""competence-statistiques-informatique"": 2}",ecologie;design,projet_associatif,entrepreneuriat,teletravail,parcours-isaia
cand-000644,matiere_synthetique_7;matiere_synthetique_4,13.29,"{""competence-techniques-informatiques-gestion"": 5, ""competence-electronique-systemes"": 3, ""competence-multimedia-telecommunications"": 5, ""competence-statistiques-informatique"": 1}",robotique;design;sante,,enseignement,terrain,parcours-teh
cand-000727,matiere_synthetique_7,13.58,"{""competence-techniques-informatiques-gestion"": 1, ""competence-electronique-systemes"": 3, ""competence-multimedia-telecommunications"": 5, ""competence-statistiques-informatique"": 3}",ecologie;informatique;management,,enseignement,teletravail,parcours-esiia
cand-000948,matiere_synthetique_16;matiere_synthetique_12,15.81,"{""competence-techniques-informatiques-gestion"": 3, ""competence-electronique-systemes"": 3, ""competence-multimedia-telecommunications"": 4, ""competence-statistiques-informatique"": 0}",ecologie;management;design,,recherche,hybride,parcours-emp
cand-000768,matiere_synthetique_7;matiere_synthetique_2,11.0,"{""competence-techniques-informatiques-gestion"": 3, ""competence-electronique-systemes"": 4, ""competence-multimedia-telecommunications"": 4, ""competence-statistiques-informatique"": 1}",design;tourisme;ecologie,,recherche,teletravail,parcours-emp
cand-000522,matiere_synthetique_13;matiere_synthetique_15,17.85,"{""competence-techniques-informatiques-gestion"": 4, ""competence-electronique-systemes"": 5, ""competence-multimedia-telecommunications"": 4, ""competence-statistiques-informatique"": 1}",tourisme;robotique,projet_associatif,enseignement,hybride,parcours-igglia
cand-000308,matiere_synthetique_2;matiere_synthetique_20;matiere_synthetique_16,13.29,"{""competence-techniques-informatiques-gestion"": 3, ""competence-electronique-systemes"": 5, ""competence-multimedia-telecommunications"": 3, ""competence-statistiques-informatique"": 3}",management;sante;finance,,recherche,bureau,parcours-imticia
cand-000170,matiere_synthetique_15,13.47,"{""competence-techniques-informatiques-gestion"": 3, ""competence-electronique-systemes"": 1, ""competence-multimedia-telecommunications"": 1, ""competence-statistiques-informatique"": 4}",design,projet_associatif,fonction_publique,hybride,parcours-isaia
cand-001855,matiere_synthetique_16;matiere_synthetique_20;matiere_synthetique_15,14.21,"{""competence-techniques-informatiques-gestion"": 2, ""competence-electronique-systemes"": 2, ""competence-multimedia-telecommunications"": 1, ""competence-statistiques-informatique"": 5}",finance;ecologie,,entrepreneuriat,bureau,parcours-iaa
cand-001679,matiere_synthetique_10;matiere_synthetique_12,9.86,"{""competence-techniques-informatiques-gestion"": 3, ""competence-electronique-systemes"": 3, ""competence-multimedia-telecommunications"": 1, ""competence-statistiques-informatique"": 1}",sante;finance,,fonction_publique,teletravail,parcours-fic
cand-000349,matiere_synthetique_6,10.29,"{""competence-techniques-informatiques-gestion"": 3, ""competence-electronique-systemes"": 3, ""competence-multimedia-telecommunications"": 1, ""competence-statistiques-informatique"": 4}",design;finance,,entrepreneuriat,teletravail,parcours-iaa
cand-001911,matiere_synthetique_4;matiere_synthetique_5,17.41,"{""competence-techniques-informatiques-gestion"": 4, ""competence-electronique-systemes"": 5, ""competence-multimedia-telecommunications"": 1, ""competence-statistiques-informatique"": 4}",management;agriculture,,fonction_publique,terrain,parcours-imticia
cand-001518,matiere_synthetique_2,9.83,"{""competence-techniques-informatiques-gestion"": 2, ""competence-electronique-systemes"": 3, ""competence-multimedia-telecommunications"": 4, ""competence-statistiques-informatique"": 1}",tourisme;management,,salariat,terrain,parcours-isaia
cand-001086,matiere_synthetique_12;matiere_synthetique_12;matiere_synthetique_16,8.94,"{""competence-techniques-informatiques-gestion"": 5, ""competence-electronique-systemes"": 0, ""competence-multimedia-telecommunications"": 4, ""competence-statistiques-informatique"": 5}",tourisme;management,projet_personnel_tech,fonction_publique,hybride,parcours-tee
cand-000755,matiere_synthetique_9,13.51,"{""competence-techniques-informatiques-gestion"": 5, ""competence-electronique-systemes"": 1, ""competence-multimedia-telecommunications"": 2, ""competence-statistiques-informatique"": 5}",agriculture;design;informatique,projet_personnel_tech,fonction_publique,hybride,parcours-esiia
cand-000902,matiere_synthetique_8,15.2,"{""competence-techniques-informatiques-gestion"": 1, ""competence-electronique-systemes"": 3, ""competence-multimedia-telecommunications"": 4, ""competence-statistiques-informatique"": 2}",design,,recherche,teletravail,parcours-emii
cand-001191,matiere_synthetique_3,11.1,"{""competence-techniques-informatiques-gestion"": 1, ""competence-electronique-systemes"": 5, ""competence-multimedia-telecommunications"": 4, ""competence-statistiques-informatique"": 5}",finance;tourisme,,salariat,bureau,parcours-tee
cand-000321,matiere_synthetique_16;matiere_synthetique_1;matiere_synthetique_11,12.23,"{""competence-techniques-informatiques-gestion"": 1, ""competence-electronique-systemes"": 5, ""competence-multimedia-telecommunications"": 0, ""competence-statistiques-informatique"": 5}",management,,entrepreneuriat,hybride,parcours-emp
cand-001350,matiere_synthetique_6;matiere_synthetique_5,11.31,"{""competence-techniques-informatiques-gestion"": 5, ""competence-electronique-systemes"": 1, ""competence-multimedia-telecommunications"": 5, ""competence-statistiques-informatique"": 3}",sante;robotique;agriculture,projet_associatif,fonction_publique,bureau,parcours-emii
cand-000561,matiere_synthetique_7;matiere_synthetique_14;matiere_synthetique_12,19.09,"{""competence-techniques-informatiques-gestion"": 2, ""competence-electronique-systemes"": 3, ""competence-multimedia-telecommunications"": 3, ""competence-statistiques-informatique"": 1}",finance;tourisme,,fonction_publique,hybride,parcours-tee
cand-001038,matiere_synthetique_3;matiere_synthetique_16;matiere_synthetique_3,16.21,"{""competence-techniques-informatiques-gestion"": 2, ""competence-electronique-systemes"": 3, ""competence-multimedia-telecommunications"": 1, ""competence-statistiques-informatique"": 3}",design,,entrepreneuriat,terrain,parcours-teh
cand-000679,matiere_synthetique_15;matiere_synthetique_13,8.27,"{""competence-techniques-informatiques-gestion"": 2, ""competence-electronique-systemes"": 5, ""competence-multimedia-telecommunications"": 5, ""competence-statistiques-informatique"": 4}",tourisme;agriculture;design,,salariat,bureau,parcours-tee
cand-001017,matiere_synthetique_7;matiere_synthetique_3,10.39,"{""competence-techniques-informatiques-gestion"": 0, ""competence-electronique-systemes"": 1, ""competence-multimedia-telecommunications"": 1, ""competence-statistiques-informatique"": 1}",design;finance;management,projet_personnel_tech;projet_associatif,fonction_publique,teletravail,parcours-imticia
cand-001340,matiere_synthetique_18;matiere_synthetique_18;matiere_synthetique_18,12.98,"{""competence-techniques-informatiques-gestion"": 0, ""competence-electronique-systemes"": 5, ""competence-multimedia-telecommunications"": 5, ""competence-statistiques-informatique"": 3}",tourisme;agriculture,,entrepreneuriat,hybride,parcours-gca
cand-001711,matiere_synthetique_8;matiere_synthetique_12;matiere_synthetique_7,11.55,"{""competence-techniques-informatiques-gestion"": 1, ""competence-electronique-systemes"": 5, ""competence-multimedia-telecommunications"": 5, ""competence-statistiques-informatique"": 0}",management;design;robotique,projet_personnel_tech,fonction_publique,hybride,parcours-esiia
cand-000036,matiere_synthetique_4;matiere_synthetique_17;matiere_synthetique_17,10.17,"{""competence-techniques-informatiques-gestion"": 5, ""competence-electronique-systemes"": 2, ""competence-multimedia-telecommunications"": 2, ""competence-statistiques-informatique"": 2}",ecologie;management;finance,,enseignement,hybride,parcours-isaia
cand-000621,matiere_synthetique_16;matiere_synthetique_15,14.23,"{""competence-techniques-informatiques-gestion"": 0, ""competence-electronique-systemes"": 1, ""competence-multimedia-telecommunications"": 2, ""competence-statistiques-informatique"": 2}",design;finance,,entrepreneuriat,bureau,parcours-caa
cand-000506,matiere_synthetique_14;matiere_synthetique_9,16.51,"{""competence-techniques-informatiques-gestion"": 4, ""competence-electronique-systemes"": 5, ""competence-multimedia-telecommunications"": 3, ""competence-statistiques-informatique"": 5}",informatique;robotique,projet_personnel_tech,fonction_publique,terrain,parcours-emii
cand-000893,matiere_synthetique_12;matiere_synthetique_7;matiere_synthetique_3,14.31,"{""competence-techniques-informatiques-gestion"": 2, ""competence-electronique-systemes"": 0, ""competence-multimedia-telecommunications"": 1, ""competence-statistiques-informatique"": 0}",finance,,enseignement,terrain,parcours-esiia
cand-000809,matiere_synthetique_16;matiere_synthetique_6,13.4,"{""competence-techniques-informatiques-gestion"": 0, ""competence-electronique-systemes"": 5, ""competence-multimedia-telecommunications"": 5, ""competence-statistiques-informatique"": 1}",robotique;management;agriculture,,enseignement,terrain,parcours-emp
cand-001892,matiere_synthetique_15;matiere_synthetique_20;matiere_synthetique_15,17.23,"{""competence-techniques-informatiques-gestion"": 5, ""competence-electronique-systemes"": 3, ""competence-multimedia-telecommunications"": 4, ""competence-statistiques-informatique"": 1}",agriculture;design,projet_personnel_tech,enseignement,terrain,parcours-esiia
cand-000756,matiere_synthetique_14;matiere_synthetique_17;matiere_synthetique_16,14.37,"{""competence-techniques-informatiques-gestion"": 4, ""competence-electronique-systemes"": 4, ""competence-multimedia-telecommunications"": 2, ""competence-statistiques-informatique"": 5}",agriculture,,recherche,teletravail,parcours-dtja
cand-001772,matiere_synthetique_2;matiere_synthetique_5;matiere_synthetique_18,15.11,"{""competence-techniques-informatiques-gestion"": 4, ""competence-electronique-systemes"": 1, ""competence-multimedia-telecommunications"": 0, ""competence-statistiques-informatique"": 1}",sante;finance;tourisme,projet_personnel_tech;projet_associatif,recherche,hybride,parcours-aee
cand-001571,matiere_synthetique_15;matiere_synthetique_18,14.47,"{""competence-techniques-informatiques-gestion"": 2, ""competence-electronique-systemes"": 2, ""competence-multimedia-telecommunications"": 3, ""competence-statistiques-informatique"": 3}",finance;tourisme,,enseignement,teletravail,parcours-teh
cand-000919,matiere_synthetique_8;matiere_synthetique_17,14.74,"{""competence-techniques-informatiques-gestion"": 0, ""competence-electronique-systemes"": 4, ""competence-multimedia-telecommunications"": 2, ""competence-statistiques-informatique"": 2}",design,projet_personnel_tech,salariat,hybride,parcours-caa
cand-000399,matiere_synthetique_20,12.37,"{""competence-techniques-informatiques-gestion"": 2, ""competence-electronique-systemes"": 4, ""competence-multimedia-telecommunications"": 1, ""competence-statistiques-informatique"": 1}",agriculture;robotique,projet_personnel_tech,enseignement,bureau,parcours-icmp
cand-000626,matiere_synthetique_14;matiere_synthetique_18;matiere_synthetique_6,14.88,"{""competence-techniques-informatiques-gestion"": 5, ""competence-electronique-systemes"": 1, ""competence-multimedia-telecommunications"": 1, ""competence-statistiques-informatique"": 3}",ecologie;finance;agriculture,projet_personnel_tech;projet_associatif,fonction_publique,bureau,parcours-emii
cand-001480,matiere_synthetique_7;matiere_synthetique_3,7.12,"{""competence-techniques-informatiques-gestion"": 2, ""competence-electronique-systemes"": 2, ""competence-multimedia-telecommunications"": 4, ""competence-statistiques-informatique"": 0}",robotique;agriculture;tourisme,,salariat,teletravail,parcours-dtja
cand-000771,matiere_synthetique_18;matiere_synthetique_1,8.24,"{""competence-techniques-informatiques-gestion"": 5, ""competence-electronique-systemes"": 5, ""competence-multimedia-telecommunications"": 2, ""competence-statistiques-informatique"": 4}",finance;management,,recherche,hybride,parcours-fic
cand-001742,matiere_synthetique_15;matiere_synthetique_12,19.29,"{""competence-techniques-informatiques-gestion"": 4, ""competence-electronique-systemes"": 1, ""competence-multimedia-telecommunications"": 3, ""competence-statistiques-informatique"": 4}",agriculture;informatique,,fonction_publique,terrain,parcours-emp
cand-000131,matiere_synthetique_20;matiere_synthetique_9;matiere_synthetique_10,12.96,"{""competence-techniques-informatiques-gestion"": 3, ""competence-electronique-systemes"": 1, ""competence-multimedia-telecommunications"": 3, ""competence-statistiques-informatique"": 4}",finance;tourisme;agriculture,,entrepreneuriat,terrain,parcours-pip
cand-001485,matiere_synthetique_3,12.92,"{""competence-techniques-informatiques-gestion"": 5, ""competence-electronique-systemes"": 0, ""competence-multimedia-telecommunications"": 5, ""competence-statistiques-informatique"": 2}",tourisme;management;finance,projet_personnel_tech,recherche,terrain,parcours-gca
cand-000607,matiere_synthetique_6,7.77,"{""competence-techniques-informatiques-gestion"": 0, ""competence-electronique-systemes"": 5, ""competence-multimedia-telecommunications"": 2, ""competence-statistiques-informatique"": 2}",management,,recherche,terrain,parcours-caa
cand-000347,matiere_synthetique_15,16.39,"{""competence-techniques-informatiques-gestion"": 0, ""competence-electronique-systemes"": 5, ""competence-multimedia-telecommunications"": 3, ""competence-statistiques-informatique"": 3}",agriculture,,fonction_publique,terrain,parcours-pip
cand-001709,matiere_synthetique_15;matiere_synthetique_17;matiere_synthetique_12,7.75,"{""competence-techniques-informatiques-gestion"": 1, ""competence-electronique-systemes"": 3, ""competence-multimedia-telecommunications"": 5, ""competence-statistiques-informatique"": 5}",management,,recherche,teletravail,parcours-gca
cand-000493,matiere_synthetique_1,17.34,"{""competence-techniques-informatiques-gestion"": 5, ""competence-electronique-systemes"": 3, ""competence-multimedia-telecommunications"": 4, ""competence-statistiques-informatique"": 1}",finance;tourisme;design,,fonction_publique,bureau,parcours-teh
cand-000107,matiere_synthetique_14;matiere_synthetique_20,20.0,"{""competence-techniques-informatiques-gestion"": 5, ""competence-electronique-systemes"": 3, ""competence-multimedia-telecommunications"": 5, ""competence-statistiques-informatique"": 2}",design,,fonction_publique,teletravail,parcours-aee
cand-001541,matiere_synthetique_8,9.25,"{""competence-techniques-informatiques-gestion"": 4, ""competence-electronique-systemes"": 0, ""competence-multimedia-telecommunications"": 0, ""competence-statistiques-informatique"": 5}",management;robotique,,enseignement,teletravail,parcours-gca
cand-000376,matiere_synthetique_8;matiere_synthetique_16;matiere_synthetique_20,12.62,"{""competence-techniques-informatiques-gestion"": 2, ""competence-electronique-systemes"": 3, ""competence-multimedia-telecommunications"": 3, ""competence-statistiques-informatique"": 2}",tourisme;ecologie,projet_associatif,recherche,terrain,parcours-emii
cand-001057,matiere_synthetique_7,9.15,"{""competence-techniques-informatiques-gestion"": 4, ""competence-electronique-systemes"": 2, ""competence-multimedia-telecommunications"": 2, ""competence-statistiques-informatique"": 5}",tourisme;ecologie,,recherche,terrain,parcours-isaia
cand-001105,matiere_synthetique_12;matiere_synthetique_7;matiere_synthetique_16,14.39,"{""competence-techniques-informatiques-gestion"": 5, ""competence-electronique-systemes"": 4, ""competence-multimedia-telecommunications"": 2, ""competence-statistiques-informatique"": 2}",agriculture;design;sante,,recherche,teletravail,parcours-pip
cand-000169,matiere_synthetique_14;matiere_synthetique_1,14.86,"{""competence-techniques-informatiques-gestion"": 1, ""competence-electronique-systemes"": 2, ""competence-multimedia-telecommunications"": 2, ""competence-statistiques-informatique"": 2}",ecologie,,enseignement,hybride,parcours-iaa
cand-000155,matiere_synthetique_16;matiere_synthetique_8,15.63,"{""competence-techniques-informatiques-gestion"": 3, ""competence-electronique-systemes"": 5, ""competence-multimedia-telecommunications"": 3, ""competence-statistiques-informatique"": 5}",finance;robotique,projet_personnel_tech,recherche,hybride,parcours-caa
cand-000717,matiere_synthetique_1;matiere_synthetique_15;matiere_synthetique_10,15.72,"{""competence-techniques-informatiques-gestion"": 3, ""competence-electronique-systemes"": 1, ""competence-multimedia-telecommunications"": 3, ""competence-statistiques-informatique"": 4}",ecologie;design,,enseignement,hybride,parcours-emii
cand-001397,matiere_synthetique_8,11.94,"{""competence-techniques-informatiques-gestion"": 2, ""competence-electronique-systemes"": 0, ""competence-multimedia-telecommunications"": 3, ""competence-statistiques-informatique"": 5}",finance;design;tourisme,,salariat,bureau,parcours-esiia
cand-001735,matiere_synthetique_7,14.9,"{""competence-techniques-informatiques-gestion"": 1, ""competence-electronique-systemes"": 5, ""competence-multimedia-telecommunications"": 1, ""competence-statistiques-informatique"": 3}",sante,,recherche,teletravail,parcours-esiia
cand-001169,matiere_synthetique_20;matiere_synthetique_3,9.34,"{""competence-techniques-informatiques-gestion"": 0, ""competence-electronique-systemes"": 2, ""competence-multimedia-telecommunications"": 4, ""competence-statistiques-informatique"": 3}",agriculture,projet_associatif,fonction_publique,bureau,parcours-pip
cand-000600,matiere_synthetique_18;matiere_synthetique_8,12.63,"{""competence-techniques-informatiques-gestion"": 3, ""competence-electronique-systemes"": 5, ""competence-multimedia-telecommunications"": 2, ""competence-statistiques-informatique"": 5}",management;tourisme,,enseignement,terrain,parcours-iaa
cand-000210,matiere_synthetique_18;matiere_synthetique_20;matiere_synthetique_8,10.94,"{""competence-techniques-informatiques-gestion"": 5, ""competence-electronique-systemes"": 4, ""competence-multimedia-telecommunications"": 2, ""competence-statistiques-informatique"": 2}",finance;management,projet_personnel_tech,enseignement,bureau,parcours-aee
cand-001194,matiere_synthetique_6;matiere_synthetique_14;matiere_synthetique_5,12.72,"{""competence-techniques-informatiques-gestion"": 1, ""competence-electronique-systemes"": 5, ""competence-multimedia-telecommunications"": 4, ""competence-statistiques-informatique"": 3}",informatique;design,projet_personnel_tech,entrepreneuriat,bureau,parcours-emp
cand-001715,matiere_synthetique_17,8.5,"{""competence-techniques-informatiques-gestion"": 1, ""competence-electronique-systemes"": 5, ""competence-multimedia-telecommunications"": 5, ""competence-statistiques-informatique"": 0}",robotique,projet_associatif,salariat,terrain,parcours-esiia
cand-001572,matiere_synthetique_15,11.73,"{""competence-techniques-informatiques-gestion"": 5, ""competence-electronique-systemes"": 3, ""competence-multimedia-telecommunications"": 3, ""competence-statistiques-informatique"": 5}",ecologie;agriculture;finance,projet_associatif,salariat,hybride,parcours-esiia
cand-000393,matiere_synthetique_10;matiere_synthetique_12;matiere_synthetique_15,7.04,"{""competence-techniques-informatiques-gestion"": 3, ""competence-electronique-systemes"": 1, ""competence-multimedia-telecommunications"": 2, ""competence-statistiques-informatique"": 5}",sante;finance,,recherche,hybride,parcours-gca
cand-000028,matiere_synthetique_8,15.92,"{""competence-techniques-informatiques-gestion"": 5, ""competence-electronique-systemes"": 5, ""competence-multimedia-telecommunications"": 4, ""competence-statistiques-informatique"": 0}",management;finance;ecologie,,fonction_publique,hybride,parcours-esiia
cand-000449,matiere_synthetique_7;matiere_synthetique_12;matiere_synthetique_13,12.85,"{""competence-techniques-informatiques-gestion"": 1, ""competence-electronique-systemes"": 4, ""competence-multimedia-telecommunications"": 2, ""competence-statistiques-informatique"": 2}",tourisme,,enseignement,terrain,parcours-pip
cand-000702,matiere_synthetique_15,16.14,"{""competence-techniques-informatiques-gestion"": 5, ""competence-electronique-systemes"": 3, ""competence-multimedia-telecommunications"": 4, ""competence-statistiques-informatique"": 4}",design,projet_personnel_tech,salariat,hybride,parcours-imticia
cand-001361,matiere_synthetique_11;matiere_synthetique_13,6.61,"{""competence-techniques-informatiques-gestion"": 3, ""competence-electronique-systemes"": 5, ""competence-multimedia-telecommunications"": 1, ""competence-statistiques-informatique"": 5}",design;sante,projet_personnel_tech,enseignement,hybride,parcours-teh
cand-001428,matiere_synthetique_15,17.76,"{""competence-techniques-informatiques-gestion"": 5, ""competence-electronique-systemes"": 1, ""competence-multimedia-telecommunications"": 5, ""competence-statistiques-informatique"": 5}",robotique;ecologie,,enseignement,terrain,parcours-emii
cand-001555,matiere_synthetique_6;matiere_synthetique_7,9.7,"{""competence-techniques-informatiques-gestion"": 5, ""competence-electronique-systemes"": 5, ""competence-multimedia-telecommunications"": 3, ""competence-statistiques-informatique"": 4}",sante;management,,salariat,hybride,parcours-emii
cand-001893,matiere_synthetique_10;matiere_synthetique_16;matiere_synthetique_10,10.28,"{""competence-techniques-informatiques-gestion"": 3, ""competence-electronique-systemes"": 5, ""competence-multimedia-telecommunications"": 1, ""competence-statistiques-informatique"": 1}",tourisme;robotique;agriculture,,fonction_publique,bureau,parcours-pip
cand-001645,matiere_synthetique_16;matiere_synthetique_16,3.67,"{""competence-techniques-informatiques-gestion"": 2, ""competence-electronique-systemes"": 2, ""competence-multimedia-telecommunications"": 1, ""competence-statistiques-informatique"": 1}",management;informatique;ecologie,,enseignement,terrain,parcours-gca
cand-001553,matiere_synthetique_1,18.06,"{""competence-techniques-informatiques-gestion"": 4, ""competence-electronique-systemes"": 5, ""competence-multimedia-telecommunications"": 3, ""competence-statistiques-informatique"": 5}",finance,projet_personnel_tech,entrepreneuriat,terrain,parcours-esiia
cand-001157,matiere_synthetique_20;matiere_synthetique_15,9.72,"{""competence-techniques-informatiques-gestion"": 5, ""competence-electronique-systemes"": 4, ""competence-multimedia-telecommunications"": 3, ""competence-statistiques-informatique"": 3}",ecologie;tourisme;sante,,enseignement,bureau,parcours-gca
cand-000175,matiere_synthetique_3,8.76,"{""competence-techniques-informatiques-gestion"": 5, ""competence-electronique-systemes"": 5, ""competence-multimedia-telecommunications"": 3, ""competence-statistiques-informatique"": 3}",agriculture;finance;tourisme,,fonction_publique,hybride,parcours-imticia
cand-000617,matiere_synthetique_14,17.12,"{""competence-techniques-informatiques-gestion"": 3, ""competence-electronique-systemes"": 2, ""competence-multimedia-telecommunications"": 1, ""competence-statistiques-informatique"": 5}",management;finance,,fonction_publique,hybride,parcours-imticia
cand-001653,matiere_synthetique_5;matiere_synthetique_18,12.43,"{""competence-techniques-informatiques-gestion"": 5, ""competence-electronique-systemes"": 5, ""competence-multimedia-telecommunications"": 1, ""competence-statistiques-informatique"": 5}",informatique;robotique;management,,recherche,bureau,parcours-dtja
cand-000354,matiere_synthetique_10,10.02,"{""competence-techniques-informatiques-gestion"": 1, ""competence-electronique-systemes"": 5, ""competence-multimedia-telecommunications"": 4, ""competence-statistiques-informatique"": 0}",design,projet_personnel_tech,fonction_publique,terrain,parcours-emii
cand-000496,matiere_synthetique_9;matiere_synthetique_17,11.3,"{""competence-techniques-informatiques-gestion"": 2, ""competence-electronique-systemes"": 3, ""competence-multimedia-telecommunications"": 3, ""competence-statistiques-informatique"": 0}",design;tourisme;ecologie,,enseignement,teletravail,parcours-caa
cand-001431,matiere_synthetique_7;matiere_synthetique_1,9.32,"{""competence-techniques-informatiques-gestion"": 3, ""competence-electronique-systemes"": 5, ""competence-multimedia-telecommunications"": 5, ""competence-statistiques-informatique"": 5}",finance;robotique;ecologie,projet_personnel_tech,enseignement,teletravail,parcours-emp
cand-001259,matiere_synthetique_7;matiere_synthetique_8;matiere_synthetique_8,11.84,"{""competence-techniques-informatiques-gestion"": 3, ""competence-electronique-systemes"": 5, ""competence-multimedia-telecommunications"": 0, ""competence-statistiques-informatique"": 3}",finance;design,projet_associatif,salariat,teletravail,parcours-caa
cand-000794,matiere_synthetique_13;matiere_synthetique_14;matiere_synthetique_7,17.87,"{""competence-techniques-informatiques-gestion"": 4, ""competence-electronique-systemes"": 4, ""competence-multimedia-telecommunications"": 4, ""competence-statistiques-informatique"": 1}",ecologie;tourisme,,salariat,bureau,parcours-gca
cand-001936,matiere_synthetique_19;matiere_synthetique_5;matiere_synthetique_1,9.82,"{""competence-techniques-informatiques-gestion"": 2, ""competence-electronique-systemes"": 4, ""competence-multimedia-telecommunications"": 4, ""competence-statistiques-informatique"": 1}",finance;ecologie,projet_associatif,salariat,terrain,parcours-icmp
cand-001537,matiere_synthetique_2,16.31,"{""competence-techniques-informatiques-gestion"": 4, ""competence-electronique-systemes"": 2, ""competence-multimedia-telecommunications"": 2, ""competence-statistiques-informatique"": 5}",sante,,recherche,bureau,parcours-igglia
cand-000766,matiere_synthetique_7;matiere_synthetique_18;matiere_synthetique_13,7.57,"{""competence-techniques-informatiques-gestion"": 4, ""competence-electronique-systemes"": 5, ""competence-multimedia-telecommunications"": 1, ""competence-statistiques-informatique"": 1}",agriculture,projet_personnel_tech,recherche,teletravail,parcours-dtja
cand-001228,matiere_synthetique_4;matiere_synthetique_13,8.4,"{""competence-techniques-informatiques-gestion"": 3, ""competence-electronique-systemes"": 2, ""competence-multimedia-telecommunications"": 3, ""competence-statistiques-informatique"": 1}",sante,,recherche,teletravail,parcours-tee
cand-000138,matiere_synthetique_9;matiere_synthetique_18;matiere_synthetique_17,14.34,"{""competence-techniques-informatiques-gestion"": 0, ""competence-electronique-systemes"": 2, ""competence-multimedia-telecommunications"": 2, ""competence-statistiques-informatique"": 3}",design,,entrepreneuriat,teletravail,parcours-icmp
cand-001701,matiere_synthetique_8,13.01,"{""competence-techniques-informatiques-gestion"": 2, ""competence-electronique-systemes"": 2, ""competence-multimedia-telecommunications"": 5, ""competence-statistiques-informatique"": 5}",robotique,projet_associatif,entrepreneuriat,terrain,parcours-icmp
cand-001879,matiere_synthetique_13;matiere_synthetique_14,13.7,"{""competence-techniques-informatiques-gestion"": 1, ""competence-electronique-systemes"": 3, ""competence-multimedia-telecommunications"": 1, ""competence-statistiques-informatique"": 3}",ecologie,,salariat,terrain,parcours-pip
cand-000793,matiere_synthetique_9,9.29,"{""competence-techniques-informatiques-gestion"": 3, ""competence-electronique-systemes"": 5, ""competence-multimedia-telecommunications"": 1, ""competence-statistiques-informatique"": 4}",tourisme;ecologie,,enseignement,hybride,parcours-tee
cand-001358,matiere_synthetique_3,17.49,"{""competence-techniques-informatiques-gestion"": 2, ""competence-electronique-systemes"": 3, ""competence-multimedia-telecommunications"": 3, ""competence-statistiques-informatique"": 5}",sante;design;robotique,,enseignement,bureau,parcours-imticia
cand-001102,matiere_synthetique_1;matiere_synthetique_14;matiere_synthetique_3,19.42,"{""competence-techniques-informatiques-gestion"": 3, ""competence-electronique-systemes"": 5, ""competence-multimedia-telecommunications"": 4, ""competence-statistiques-informatique"": 4}",tourisme;finance;management,,entrepreneuriat,hybride,parcours-esiia
cand-001465,matiere_synthetique_6,12.06,"{""competence-techniques-informatiques-gestion"": 2, ""competence-electronique-systemes"": 4, ""competence-multimedia-telecommunications"": 5, ""competence-statistiques-informatique"": 2}",ecologie;robotique,projet_personnel_tech,entrepreneuriat,hybride,parcours-dtja
cand-001003,matiere_synthetique_3,17.8,"{""competence-techniques-informatiques-gestion"": 0, ""competence-electronique-systemes"": 4, ""competence-multimedia-telecommunications"": 5, ""competence-statistiques-informatique"": 1}",agriculture;ecologie;design,projet_personnel_tech,enseignement,terrain,parcours-caa
cand-001919,matiere_synthetique_4;matiere_synthetique_10,12.07,"{""competence-techniques-informatiques-gestion"": 0, ""competence-electronique-systemes"": 1, ""competence-multimedia-telecommunications"": 2, ""competence-statistiques-informatique"": 5}",ecologie,,recherche,terrain,parcours-isaia
cand-000086,matiere_synthetique_1,11.81,"{""competence-techniques-informatiques-gestion"": 5, ""competence-electronique-systemes"": 4, ""competence-multimedia-telecommunications"": 2, ""competence-statistiques-informatique"": 5}",sante,,entrepreneuriat,terrain,parcours-emii
cand-001298,matiere_synthetique_15,17.61,"{""competence-techniques-informatiques-gestion"": 5, ""competence-electronique-systemes"": 3, ""competence-multimedia-telecommunications"": 1, ""competence-statistiques-informatique"": 3}",design;finance;robotique,,salariat,terrain,parcours-pip
cand-001492,matiere_synthetique_9;matiere_synthetique_17,10.8,"{""competence-techniques-informatiques-gestion"": 5, ""competence-electronique-systemes"": 1, ""competence-multimedia-telecommunications"": 1, ""competence-statistiques-informatique"": 3}",management;finance;robotique,projet_personnel_tech,fonction_publique,bureau,parcours-iaa
cand-000608,matiere_synthetique_12;matiere_synthetique_2,9.94,"{""competence-techniques-informatiques-gestion"": 3, ""competence-electronique-systemes"": 5, ""competence-multimedia-telecommunications"": 1, ""competence-statistiques-informatique"": 4}",robotique;tourisme;agriculture,,salariat,terrain,parcours-dtja
cand-001416,matiere_synthetique_10;matiere_synthetique_3;matiere_synthetique_3,20.0,"{""competence-techniques-informatiques-gestion"": 2, ""competence-electronique-systemes"": 2, ""competence-multimedia-telecommunications"": 4, ""competence-statistiques-informatique"": 2}",agriculture;design;informatique,projet_associatif,entrepreneuriat,hybride,parcours-emp
cand-001935,matiere_synthetique_18;matiere_synthetique_16;matiere_synthetique_3,19.25,"{""competence-techniques-informatiques-gestion"": 3, ""competence-electronique-systemes"": 0, ""competence-multimedia-telecommunications"": 5, ""competence-statistiques-informatique"": 5}",informatique;robotique;tourisme,,recherche,bureau,parcours-isaia
cand-001816,matiere_synthetique_4;matiere_synthetique_14;matiere_synthetique_9,9.11,"{""competence-techniques-informatiques-gestion"": 5, ""competence-electronique-systemes"": 2, ""competence-multimedia-telecommunications"": 5, ""competence-statistiques-informatique"": 3}",finance;ecologie,projet_personnel_tech,entrepreneuriat,hybride,parcours-emp
cand-001045,matiere_synthetique_14;matiere_synthetique_18,19.5,"{""competence-techniques-informatiques-gestion"": 5, ""competence-electronique-systemes"": 5, ""competence-multimedia-telecommunications"": 4, ""competence-statistiques-informatique"": 5}",design,projet_personnel_tech,recherche,teletravail,parcours-dtja
cand-000917,matiere_synthetique_16;matiere_synthetique_6;matiere_synthetique_16,12.33,"{""competence-techniques-informatiques-gestion"": 4, ""competence-electronique-systemes"": 3, ""competence-multimedia-telecommunications"": 3, ""competence-statistiques-informatique"": 5}",management;sante,,enseignement,teletravail,parcours-igglia
cand-000342,matiere_synthetique_19,6.95,"{""competence-techniques-informatiques-gestion"": 5, ""competence-electronique-systemes"": 4, ""competence-multimedia-telecommunications"": 2, ""competence-statistiques-informatique"": 5}",ecologie;agriculture;tourisme,,enseignement,terrain,parcours-igglia
cand-000060,matiere_synthetique_18,13.48,"{""competence-techniques-informatiques-gestion"": 5, ""competence-electronique-systemes"": 5, ""competence-multimedia-telecommunications"": 5, ""competence-statistiques-informatique"": 4}",robotique;ecologie;sante,projet_personnel_tech,entrepreneuriat,hybride,parcours-teh
cand-001848,matiere_synthetique_3;matiere_synthetique_15;matiere_synthetique_15,11.83,"{""competence-techniques-informatiques-gestion"": 2, ""competence-electronique-systemes"": 4, ""competence-multimedia-telecommunications"": 2, ""competence-statistiques-informatique"": 3}",sante;ecologie;design,,entrepreneuriat,bureau,parcours-emp
cand-000301,matiere_synthetique_1;matiere_synthetique_18;matiere_synthetique_16,7.3,"{""competence-techniques-informatiques-gestion"": 5, ""competence-electronique-systemes"": 4, ""competence-multimedia-telecommunications"": 5, ""competence-statistiques-informatique"": 1}",management;agriculture,,entrepreneuriat,terrain,parcours-caa
cand-000297,matiere_synthetique_6;matiere_synthetique_8;matiere_synthetique_4,13.26,"{""competence-techniques-informatiques-gestion"": 4, ""competence-electronique-systemes"": 2, ""competence-multimedia-telecommunications"": 5, ""competence-statistiques-informatique"": 5}",sante;management;finance,,enseignement,bureau,parcours-isaia
cand-001233,matiere_synthetique_7,17.23,"{""competence-techniques-informatiques-gestion"": 4, ""competence-electronique-systemes"": 1, ""competence-multimedia-telecommunications"": 0, ""competence-statistiques-informatique"": 5}",ecologie;design;agriculture,,entrepreneuriat,terrain,parcours-imticia
cand-000879,matiere_synthetique_1;matiere_synthetique_8,12.15,"{""competence-techniques-informatiques-gestion"": 3, ""competence-electronique-systemes"": 2, ""competence-multimedia-telecommunications"": 5, ""competence-statistiques-informatique"": 5}",informatique;robotique,,enseignement,teletravail,parcours-imticia
cand-001876,matiere_synthetique_13,16.56,"{""competence-techniques-informatiques-gestion"": 4, ""competence-electronique-systemes"": 5, ""competence-multimedia-telecommunications"": 5, ""competence-statistiques-informatique"": 1}",robotique;design;sante,,entrepreneuriat,bureau,parcours-esiia
cand-001923,matiere_synthetique_7,11.78,"{""competence-techniques-informatiques-gestion"": 2, ""competence-electronique-systemes"": 2, ""competence-multimedia-telecommunications"": 5, ""competence-statistiques-informatique"": 4}",informatique,,recherche,hybride,parcours-igglia
cand-001579,matiere_synthetique_6;matiere_synthetique_16;matiere_synthetique_9,15.35,"{""competence-techniques-informatiques-gestion"": 5, ""competence-electronique-systemes"": 0, ""competence-multimedia-telecommunications"": 5, ""competence-statistiques-informatique"": 5}",agriculture;informatique;management,,entrepreneuriat,hybride,parcours-esiia
cand-001805,matiere_synthetique_1,13.59,"{""competence-techniques-informatiques-gestion"": 2, ""competence-electronique-systemes"": 4, ""competence-multimedia-telecommunications"": 3, ""competence-statistiques-informatique"": 2}",finance;ecologie;robotique,,salariat,bureau,parcours-pip
cand-000106,matiere_synthetique_4;matiere_synthetique_9,15.43,"{""competence-techniques-informatiques-gestion"": 4, ""competence-electronique-systemes"": 5, ""competence-multimedia-telecommunications"": 3, ""competence-statistiques-informatique"": 4}",management,,fonction_publique,terrain,parcours-igglia
cand-000860,matiere_synthetique_19;matiere_synthetique_2,15.62,"{""competence-techniques-informatiques-gestion"": 3, ""competence-electronique-systemes"": 2, ""competence-multimedia-telecommunications"": 5, ""competence-statistiques-informatique"": 5}",finance;informatique,projet_associatif,entrepreneuriat,terrain,parcours-tee
cand-000538,matiere_synthetique_10;matiere_synthetique_17;matiere_synthetique_20,17.87,"{""competence-techniques-informatiques-gestion"": 3, ""competence-electronique-systemes"": 5, ""competence-multimedia-telecommunications"": 4, ""competence-statistiques-informatique"": 3}",tourisme;sante,,entrepreneuriat,teletravail,parcours-imticia
cand-000253,matiere_synthetique_8;matiere_synthetique_10;matiere_synthetique_3,16.94,"{""competence-techniques-informatiques-gestion"": 3, ""competence-electronique-systemes"": 5, ""competence-multimedia-telecommunications"": 1, ""competence-statistiques-informatique"": 5}",ecologie,projet_associatif,recherche,hybride,parcours-imticia
cand-001789,matiere_synthetique_20,16.42,"{""competence-techniques-informatiques-gestion"": 4, ""competence-electronique-systemes"": 4, ""competence-multimedia-telecommunications"": 1, ""competence-statistiques-informatique"": 2}",robotique;tourisme,,recherche,terrain,parcours-pip
cand-001522,matiere_synthetique_12;matiere_synthetique_17;matiere_synthetique_16,9.71,"{""competence-techniques-informatiques-gestion"": 5, ""competence-electronique-systemes"": 2, ""competence-multimedia-telecommunications"": 1, ""competence-statistiques-informatique"": 4}",ecologie;management,,fonction_publique,hybride,parcours-gca
cand-001930,matiere_synthetique_9;matiere_synthetique_6,8.99,"{""competence-techniques-informatiques-gestion"": 1, ""competence-electronique-systemes"": 5, ""competence-multimedia-telecommunications"": 1, ""competence-statistiques-informatique"": 3}",management,projet_personnel_tech,salariat,hybride,parcours-emp
cand-001496,matiere_synthetique_13;matiere_synthetique_2,9.46,"{""competence-techniques-informatiques-gestion"": 5, ""competence-electronique-systemes"": 4, ""competence-multimedia-telecommunications"": 1, ""competence-statistiques-informatique"": 3}",robotique,projet_personnel_tech;projet_associatif,salariat,teletravail,parcours-esiia
cand-001560,matiere_synthetique_2,6.75,"{""competence-techniques-informatiques-gestion"": 4, ""competence-electronique-systemes"": 1, ""competence-multimedia-telecommunications"": 4, ""competence-statistiques-informatique"": 2}",agriculture;management,projet_personnel_tech,fonction_publique,bureau,parcours-pip
cand-000990,matiere_synthetique_17;matiere_synthetique_15;matiere_synthetique_12,7.45,"{""competence-techniques-informatiques-gestion"": 0, ""competence-electronique-systemes"": 1, ""competence-multimedia-telecommunications"": 5, ""competence-statistiques-informatique"": 1}",informatique;tourisme,,entrepreneuriat,terrain,parcours-tee
cand-000946,matiere_synthetique_14;matiere_synthetique_18;matiere_synthetique_16,7.26,"{""competence-techniques-informatiques-gestion"": 5, ""competence-electronique-systemes"": 5, ""competence-multimedia-telecommunications"": 5, ""competence-statistiques-informatique"": 1}",finance;sante,,recherche,terrain,parcours-fic
cand-000872,matiere_synthetique_5;matiere_synthetique_12,14.58,"{""competence-techniques-informatiques-gestion"": 4, ""competence-electronique-systemes"": 5, ""competence-multimedia-telecommunications"": 4, ""competence-statistiques-informatique"": 0}",finance,,entrepreneuriat,bureau,parcours-caa
cand-001141,matiere_synthetique_7;matiere_synthetique_9,16.27,"{""competence-techniques-informatiques-gestion"": 1, ""competence-electronique-systemes"": 5, ""competence-multimedia-telecommunications"": 4, ""competence-statistiques-informatique"": 3}",design;robotique;management,projet_personnel_tech,salariat,terrain,parcours-emp
cand-000142,matiere_synthetique_4;matiere_synthetique_1,12.03,"{""competence-techniques-informatiques-gestion"": 5, ""competence-electronique-systemes"": 1, ""competence-multimedia-telecommunications"": 5, ""competence-statistiques-informatique"": 1}",sante,,entrepreneuriat,bureau,parcours-fic
cand-000833,matiere_synthetique_20,8.85,"{""competence-techniques-informatiques-gestion"": 4, ""competence-electronique-systemes"": 4, ""competence-multimedia-telecommunications"": 5, ""competence-statistiques-informatique"": 5}",design;finance;agriculture,projet_associatif,salariat,bureau,parcours-isaia
cand-000592,matiere_synthetique_19;matiere_synthetique_10;matiere_synthetique_17,15.8,"{""competence-techniques-informatiques-gestion"": 3, ""competence-electronique-systemes"": 4, ""competence-multimedia-telecommunications"": 4, ""competence-statistiques-informatique"": 1}",management;robotique,,salariat,teletravail,parcours-aee
cand-000118,matiere_synthetique_16;matiere_synthetique_16;matiere_synthetique_7,12.98,"{""competence-techniques-informatiques-gestion"": 2, ""competence-electronique-systemes"": 2, ""competence-multimedia-telecommunications"": 1, ""competence-statistiques-informatique"": 5}",informatique,projet_personnel_tech,fonction_publique,hybride,parcours-emp
cand-001998,matiere_synthetique_3;matiere_synthetique_18,17.47,"{""competence-techniques-informatiques-gestion"": 1, ""competence-electronique-systemes"": 5, ""competence-multimedia-telecommunications"": 4, ""competence-statistiques-informatique"": 5}",tourisme,projet_associatif,recherche,hybride,parcours-iaa
cand-001839,matiere_synthetique_10,10.01,"{""competence-techniques-informatiques-gestion"": 4, ""competence-electronique-systemes"": 1, ""competence-multimedia-telecommunications"": 4, ""competence-statistiques-informatique"": 5}",management;robotique;tourisme,projet_personnel_tech;projet_associatif,enseignement,teletravail,parcours-dtja
cand-000323,matiere_synthetique_16;matiere_synthetique_12;matiere_synthetique_10,17.02,"{""competence-techniques-informatiques-gestion"": 1, ""competence-electronique-systemes"": 5, ""competence-multimedia-telecommunications"": 5, ""competence-statistiques-informatique"": 5}",tourisme;ecologie;design,,recherche,bureau,parcours-dtja
cand-000075,matiere_synthetique_12;matiere_synthetique_3;matiere_synthetique_18,10.43,"{""competence-techniques-informatiques-gestion"": 5, ""competence-electronique-systemes"": 5, ""competence-multimedia-telecommunications"": 3, ""competence-statistiques-informatique"": 5}",robotique;ecologie,,recherche,bureau,parcours-fic
cand-001043,matiere_synthetique_4,15.02,"{""competence-techniques-informatiques-gestion"": 4, ""competence-electronique-systemes"": 5, ""competence-multimedia-telecommunications"": 5, ""competence-statistiques-informatique"": 2}",finance;ecologie,,entrepreneuriat,terrain,parcours-gca
cand-000485,matiere_synthetique_8,10.02,"{""competence-techniques-informatiques-gestion"": 5, ""competence-electronique-systemes"": 4, ""competence-multimedia-telecommunications"": 5, ""competence-statistiques-informatique"": 5}",finance,,fonction_publique,teletravail,parcours-emii
cand-000378,matiere_synthetique_19;matiere_synthetique_5;matiere_synthetique_13,14.02,"{""competence-techniques-informatiques-gestion"": 2, ""competence-electronique-systemes"": 5, ""competence-multimedia-telecommunications"": 4, ""competence-statistiques-informatique"": 1}",management;robotique;informatique,projet_personnel_tech,entrepreneuriat,teletravail,parcours-emp
cand-000778,matiere_synthetique_9;matiere_synthetique_19;matiere_synthetique_2,11.04,"{""competence-techniques-informatiques-gestion"": 5, ""competence-electronique-systemes"": 1, ""competence-multimedia-telecommunications"": 2, ""competence-statistiques-informatique"": 3}",sante;design;robotique,,salariat,hybride,parcours-aee
cand-001561,matiere_synthetique_12,14.55,"{""competence-techniques-informatiques-gestion"": 5, ""competence-electronique-systemes"": 1, ""competence-multimedia-telecommunications"": 3, ""competence-statistiques-informatique"": 3}",tourisme;finance;robotique,,entrepreneuriat,hybride,parcours-icmp
cand-001238,matiere_synthetique_9,10.05,"{""competence-techniques-informatiques-gestion"": 2, ""competence-electronique-systemes"": 1, ""competence-multimedia-telecommunications"": 1, ""competence-statistiques-informatique"": 3}",tourisme,projet_personnel_tech,enseignement,bureau,parcours-icmp
cand-000234,matiere_synthetique_4;matiere_synthetique_8,9.56,"{""competence-techniques-informatiques-gestion"": 3, ""competence-electronique-systemes"": 0, ""competence-multimedia-telecommunications"": 2, ""competence-statistiques-informatique"": 3}",agriculture;informatique;finance,,fonction_publique,hybride,parcours-isaia
cand-001986,matiere_synthetique_1;matiere_synthetique_14,13.65,"{""competence-techniques-informatiques-gestion"": 1, ""competence-electronique-systemes"": 5, ""competence-multimedia-telecommunications"": 4, ""competence-statistiques-informatique"": 5}",ecologie;design;informatique,projet_personnel_tech,fonction_publique,bureau,parcours-teh
cand-001422,matiere_synthetique_3;matiere_synthetique_4,15.66,"{""competence-techniques-informatiques-gestion"": 4, ""competence-electronique-systemes"": 5, ""competence-multimedia-telecommunications"": 3, ""competence-statistiques-informatique"": 3}",robotique,projet_personnel_tech,enseignement,hybride,parcours-icmp
cand-000230,matiere_synthetique_6;matiere_synthetique_20,13.38,"{""competence-techniques-informatiques-gestion"": 5, ""competence-electronique-systemes"": 2, ""competence-multimedia-telecommunications"": 0, ""competence-statistiques-informatique"": 1}",sante;agriculture,,enseignement,hybride,parcours-aee
cand-001983,matiere_synthetique_18,10.61,"{""competence-techniques-informatiques-gestion"": 3, ""competence-electronique-systemes"": 3, ""competence-multimedia-telecommunications"": 1, ""competence-statistiques-informatique"": 5}",ecologie;sante,projet_personnel_tech,fonction_publique,terrain,parcours-aee
cand-001861,matiere_synthetique_16,10.56,"{""competence-techniques-informatiques-gestion"": 2, ""competence-electronique-systemes"": 1, ""competence-multimedia-telecommunications"": 5, ""competence-statistiques-informatique"": 5}",management;design;finance,,entrepreneuriat,hybride,parcours-emp
cand-001317,matiere_synthetique_1;matiere_synthetique_8;matiere_synthetique_5,15.66,"{""competence-techniques-informatiques-gestion"": 4, ""competence-electronique-systemes"": 1, ""competence-multimedia-telecommunications"": 5, ""competence-statistiques-informatique"": 5}",finance;agriculture,,entrepreneuriat,teletravail,parcours-emii
cand-001248,matiere_synthetique_14;matiere_synthetique_4;matiere_synthetique_20,12.16,"{""competence-techniques-informatiques-gestion"": 5, ""competence-electronique-systemes"": 5, ""competence-multimedia-telecommunications"": 5, ""competence-statistiques-informatique"": 2}",management;sante;robotique,projet_associatif,enseignement,teletravail,parcours-aee
cand-000953,matiere_synthetique_17;matiere_synthetique_20,10.27,"{""competence-techniques-informatiques-gestion"": 0, ""competence-electronique-systemes"": 1, ""competence-multimedia-telecommunications"": 3, ""competence-statistiques-informatique"": 5}",robotique;design;agriculture,,entrepreneuriat,terrain,parcours-emii
cand-000332,matiere_synthetique_17;matiere_synthetique_4;matiere_synthetique_15,14.68,"{""competence-techniques-informatiques-gestion"": 4, ""competence-electronique-systemes"": 5, ""competence-multimedia-telecommunications"": 0, ""competence-statistiques-informatique"": 4}",finance;informatique;sante,,enseignement,bureau,parcours-aee
cand-001563,matiere_synthetique_16,15.62,"{""competence-techniques-informatiques-gestion"": 2, ""competence-electronique-systemes"": 4, ""competence-multimedia-telecommunications"": 5, ""competence-statistiques-informatique"": 0}",ecologie,,enseignement,hybride,parcours-caa
cand-001842,matiere_synthetique_7;matiere_synthetique_6,18.36,"{""competence-techniques-informatiques-gestion"": 5, ""competence-electronique-systemes"": 2, ""competence-multimedia-telecommunications"": 3, ""competence-statistiques-informatique"": 4}",management;ecologie;robotique,,entrepreneuriat,teletravail,parcours-emp
cand-001784,matiere_synthetique_13;matiere_synthetique_2;matiere_synthetique_8,15.59,"{""competence-techniques-informatiques-gestion"": 3, ""competence-electronique-systemes"": 5, ""competence-multimedia-telecommunications"": 4, ""competence-statistiques-informatique"": 3}",management;informatique;tourisme,,salariat,bureau,parcours-isaia
cand-000697,matiere_synthetique_5,12.82,"{""competence-techniques-informatiques-gestion"": 4, ""competence-electronique-systemes"": 4, ""competence-multimedia-telecommunications"": 0, ""competence-statistiques-informatique"": 4}",design;sante;ecologie,projet_personnel_tech,enseignement,bureau,parcours-fic
cand-000648,matiere_synthetique_8,13.81,"{""competence-techniques-informatiques-gestion"": 3, ""competence-electronique-systemes"": 3, ""competence-multimedia-telecommunications"": 1, ""competence-statistiques-informatique"": 3}",informatique;ecologie;sante,projet_personnel_tech,enseignement,hybride,parcours-tee
cand-000487,matiere_synthetique_2;matiere_synthetique_9,8.5,"{""competence-techniques-informatiques-gestion"": 1, ""competence-electronique-systemes"": 1, ""competence-multimedia-telecommunications"": 5, ""competence-statistiques-informatique"": 3}",informatique;finance,,salariat,hybride,parcours-caa
cand-001538,matiere_synthetique_7;matiere_synthetique_5,9.1,"{""competence-techniques-informatiques-gestion"": 4, ""competence-electronique-systemes"": 2, ""competence-multimedia-telecommunications"": 5, ""competence-statistiques-informatique"": 1}",ecologie,,recherche,hybride,parcours-esiia
cand-001454,matiere_synthetique_15;matiere_synthetique_5,10.5,"{""competence-techniques-informatiques-gestion"": 5, ""competence-electronique-systemes"": 1, ""competence-multimedia-telecommunications"": 5, ""competence-statistiques-informatique"": 2}",informatique,projet_personnel_tech,salariat,hybride,parcours-gca
cand-001120,matiere_synthetique_4;matiere_synthetique_3;matiere_synthetique_11,11.64,"{""competence-techniques-informatiques-gestion"": 3, ""competence-electronique-systemes"": 0, ""competence-multimedia-telecommunications"": 3, ""competence-statistiques-informatique"": 0}",tourisme,,fonction_publique,terrain,parcours-isaia
cand-000167,matiere_synthetique_2;matiere_synthetique_8;matiere_synthetique_5,7.08,"{""competence-techniques-informatiques-gestion"": 3, ""competence-electronique-systemes"": 5, ""competence-multimedia-telecommunications"": 2, ""competence-statistiques-informatique"": 5}",management,projet_personnel_tech,fonction_publique,terrain,parcours-dtja
cand-000895,matiere_synthetique_12;matiere_synthetique_18;matiere_synthetique_4,8.19,"{""competence-techniques-informatiques-gestion"": 4, ""competence-electronique-systemes"": 5, ""competence-multimedia-telecommunications"": 5, ""competence-statistiques-informatique"": 3}",finance;sante,,fonction_publique,hybride,parcours-iaa
cand-000433,matiere_synthetique_9;matiere_synthetique_6,15.22,"{""competence-techniques-informatiques-gestion"": 2, ""competence-electronique-systemes"": 0, ""competence-multimedia-telecommunications"": 4, ""competence-statistiques-informatique"": 2}",tourisme,,entrepreneuriat,teletravail,parcours-dtja
cand-000494,matiere_synthetique_14,9.96,"{""competence-techniques-informatiques-gestion"": 4, ""competence-electronique-systemes"": 4, ""competence-multimedia-telecommunications"": 4, ""competence-statistiques-informatique"": 2}",management;design,projet_personnel_tech;projet_associatif,recherche,bureau,parcours-caa
cand-000869,matiere_synthetique_7,15.99,"{""competence-techniques-informatiques-gestion"": 5, ""competence-electronique-systemes"": 5, ""competence-multimedia-telecommunications"": 3, ""competence-statistiques-informatique"": 2}",design,,enseignement,hybride,parcours-iaa
cand-000256,matiere_synthetique_12,16.65,"{""competence-techniques-informatiques-gestion"": 2, ""competence-electronique-systemes"": 3, ""competence-multimedia-telecommunications"": 5, ""competence-statistiques-informatique"": 2}",tourisme;management,,salariat,teletravail,parcours-caa
cand-001862,matiere_synthetique_3;matiere_synthetique_20,16.33,"{""competence-techniques-informatiques-gestion"": 4, ""competence-electronique-systemes"": 0, ""competence-multimedia-telecommunications"": 1, ""competence-statistiques-informatique"": 5}",design;ecologie;finance,projet_associatif,entrepreneuriat,teletravail,parcours-imticia
cand-001976,matiere_synthetique_13;matiere_synthetique_18,18.24,"{""competence-techniques-informatiques-gestion"": 4, ""competence-electronique-systemes"": 5, ""competence-multimedia-telecommunications"": 0, ""competence-statistiques-informatique"": 1}",agriculture;robotique,,recherche,hybride,parcours-fic
cand-001792,matiere_synthetique_2;matiere_synthetique_15;matiere_synthetique_15,7.36,"{""competence-techniques-informatiques-gestion"": 3, ""competence-electronique-systemes"": 5, ""competence-multimedia-telecommunications"": 4, ""competence-statistiques-informatique"": 3}",informatique;management,,salariat,terrain,parcours-emii
cand-001967,matiere_synthetique_14,17.39,"{""competence-techniques-informatiques-gestion"": 5, ""competence-electronique-systemes"": 5, ""competence-multimedia-telecommunications"": 3, ""competence-statistiques-informatique"": 4}",tourisme;informatique,,enseignement,bureau,parcours-tee
cand-000816,matiere_synthetique_9,12.68,"{""competence-techniques-informatiques-gestion"": 1, ""competence-electronique-systemes"": 5, ""competence-multimedia-telecommunications"": 5, ""competence-statistiques-informatique"": 5}",ecologie;agriculture;design,,fonction_publique,terrain,parcours-gca
cand-001864,matiere_synthetique_19,17.4,"{""competence-techniques-informatiques-gestion"": 5, ""competence-electronique-systemes"": 4, ""competence-multimedia-telecommunications"": 2, ""competence-statistiques-informatique"": 1}",management;robotique,projet_personnel_tech,salariat,terrain,parcours-tee
cand-000023,matiere_synthetique_5,10.01,"{""competence-techniques-informatiques-gestion"": 5, ""competence-electronique-systemes"": 3, ""competence-multimedia-telecommunications"": 4, ""competence-statistiques-informatique"": 5}",finance,,fonction_publique,terrain,parcours-dtja
cand-000409,matiere_synthetique_13;matiere_synthetique_20;matiere_synthetique_13,9.78,"{""competence-techniques-informatiques-gestion"": 5, ""competence-electronique-systemes"": 4, ""competence-multimedia-telecommunications"": 3, ""competence-statistiques-informatique"": 4}",design;finance;tourisme,projet_personnel_tech;projet_associatif,entrepreneuriat,hybride,parcours-fic
cand-001338,matiere_synthetique_4,10.37,"{""competence-techniques-informatiques-gestion"": 2, ""competence-electronique-systemes"": 4, ""competence-multimedia-telecommunications"": 1, ""competence-statistiques-informatique"": 1}",management;sante;finance,projet_personnel_tech,enseignement,teletravail,parcours-dtja
cand-001589,matiere_synthetique_20;matiere_synthetique_16;matiere_synthetique_9,15.69,"{""competence-techniques-informatiques-gestion"": 2, ""competence-electronique-systemes"": 4, ""competence-multimedia-telecommunications"": 2, ""competence-statistiques-informatique"": 3}",informatique;sante;design,,salariat,terrain,parcours-isaia
cand-001858,matiere_synthetique_2,11.15,"{""competence-techniques-informatiques-gestion"": 5, ""competence-electronique-systemes"": 3, ""competence-multimedia-telecommunications"": 5, ""competence-statistiques-informatique"": 2}",finance,,enseignement,hybride,parcours-emp
cand-001025,matiere_synthetique_19;matiere_synthetique_6,13.61,"{""competence-techniques-informatiques-gestion"": 4, ""competence-electronique-systemes"": 5, ""competence-multimedia-telecommunications"": 4, ""competence-statistiques-informatique"": 4}",sante,projet_personnel_tech,enseignement,bureau,parcours-esiia
cand-000623,matiere_synthetique_3;matiere_synthetique_19;matiere_synthetique_18,20.0,"{""competence-techniques-informatiques-gestion"": 2, ""competence-electronique-systemes"": 3, ""competence-multimedia-telecommunications"": 5, ""competence-statistiques-informatique"": 5}",finance,projet_personnel_tech,entrepreneuriat,hybride,parcours-teh
cand-001408,matiere_synthetique_12,20.0,"{""competence-techniques-informatiques-gestion"": 2, ""competence-electronique-systemes"": 3, ""competence-multimedia-telecommunications"": 4, ""competence-statistiques-informatique"": 5}",ecologie;robotique;sante,,entrepreneuriat,hybride,parcours-emii
cand-001011,matiere_synthetique_12;matiere_synthetique_19;matiere_synthetique_14,10.78,"{""competence-techniques-informatiques-gestion"": 1, ""competence-electronique-systemes"": 5, ""competence-multimedia-telecommunications"": 2, ""competence-statistiques-informatique"": 5}",agriculture;ecologie,projet_personnel_tech,recherche,teletravail,parcours-emii
cand-000838,matiere_synthetique_16,12.82,"{""competence-techniques-informatiques-gestion"": 5, ""competence-electronique-systemes"": 5, ""competence-multimedia-telecommunications"": 4, ""competence-statistiques-informatique"": 2}",management;agriculture,,salariat,terrain,parcours-emp
cand-000845,matiere_synthetique_2,12.91,"{""competence-techniques-informatiques-gestion"": 3, ""competence-electronique-systemes"": 4, ""competence-multimedia-telecommunications"": 1, ""competence-statistiques-informatique"": 4}",management,,salariat,bureau,parcours-tee
cand-001500,matiere_synthetique_9,17.1,"{""competence-techniques-informatiques-gestion"": 2, ""competence-electronique-systemes"": 5, ""competence-multimedia-telecommunications"": 1, ""competence-statistiques-informatique"": 1}",design;robotique;finance,,enseignement,terrain,parcours-emp
cand-001357,matiere_synthetique_6,8.69,"{""competence-techniques-informatiques-gestion"": 4, ""competence-electronique-systemes"": 1, ""competence-multimedia-telecommunications"": 4, ""competence-statistiques-informatique"": 2}",agriculture,projet_personnel_tech,enseignement,teletravail,parcours-teh
cand-001493,matiere_synthetique_1,14.51,"{""competence-techniques-informatiques-gestion"": 5, ""competence-electronique-systemes"": 5, ""competence-multimedia-telecommunications"": 5, ""competence-statistiques-informatique"": 3}",tourisme,projet_personnel_tech,salariat,hybride,parcours-teh
cand-000151,matiere_synthetique_19;matiere_synthetique_20;matiere_synthetique_1,18.28,"{""competence-techniques-informatiques-gestion"": 3, ""competence-electronique-systemes"": 5, ""competence-multimedia-telecommunications"": 4, ""competence-statistiques-informatique"": 5}",ecologie;finance;management,,fonction_publique,teletravail,parcours-imticia
cand-001713,matiere_synthetique_7;matiere_synthetique_11,15.04,"{""competence-techniques-informatiques-gestion"": 2, ""competence-electronique-systemes"": 3, ""competence-multimedia-telecommunications"": 5, ""competence-statistiques-informatique"": 3}",sante,projet_personnel_tech;projet_associatif,enseignement,teletravail,parcours-igglia
cand-000296,matiere_synthetique_6,12.67,"{""competence-techniques-informatiques-gestion"": 4, ""competence-electronique-systemes"": 2, ""competence-multimedia-telecommunications"": 3, ""competence-statistiques-informatique"": 3}",ecologie;tourisme,,enseignement,bureau,parcours-iaa
cand-000688,matiere_synthetique_15;matiere_synthetique_20,16.46,"{""competence-techniques-informatiques-gestion"": 1, ""competence-electronique-systemes"": 5, ""competence-multimedia-telecommunications"": 1, ""competence-statistiques-informatique"": 5}",sante;agriculture,,salariat,terrain,parcours-fic
cand-001885,matiere_synthetique_2;matiere_synthetique_11;matiere_synthetique_16,10.6,"{""competence-techniques-informatiques-gestion"": 5, ""competence-electronique-systemes"": 2, ""competence-multimedia-telecommunications"": 5, ""competence-statistiques-informatique"": 5}",ecologie,projet_associatif,entrepreneuriat,teletravail,parcours-emii
cand-001856,matiere_synthetique_12,15.11,"{""competence-techniques-informatiques-gestion"": 4, ""competence-electronique-systemes"": 3, ""competence-multimedia-telecommunications"": 0, ""competence-statistiques-informatique"": 3}",informatique,projet_personnel_tech,entrepreneuriat,hybride,parcours-igglia
cand-000941,matiere_synthetique_13;matiere_synthetique_12,18.02,"{""competence-techniques-informatiques-gestion"": 4, ""competence-electronique-systemes"": 1, ""competence-multimedia-telecommunications"": 3, ""competence-statistiques-informatique"": 2}",finance;design,projet_personnel_tech,fonction_publique,teletravail,parcours-pip
cand-000112,matiere_synthetique_3;matiere_synthetique_5;matiere_synthetique_1,12.28,"{""competence-techniques-informatiques-gestion"": 3, ""competence-electronique-systemes"": 2, ""competence-multimedia-telecommunications"": 5, ""competence-statistiques-informatique"": 4}",design;robotique;ecologie,projet_personnel_tech,fonction_publique,bureau,parcours-gca
cand-001517,matiere_synthetique_19,9.8,"{""competence-techniques-informatiques-gestion"": 1, ""competence-electronique-systemes"": 5, ""competence-multimedia-telecommunications"": 4, ""competence-statistiques-informatique"": 3}",robotique;finance;management,,recherche,hybride,parcours-esiia
cand-001796,matiere_synthetique_6;matiere_synthetique_8,10.69,"{""competence-techniques-informatiques-gestion"": 1, ""competence-electronique-systemes"": 1, ""competence-multimedia-telecommunications"": 3, ""competence-statistiques-informatique"": 5}",robotique;design;informatique,projet_personnel_tech,salariat,terrain,parcours-dtja
cand-000053,matiere_synthetique_3;matiere_synthetique_12;matiere_synthetique_15,12.58,"{""competence-techniques-informatiques-gestion"": 5, ""competence-electronique-systemes"": 3, ""competence-multimedia-telecommunications"": 5, ""competence-statistiques-informatique"": 2}",sante,projet_personnel_tech,fonction_publique,terrain,parcours-tee
cand-001602,matiere_synthetique_17;matiere_synthetique_4,9.67,"{""competence-techniques-informatiques-gestion"": 5, ""competence-electronique-systemes"": 1, ""competence-multimedia-telecommunications"": 3, ""competence-statistiques-informatique"": 2}",robotique,,fonction_publique,hybride,parcours-dtja
cand-001781,matiere_synthetique_3,15.27,"{""competence-techniques-informatiques-gestion"": 3, ""competence-electronique-systemes"": 5, ""competence-multimedia-telecommunications"": 2, ""competence-statistiques-informatique"": 3}",management;design;robotique,projet_personnel_tech,salariat,bureau,parcours-imticia
cand-001211,matiere_synthetique_3;matiere_synthetique_11,10.93,"{""competence-techniques-informatiques-gestion"": 5, ""competence-electronique-systemes"": 3, ""competence-multimedia-telecommunications"": 0, ""competence-statistiques-informatique"": 5}",sante,,entrepreneuriat,bureau,parcours-emp
cand-000122,matiere_synthetique_13,15.53,"{""competence-techniques-informatiques-gestion"": 1, ""competence-electronique-systemes"": 5, ""competence-multimedia-telecommunications"": 5, ""competence-statistiques-informatique"": 4}",sante,,fonction_publique,teletravail,parcours-emp
cand-000777,matiere_synthetique_16;matiere_synthetique_19,12.0,"{""competence-techniques-informatiques-gestion"": 5, ""competence-electronique-systemes"": 5, ""competence-multimedia-telecommunications"": 3, ""competence-statistiques-informatique"": 3}",agriculture;robotique;informatique,,recherche,teletravail,parcours-dtja
cand-001982,matiere_synthetique_5,11.58,"{""competence-techniques-informatiques-gestion"": 2, ""competence-electronique-systemes"": 1, ""competence-multimedia-telecommunications"": 4, ""competence-statistiques-informatique"": 1}",robotique,projet_personnel_tech;projet_associatif,salariat,teletravail,parcours-emii
cand-001071,matiere_synthetique_3;matiere_synthetique_12;matiere_synthetique_6,8.19,"{""competence-techniques-informatiques-gestion"": 3, ""competence-electronique-systemes"": 4, ""competence-multimedia-telecommunications"": 5, ""competence-statistiques-informatique"": 1}",design,,entrepreneuriat,teletravail,parcours-icmp
cand-000649,matiere_synthetique_9;matiere_synthetique_14,15.74,"{""competence-techniques-informatiques-gestion"": 4, ""competence-electronique-systemes"": 4, ""competence-multimedia-telecommunications"": 2, ""competence-statistiques-informatique"": 2}",finance;tourisme;design,,recherche,hybride,parcours-tee
cand-000586,matiere_synthetique_14;matiere_synthetique_15,9.97,"{""competence-techniques-informatiques-gestion"": 1, ""competence-electronique-systemes"": 5, ""competence-multimedia-telecommunications"": 5, ""competence-statistiques-informatique"": 1}",robotique;ecologie;management,,fonction_publique,teletravail,parcours-igglia
cand-001483,matiere_synthetique_6;matiere_synthetique_18,6.98,"{""competence-techniques-informatiques-gestion"": 5, ""competence-electronique-systemes"": 0, ""competence-multimedia-telecommunications"": 0, ""competence-statistiques-informatique"": 5}",informatique;design,,entrepreneuriat,teletravail,parcours-pip
cand-001544,matiere_synthetique_10,11.58,"{""competence-techniques-informatiques-gestion"": 3, ""competence-electronique-systemes"": 5, ""competence-multimedia-telecommunications"": 3, ""competence-statistiques-informatique"": 5}",informatique;management;tourisme,,recherche,bureau,parcours-iaa
cand-001949,matiere_synthetique_1;matiere_synthetique_14;matiere_synthetique_4,8.7,"{""competence-techniques-informatiques-gestion"": 5, ""competence-electronique-systemes"": 5, ""competence-multimedia-telecommunications"": 5, ""competence-statistiques-informatique"": 3}",finance;robotique,,fonction_publique,terrain,parcours-isaia
cand-000490,matiere_synthetique_10;matiere_synthetique_16,9.93,"{""competence-techniques-informatiques-gestion"": 1, ""competence-electronique-systemes"": 5, ""competence-multimedia-telecommunications"": 3, ""competence-statistiques-informatique"": 0}",design;robotique;finance,projet_personnel_tech,enseignement,bureau,parcours-caa
cand-000595,matiere_synthetique_17;matiere_synthetique_4;matiere_synthetique_20,12.1,"{""competence-techniques-informatiques-gestion"": 5, ""competence-electronique-systemes"": 2, ""competence-multimedia-telecommunications"": 4, ""competence-statistiques-informatique"": 4}",robotique,projet_personnel_tech,salariat,bureau,parcours-isaia
cand-000144,matiere_synthetique_18,13.15,"{""competence-techniques-informatiques-gestion"": 5, ""competence-electronique-systemes"": 1, ""competence-multimedia-telecommunications"": 5, ""competence-statistiques-informatique"": 5}",design;tourisme,,recherche,terrain,parcours-isaia
cand-001081,matiere_synthetique_4;matiere_synthetique_20,12.94,"{""competence-techniques-informatiques-gestion"": 4, ""competence-electronique-systemes"": 3, ""competence-multimedia-telecommunications"": 5, ""competence-statistiques-informatique"": 3}",finance;sante;agriculture,projet_associatif,entrepreneuriat,teletravail,parcours-caa
cand-001507,matiere_synthetique_16;matiere_synthetique_18,11.59,"{""competence-techniques-informatiques-gestion"": 5, ""competence-electronique-systemes"": 5, ""competence-multimedia-telecommunications"": 5, ""competence-statistiques-informatique"": 5}",sante,,salariat,terrain,parcours-pip
cand-001928,matiere_synthetique_4,13.27,"{""competence-techniques-informatiques-gestion"": 5, ""competence-electronique-systemes"": 5, ""competence-multimedia-telecommunications"": 4, ""competence-statistiques-informatique"": 5}",design,projet_personnel_tech,entrepreneuriat,hybride,parcours-dtja
cand-000121,matiere_synthetique_13;matiere_synthetique_7;matiere_synthetique_14,12.87,"{""competence-techniques-informatiques-gestion"": 2, ""competence-electronique-systemes"": 4, ""competence-multimedia-telecommunications"": 3, ""competence-statistiques-informatique"": 4}",ecologie;management;agriculture,projet_personnel_tech,salariat,bureau,parcours-caa
cand-001489,matiere_synthetique_14,17.0,"{""competence-techniques-informatiques-gestion"": 5, ""competence-electronique-systemes"": 3, ""competence-multimedia-telecommunications"": 5, ""competence-statistiques-informatique"": 1}",robotique;ecologie,,enseignement,teletravail,parcours-aee
cand-000255,matiere_synthetique_2;matiere_synthetique_12,8.49,"{""competence-techniques-informatiques-gestion"": 3, ""competence-electronique-systemes"": 1, ""competence-multimedia-telecommunications"": 2, ""competence-statistiques-informatique"": 1}",design,projet_associatif,fonction_publique,terrain,parcours-iaa
cand-001830,matiere_synthetique_16;matiere_synthetique_20,10.65,"{""competence-techniques-informatiques-gestion"": 5, ""competence-electronique-systemes"": 1, ""competence-multimedia-telecommunications"": 3, ""competence-statistiques-informatique"": 4}",sante;ecologie;robotique,,fonction_publique,bureau,parcours-iaa
cand-001322,matiere_synthetique_11;matiere_synthetique_6;matiere_synthetique_7,10.6,"{""competence-techniques-informatiques-gestion"": 2, ""competence-electronique-systemes"": 4, ""competence-multimedia-telecommunications"": 1, ""competence-statistiques-informatique"": 5}",design;informatique;finance,projet_personnel_tech,enseignement,teletravail,parcours-pip
cand-000377,matiere_synthetique_17,9.79,"{""competence-techniques-informatiques-gestion"": 2, ""competence-electronique-systemes"": 3, ""competence-multimedia-telecommunications"": 5, ""competence-statistiques-informatique"": 4}",tourisme;sante,,fonction_publique,hybride,parcours-esiia
cand-001809,matiere_synthetique_9;matiere_synthetique_8;matiere_synthetique_20,19.38,"{""competence-techniques-informatiques-gestion"": 5, ""competence-electronique-systemes"": 3, ""competence-multimedia-telecommunications"": 5, ""competence-statistiques-informatique"": 5}",tourisme;ecologie;design,,recherche,teletravail,parcours-esiia
cand-000781,matiere_synthetique_5;matiere_synthetique_11;matiere_synthetique_20,18.95,"{""competence-techniques-informatiques-gestion"": 3, ""competence-electronique-systemes"": 3, ""competence-multimedia-telecommunications"": 3, ""competence-statistiques-informatique"": 3}",sante;ecologie;finance,,recherche,bureau,parcours-dtja
cand-000710,matiere_synthetique_13;matiere_synthetique_17;matiere_synthetique_8,10.0,"{""competence-techniques-informatiques-gestion"": 3, ""competence-electronique-systemes"": 3, ""competence-multimedia-telecommunications"": 5, ""competence-statistiques-informatique"": 5}",agriculture;sante,,salariat,terrain,parcours-teh
cand-001818,matiere_synthetique_15;matiere_synthetique_12;matiere_synthetique_17,9.79,"{""competence-techniques-informatiques-gestion"": 0, ""competence-electronique-systemes"": 3, ""competence-multimedia-telecommunications"": 5, ""competence-statistiques-informatique"": 4}",design,,entrepreneuriat,terrain,parcours-fic
cand-001399,matiere_synthetique_10;matiere_synthetique_5,13.66,"{""competence-techniques-informatiques-gestion"": 3, ""competence-electronique-systemes"": 3, ""competence-multimedia-telecommunications"": 3, ""competence-statistiques-informatique"": 5}",management;tourisme,,recherche,hybride,parcours-tee
cand-001562,matiere_synthetique_12;matiere_synthetique_5;matiere_synthetique_4,12.29,"{""competence-techniques-informatiques-gestion"": 2, ""competence-electronique-systemes"": 5, ""competence-multimedia-telecommunications"": 5, ""competence-statistiques-informatique"": 5}",informatique;finance;sante,,recherche,terrain,parcours-isaia
cand-000783,matiere_synthetique_14,12.57,"{""competence-techniques-informatiques-gestion"": 1, ""competence-electronique-systemes"": 5, ""competence-multimedia-telecommunications"": 4, ""competence-statistiques-informatique"": 3}",finance,,entrepreneuriat,hybride,parcours-aee
cand-000972,matiere_synthetique_20;matiere_synthetique_19;matiere_synthetique_16,17.24,"{""competence-techniques-informatiques-gestion"": 1, ""competence-electronique-systemes"": 3, ""competence-multimedia-telecommunications"": 3, ""competence-statistiques-informatique"": 2}",tourisme;ecologie,projet_personnel_tech,entrepreneuriat,bureau,parcours-tee
cand-000514,matiere_synthetique_19;matiere_synthetique_1;matiere_synthetique_1,8.99,"{""competence-techniques-informatiques-gestion"": 5, ""competence-electronique-systemes"": 4, ""competence-multimedia-telecommunications"": 5, ""competence-statistiques-informatique"": 1}",sante;finance;tourisme,projet_personnel_tech,salariat,terrain,parcours-isaia
cand-001754,matiere_synthetique_9;matiere_synthetique_20,6.76,"{""competence-techniques-informatiques-gestion"": 3, ""competence-electronique-systemes"": 1, ""competence-multimedia-telecommunications"": 5, ""competence-statistiques-informatique"": 3}",robotique;finance,,entrepreneuriat,hybride,parcours-caa
cand-001472,matiere_synthetique_14;matiere_synthetique_10,19.26,"{""competence-techniques-informatiques-gestion"": 3, ""competence-electronique-systemes"": 5, ""competence-multimedia-telecommunications"": 5, ""competence-statistiques-informatique"": 1}",design,projet_personnel_tech,fonction_publique,terrain,parcours-emp
cand-001736,matiere_synthetique_12,16.7,"{""competence-techniques-informatiques-gestion"": 5, ""competence-electronique-systemes"": 5, ""competence-multimedia-telecommunications"": 1, ""competence-statistiques-informatique"": 5}",robotique,,salariat,hybride,parcours-dtja
cand-001382,matiere_synthetique_6;matiere_synthetique_10,15.51,"{""competence-techniques-informatiques-gestion"": 5, ""competence-electronique-systemes"": 5, ""competence-multimedia-telecommunications"": 2, ""competence-statistiques-informatique"": 3}",management;tourisme;ecologie,projet_personnel_tech;projet_associatif,entrepreneuriat,terrain,parcours-fic
cand-001524,matiere_synthetique_10,13.72,"{""competence-techniques-informatiques-gestion"": 5, ""competence-electronique-systemes"": 0, ""competence-multimedia-telecommunications"": 4, ""competence-statistiques-informatique"": 5}",tourisme,,fonction_publique,bureau,parcours-tee
cand-000908,matiere_synthetique_9,17.28,"{""competence-techniques-informatiques-gestion"": 5, ""competence-electronique-systemes"": 3, ""competence-multimedia-telecommunications"": 2, ""competence-statistiques-informatique"": 4}",robotique;ecologie,,salariat,bureau,parcours-igglia
cand-000048,matiere_synthetique_3,7.21,"{""competence-techniques-informatiques-gestion"": 4, ""competence-electronique-systemes"": 1, ""competence-multimedia-telecommunications"": 3, ""competence-statistiques-informatique"": 3}",sante;design,projet_personnel_tech;projet_associatif,entrepreneuriat,terrain,parcours-emp
cand-001459,matiere_synthetique_8;matiere_synthetique_11;matiere_synthetique_2,12.47,"{""competence-techniques-informatiques-gestion"": 4, ""competence-electronique-systemes"": 1, ""competence-multimedia-telecommunications"": 5, ""competence-statistiques-informatique"": 5}",agriculture,,recherche,teletravail,parcours-caa
cand-001171,matiere_synthetique_6,18.83,"{""competence-techniques-informatiques-gestion"": 5, ""competence-electronique-systemes"": 5, ""competence-multimedia-telecommunications"": 5, ""competence-statistiques-informatique"": 5}",finance,projet_personnel_tech,enseignement,bureau,parcours-emii
cand-001461,matiere_synthetique_4;matiere_synthetique_8;matiere_synthetique_8,9.39,"{""competence-techniques-informatiques-gestion"": 5, ""competence-electronique-systemes"": 1, ""competence-multimedia-telecommunications"": 5, ""competence-statistiques-informatique"": 2}",finance,,entrepreneuriat,terrain,parcours-fic
cand-001605,matiere_synthetique_12;matiere_synthetique_10,12.22,"{""competence-techniques-informatiques-gestion"": 2, ""competence-electronique-systemes"": 3, ""competence-multimedia-telecommunications"": 1, ""competence-statistiques-informatique"": 3}",robotique;tourisme;finance,,recherche,terrain,parcours-pip
cand-000748,matiere_synthetique_13;matiere_synthetique_17;matiere_synthetique_14,10.55,"{""competence-techniques-informatiques-gestion"": 1, ""competence-electronique-systemes"": 1, ""competence-multimedia-telecommunications"": 1, ""competence-statistiques-informatique"": 5}",informatique;management,,entrepreneuriat,bureau,parcours-emii
cand-001225,matiere_synthetique_3;matiere_synthetique_18,18.25,"{""competence-techniques-informatiques-gestion"": 3, ""competence-electronique-systemes"": 1, ""competence-multimedia-telecommunications"": 0, ""competence-statistiques-informatique"": 5}",finance,,recherche,bureau,parcours-caa
cand-001199,matiere_synthetique_20,14.45,"{""competence-techniques-informatiques-gestion"": 2, ""competence-electronique-systemes"": 3, ""competence-multimedia-telecommunications"": 2, ""competence-statistiques-informatique"": 4}",robotique;agriculture,,entrepreneuriat,terrain,parcours-tee
cand-000789,matiere_synthetique_7;matiere_synthetique_4;matiere_synthetique_18,9.14,"{""competence-techniques-informatiques-gestion"": 1, ""competence-electronique-systemes"": 5, ""competence-multimedia-telecommunications"": 5, ""competence-statistiques-informatique"": 1}",agriculture;tourisme,,entrepreneuriat,bureau,parcours-imticia
cand-000873,matiere_synthetique_1;matiere_synthetique_1,10.75,"{""competence-techniques-informatiques-gestion"": 4, ""competence-electronique-systemes"": 5, ""competence-multimedia-telecommunications"": 5, ""competence-statistiques-informatique"": 5}",sante;ecologie,,enseignement,bureau,parcours-caa
cand-000950,matiere_synthetique_2;matiere_synthetique_13,11.07,"{""competence-techniques-informatiques-gestion"": 5, ""competence-electronique-systemes"": 5, ""competence-multimedia-telecommunications"": 5, ""competence-statistiques-informatique"": 5}",sante;agriculture,,enseignement,teletravail,parcours-tee
cand-000614,matiere_synthetique_3,16.94,"{""competence-techniques-informatiques-gestion"": 5, ""competence-electronique-systemes"": 2, ""competence-multimedia-telecommunications"": 1, ""competence-statistiques-informatique"": 4}",ecologie;finance,projet_personnel_tech,entrepreneuriat,teletravail,parcours-esiia
cand-001947,matiere_synthetique_1,7.83,"{""competence-techniques-informatiques-gestion"": 1, ""competence-electronique-systemes"": 3, ""competence-multimedia-telecommunications"": 1, ""competence-statistiques-informatique"": 3}",agriculture;sante,projet_associatif,salariat,terrain,parcours-icmp
cand-001299,matiere_synthetique_3;matiere_synthetique_3;matiere_synthetique_10,17.97,"{""competence-techniques-informatiques-gestion"": 1, ""competence-electronique-systemes"": 5, ""competence-multimedia-telecommunications"": 4, ""competence-statistiques-informatique"": 2}",ecologie,,entrepreneuriat,teletravail,parcours-isaia
cand-000203,matiere_synthetique_1,15.58,"{""competence-techniques-informatiques-gestion"": 1, ""competence-electronique-systemes"": 2, ""competence-multimedia-telecommunications"": 4, ""competence-statistiques-informatique"": 5}",sante;management;ecologie,projet_associatif,enseignement,bureau,parcours-esiia
cand-001854,matiere_synthetique_17;matiere_synthetique_4;matiere_synthetique_8,14.2,"{""competence-techniques-informatiques-gestion"": 5, ""competence-electronique-systemes"": 5, ""competence-multimedia-telecommunications"": 1, ""competence-statistiques-informatique"": 3}",ecologie,,enseignement,bureau,parcours-iaa
cand-000010,matiere_synthetique_8,8.7,"{""competence-techniques-informatiques-gestion"": 5, ""competence-electronique-systemes"": 5, ""competence-multimedia-telecommunications"": 4, ""competence-statistiques-informatique"": 3}",management,,fonction_publique,teletravail,parcours-icmp
cand-001291,matiere_synthetique_1;matiere_synthetique_4;matiere_synthetique_13,14.6,"{""competence-techniques-informatiques-gestion"": 5, ""competence-electronique-systemes"": 2, ""competence-multimedia-telecommunications"": 3, ""competence-statistiques-informatique"": 1}",robotique;agriculture;tourisme,projet_personnel_tech;projet_associatif,recherche,terrain,parcours-icmp
cand-001682,matiere_synthetique_16,10.35,"{""competence-techniques-informatiques-gestion"": 4, ""competence-electronique-systemes"": 3, ""competence-multimedia-telecommunications"": 5, ""competence-statistiques-informatique"": 5}",design;informatique;sante,projet_personnel_tech,entrepreneuriat,teletravail,parcours-imticia
cand-000913,matiere_synthetique_15,13.23,"{""competence-techniques-informatiques-gestion"": 5, ""competence-electronique-systemes"": 4, ""competence-multimedia-telecommunications"": 5, ""competence-statistiques-informatique"": 1}",sante,projet_personnel_tech,salariat,teletravail,parcours-gca
cand-001556,matiere_synthetique_19;matiere_synthetique_11,9.59,"{""competence-techniques-informatiques-gestion"": 3, ""competence-electronique-systemes"": 3, ""competence-multimedia-telecommunications"": 2, ""competence-statistiques-informatique"": 5}",informatique;robotique,,entrepreneuriat,bureau,parcours-fic
cand-001290,matiere_synthetique_4;matiere_synthetique_10,10.54,"{""competence-techniques-informatiques-gestion"": 2, ""competence-electronique-systemes"": 4, ""competence-multimedia-telecommunications"": 3, ""competence-statistiques-informatique"": 1}",management;design;agriculture,projet_personnel_tech,enseignement,teletravail,parcours-icmp
cand-000807,matiere_synthetique_12;matiere_synthetique_14;matiere_synthetique_8,13.42,"{""competence-techniques-informatiques-gestion"": 0, ""competence-electronique-systemes"": 5, ""competence-multimedia-telecommunications"": 1, ""competence-statistiques-informatique"": 3}",informatique,,enseignement,teletravail,parcours-emp
cand-000909,matiere_synthetique_14,9.69,"{""competence-techniques-informatiques-gestion"": 4, ""competence-electronique-systemes"": 5, ""competence-multimedia-telecommunications"": 3, ""competence-statistiques-informatique"": 4}",agriculture;ecologie,,recherche,terrain,parcours-iaa
cand-001632,matiere_synthetique_1;matiere_synthetique_15;matiere_synthetique_12,15.45,"{""competence-techniques-informatiques-gestion"": 3, ""competence-electronique-systemes"": 2, ""competence-multimedia-telecommunications"": 3, ""competence-statistiques-informatique"": 3}",agriculture,,salariat,bureau,parcours-esiia
cand-001513,matiere_synthetique_16;matiere_synthetique_18,18.27,"{""competence-techniques-informatiques-gestion"": 2, ""competence-electronique-systemes"": 5, ""competence-multimedia-telecommunications"": 3, ""competence-statistiques-informatique"": 5}",management;design,,recherche,terrain,parcours-imticia
cand-001395,matiere_synthetique_16;matiere_synthetique_20;matiere_synthetique_14,9.22,"{""competence-techniques-informatiques-gestion"": 5, ""competence-electronique-systemes"": 1, ""competence-multimedia-telecommunications"": 5, ""competence-statistiques-informatique"": 5}",ecologie,projet_personnel_tech;projet_associatif,fonction_publique,terrain,parcours-fic
cand-001718,matiere_synthetique_2,11.52,"{""competence-techniques-informatiques-gestion"": 5, ""competence-electronique-systemes"": 3, ""competence-multimedia-telecommunications"": 5, ""competence-statistiques-informatique"": 4}",agriculture;ecologie,,salariat,hybride,parcours-dtja
cand-001737,matiere_synthetique_3;matiere_synthetique_13,11.49,"{""competence-techniques-informatiques-gestion"": 1, ""competence-electronique-systemes"": 1, ""competence-multimedia-telecommunications"": 5, ""competence-statistiques-informatique"": 1}",robotique,,entrepreneuriat,teletravail,parcours-imticia
cand-001934,matiere_synthetique_18,17.95,"{""competence-techniques-informatiques-gestion"": 2, ""competence-electronique-systemes"": 4, ""competence-multimedia-telecommunications"": 4, ""competence-statistiques-informatique"": 3}",finance,projet_personnel_tech,entrepreneuriat,terrain,parcours-caa
cand-001686,matiere_synthetique_19;matiere_synthetique_4,12.06,"{""competence-techniques-informatiques-gestion"": 1, ""competence-electronique-systemes"": 3, ""competence-multimedia-telecommunications"": 1, ""competence-statistiques-informatique"": 4}",management,,enseignement,bureau,parcours-pip
cand-000152,matiere_synthetique_13;matiere_synthetique_18,15.08,"{""competence-techniques-informatiques-gestion"": 3, ""competence-electronique-systemes"": 5, ""competence-multimedia-telecommunications"": 1, ""competence-statistiques-informatique"": 1}",sante;agriculture,,salariat,teletravail,parcours-caa
cand-000853,matiere_synthetique_1;matiere_synthetique_17,11.95,"{""competence-techniques-informatiques-gestion"": 1, ""competence-electronique-systemes"": 5, ""competence-multimedia-telecommunications"": 1, ""competence-statistiques-informatique"": 5}",tourisme;design;robotique,,fonction_publique,bureau,parcours-imticia
cand-000557,matiere_synthetique_19;matiere_synthetique_19;matiere_synthetique_6,11.77,"{""competence-techniques-informatiques-gestion"": 3, ""competence-electronique-systemes"": 1, ""competence-multimedia-telecommunications"": 5, ""competence-statistiques-informatique"": 5}",informatique,,salariat,hybride,parcours-esiia
cand-000616,matiere_synthetique_9,10.75,"{""competence-techniques-informatiques-gestion"": 2, ""competence-electronique-systemes"": 2, ""competence-multimedia-telecommunications"": 5, ""competence-statistiques-informatique"": 5}",management;informatique,,recherche,teletravail,parcours-esiia
cand-001475,matiere_synthetique_9,10.19,"{""competence-techniques-informatiques-gestion"": 5, ""competence-electronique-systemes"": 3, ""competence-multimedia-telecommunications"": 1, ""competence-statistiques-informatique"": 0}",management,projet_personnel_tech,entrepreneuriat,terrain,parcours-tee
cand-000219,matiere_synthetique_2;matiere_synthetique_11,12.24,"{""competence-techniques-informatiques-gestion"": 5, ""competence-electronique-systemes"": 4, ""competence-multimedia-telecommunications"": 1, ""competence-statistiques-informatique"": 5}",informatique,projet_personnel_tech,enseignement,teletravail,parcours-gca
cand-000984,matiere_synthetique_9;matiere_synthetique_15;matiere_synthetique_1,14.7,"{""competence-techniques-informatiques-gestion"": 1, ""competence-electronique-systemes"": 5, ""competence-multimedia-telecommunications"": 1, ""competence-statistiques-informatique"": 1}",ecologie,,salariat,teletravail,parcours-emii
cand-000844,matiere_synthetique_12;matiere_synthetique_12,13.08,"{""competence-techniques-informatiques-gestion"": 4, ""competence-electronique-systemes"": 3, ""competence-multimedia-telecommunications"": 4, ""competence-statistiques-informatique"": 3}",sante,,salariat,bureau,parcours-iaa
cand-000579,matiere_synthetique_7,13.73,"{""competence-techniques-informatiques-gestion"": 1, ""competence-electronique-systemes"": 5, ""competence-multimedia-telecommunications"": 1, ""competence-statistiques-informatique"": 4}",ecologie,projet_personnel_tech,recherche,teletravail,parcours-emp
cand-000464,matiere_synthetique_4;matiere_synthetique_11;matiere_synthetique_13,11.63,"{""competence-techniques-informatiques-gestion"": 3, ""competence-electronique-systemes"": 5, ""competence-multimedia-telecommunications"": 5, ""competence-statistiques-informatique"": 3}",ecologie;robotique,,salariat,teletravail,parcours-emii
cand-000380,matiere_synthetique_3;matiere_synthetique_6,8.88,"{""competence-techniques-informatiques-gestion"": 2, ""competence-electronique-systemes"": 5, ""competence-multimedia-telecommunications"": 1, ""competence-statistiques-informatique"": 4}",design,,recherche,terrain,parcours-fic
cand-001990,matiere_synthetique_8;matiere_synthetique_15;matiere_synthetique_1,14.32,"{""competence-techniques-informatiques-gestion"": 4, ""competence-electronique-systemes"": 2, ""competence-multimedia-telecommunications"": 1, ""competence-statistiques-informatique"": 2}",agriculture,,salariat,terrain,parcours-icmp
cand-001432,matiere_synthetique_15,19.26,"{""competence-techniques-informatiques-gestion"": 4, ""competence-electronique-systemes"": 5, ""competence-multimedia-telecommunications"": 4, ""competence-statistiques-informatique"": 0}",agriculture;informatique,,salariat,hybride,parcours-emp
cand-000266,matiere_synthetique_12;matiere_synthetique_11,8.94,"{""competence-techniques-informatiques-gestion"": 3, ""competence-electronique-systemes"": 2, ""competence-multimedia-telecommunications"": 4, ""competence-statistiques-informatique"": 4}",robotique;sante;finance,projet_personnel_tech,fonction_publique,terrain,parcours-isaia
cand-000894,matiere_synthetique_4,14.01,"{""competence-techniques-informatiques-gestion"": 4, ""competence-electronique-systemes"": 1, ""competence-multimedia-telecommunications"": 5, ""competence-statistiques-informatique"": 2}",tourisme;robotique,,fonction_publique,terrain,parcours-tee
cand-001869,matiere_synthetique_6;matiere_synthetique_20;matiere_synthetique_4,18.82,"{""competence-techniques-informatiques-gestion"": 5, ""competence-electronique-systemes"": 1, ""competence-multimedia-telecommunications"": 5, ""competence-statistiques-informatique"": 4}",informatique;robotique,,salariat,hybride,parcours-caa
cand-001611,matiere_synthetique_16,14.73,"{""competence-techniques-informatiques-gestion"": 5, ""competence-electronique-systemes"": 2, ""competence-multimedia-telecommunications"": 5, ""competence-statistiques-informatique"": 3}",agriculture,projet_personnel_tech;projet_associatif,salariat,bureau,parcours-gca
cand-001450,matiere_synthetique_4;matiere_synthetique_13;matiere_synthetique_12,10.65,"{""competence-techniques-informatiques-gestion"": 2, ""competence-electronique-systemes"": 4, ""competence-multimedia-telecommunications"": 3, ""competence-statistiques-informatique"": 1}",robotique;tourisme,,entrepreneuriat,terrain,parcours-esiia
cand-001945,matiere_synthetique_13;matiere_synthetique_8,16.99,"{""competence-techniques-informatiques-gestion"": 1, ""competence-electronique-systemes"": 1, ""competence-multimedia-telecommunications"": 5, ""competence-statistiques-informatique"": 5}",sante;informatique,,recherche,bureau,parcours-iaa
cand-001627,matiere_synthetique_13;matiere_synthetique_1,9.42,"{""competence-techniques-informatiques-gestion"": 1, ""competence-electronique-systemes"": 4, ""competence-multimedia-telecommunications"": 5, ""competence-statistiques-informatique"": 2}",sante;tourisme,projet_personnel_tech,entrepreneuriat,bureau,parcours-gca
cand-000197,matiere_synthetique_2;matiere_synthetique_19;matiere_synthetique_6,9.81,"{""competence-techniques-informatiques-gestion"": 3, ""competence-electronique-systemes"": 5, ""competence-multimedia-telecommunications"": 3, ""competence-statistiques-informatique"": 5}",ecologie;tourisme,projet_personnel_tech;projet_associatif,salariat,hybride,parcours-aee
cand-000322,matiere_synthetique_3,14.76,"{""competence-techniques-informatiques-gestion"": 1, ""competence-electronique-systemes"": 4, ""competence-multimedia-telecommunications"": 3, ""competence-statistiques-informatique"": 5}",finance;sante;management,projet_personnel_tech,salariat,bureau,parcours-gca
cand-001859,matiere_synthetique_15;matiere_synthetique_19;matiere_synthetique_9,14.41,"{""competence-techniques-informatiques-gestion"": 2, ""competence-electronique-systemes"": 3, ""competence-multimedia-telecommunications"": 1, ""competence-statistiques-informatique"": 5}",robotique;management;design,,salariat,teletravail,parcours-emp
cand-001387,matiere_synthetique_16;matiere_synthetique_16,16.69,"{""competence-techniques-informatiques-gestion"": 4, ""competence-electronique-systemes"": 5, ""competence-multimedia-telecommunications"": 5, ""competence-statistiques-informatique"": 4}",design;tourisme;robotique,projet_associatif,fonction_publique,bureau,parcours-imticia
cand-001231,matiere_synthetique_5,14.34,"{""competence-techniques-informatiques-gestion"": 5, ""competence-electronique-systemes"": 5, ""competence-multimedia-telecommunications"": 5, ""competence-statistiques-informatique"": 4}",agriculture,,salariat,hybride,parcours-icmp
cand-000017,matiere_synthetique_9;matiere_synthetique_11;matiere_synthetique_8,18.39,"{""competence-techniques-informatiques-gestion"": 4, ""competence-electronique-systemes"": 4, ""competence-multimedia-telecommunications"": 4, ""competence-statistiques-informatique"": 4}",ecologie;finance,projet_personnel_tech,recherche,teletravail,parcours-emii
cand-001281,matiere_synthetique_19,18.56,"{""competence-techniques-informatiques-gestion"": 5, ""competence-electronique-systemes"": 1, ""competence-multimedia-telecommunications"": 4, ""competence-statistiques-informatique"": 3}",ecologie,,enseignement,teletravail,parcours-aee
cand-000534,matiere_synthetique_13;matiere_synthetique_19;matiere_synthetique_7,12.23,"{""competence-techniques-informatiques-gestion"": 5, ""competence-electronique-systemes"": 1, ""competence-multimedia-telecommunications"": 5, ""competence-statistiques-informatique"": 0}",design,,entrepreneuriat,hybride,parcours-emp
cand-000657,matiere_synthetique_5;matiere_synthetique_20;matiere_synthetique_11,15.45,"{""competence-techniques-informatiques-gestion"": 4, ""competence-electronique-systemes"": 3, ""competence-multimedia-telecommunications"": 4, ""competence-statistiques-informatique"": 2}",design,projet_personnel_tech,fonction_publique,hybride,parcours-icmp
cand-000205,matiere_synthetique_12;matiere_synthetique_16;matiere_synthetique_6,14.22,"{""competence-techniques-informatiques-gestion"": 1, ""competence-electronique-systemes"": 2, ""competence-multimedia-telecommunications"": 2, ""competence-statistiques-informatique"": 1}",finance;tourisme,projet_personnel_tech,entrepreneuriat,teletravail,parcours-emii
cand-001037,matiere_synthetique_8;matiere_synthetique_11;matiere_synthetique_6,14.84,"{""competence-techniques-informatiques-gestion"": 3, ""competence-electronique-systemes"": 4, ""competence-multimedia-telecommunications"": 5, ""competence-statistiques-informatique"": 0}",robotique,projet_associatif,salariat,terrain,parcours-iaa
cand-001924,matiere_synthetique_20;matiere_synthetique_1,15.56,"{""competence-techniques-informatiques-gestion"": 5, ""competence-electronique-systemes"": 0, ""competence-multimedia-telecommunications"": 1, ""competence-statistiques-informatique"": 1}",ecologie,,enseignement,terrain,parcours-dtja
cand-000670,matiere_synthetique_11;matiere_synthetique_1;matiere_synthetique_6,15.15,"{""competence-techniques-informatiques-gestion"": 5, ""competence-electronique-systemes"": 3, ""competence-multimedia-telecommunications"": 5, ""competence-statistiques-informatique"": 5}",robotique;design,,fonction_publique,terrain,parcours-isaia
cand-000818,matiere_synthetique_16;matiere_synthetique_20,12.96,"{""competence-techniques-informatiques-gestion"": 0, ""competence-electronique-systemes"": 4, ""competence-multimedia-telecommunications"": 4, ""competence-statistiques-informatique"": 0}",sante,,enseignement,teletravail,parcours-dtja
cand-000001,matiere_synthetique_3;matiere_synthetique_18,11.47,"{""competence-techniques-informatiques-gestion"": 3, ""competence-electronique-systemes"": 1, ""competence-multimedia-telecommunications"": 0, ""competence-statistiques-informatique"": 3}",sante,,enseignement,teletravail,parcours-iaa
cand-000884,matiere_synthetique_6,10.27,"{""competence-techniques-informatiques-gestion"": 4, ""competence-electronique-systemes"": 1, ""competence-multimedia-telecommunications"": 4, ""competence-statistiques-informatique"": 2}",sante;agriculture;robotique,projet_personnel_tech,fonction_publique,terrain,parcours-fic
cand-000463,matiere_synthetique_13;matiere_synthetique_20,11.73,"{""competence-techniques-informatiques-gestion"": 1, ""competence-electronique-systemes"": 0, ""competence-multimedia-telecommunications"": 3, ""competence-statistiques-informatique"": 5}",agriculture,,salariat,hybride,parcours-caa
cand-000736,matiere_synthetique_8;matiere_synthetique_16;matiere_synthetique_20,17.54,"{""competence-techniques-informatiques-gestion"": 1, ""competence-electronique-systemes"": 5, ""competence-multimedia-telecommunications"": 2, ""competence-statistiques-informatique"": 5}",management,,entrepreneuriat,hybride,parcours-isaia
cand-000014,matiere_synthetique_2;matiere_synthetique_7,14.35,"{""competence-techniques-informatiques-gestion"": 5, ""competence-electronique-systemes"": 0, ""competence-multimedia-telecommunications"": 5, ""competence-statistiques-informatique"": 4}",agriculture,projet_personnel_tech,enseignement,terrain,parcours-fic
cand-000590,matiere_synthetique_5,13.8,"{""competence-techniques-informatiques-gestion"": 5, ""competence-electronique-systemes"": 5, ""competence-multimedia-telecommunications"": 4, ""competence-statistiques-informatique"": 3}",tourisme;finance;sante,,fonction_publique,bureau,parcours-isaia
cand-000708,matiere_synthetique_12;matiere_synthetique_10;matiere_synthetique_14,9.26,"{""competence-techniques-informatiques-gestion"": 2, ""competence-electronique-systemes"": 5, ""competence-multimedia-telecommunications"": 0, ""competence-statistiques-informatique"": 5}",ecologie;informatique,,salariat,terrain,parcours-emii
cand-000513,matiere_synthetique_7;matiere_synthetique_10;matiere_synthetique_1,12.58,"{""competence-techniques-informatiques-gestion"": 5, ""competence-electronique-systemes"": 3, ""competence-multimedia-telecommunications"": 1, ""competence-statistiques-informatique"": 5}",informatique;tourisme,projet_personnel_tech,fonction_publique,bureau,parcours-esiia
cand-000373,matiere_synthetique_8;matiere_synthetique_3;matiere_synthetique_4,8.47,"{""competence-techniques-informatiques-gestion"": 5, ""competence-electronique-systemes"": 2, ""competence-multimedia-telecommunications"": 2, ""competence-statistiques-informatique"": 5}",design;tourisme,,fonction_publique,teletravail,parcours-emp
cand-000397,matiere_synthetique_6;matiere_synthetique_2;matiere_synthetique_11,13.82,"{""competence-techniques-informatiques-gestion"": 5, ""competence-electronique-systemes"": 3, ""competence-multimedia-telecommunications"": 2, ""competence-statistiques-informatique"": 5}",ecologie;sante;design,projet_associatif,enseignement,bureau,parcours-igglia
cand-000857,matiere_synthetique_7;matiere_synthetique_14;matiere_synthetique_1,15.62,"{""competence-techniques-informatiques-gestion"": 5, ""competence-electronique-systemes"": 4, ""competence-multimedia-telecommunications"": 1, ""competence-statistiques-informatique"": 5}",sante;tourisme;robotique,,entrepreneuriat,bureau,parcours-imticia
cand-000740,matiere_synthetique_20,14.47,"{""competence-techniques-informatiques-gestion"": 3, ""competence-electronique-systemes"": 5, ""competence-multimedia-telecommunications"": 2, ""competence-statistiques-informatique"": 3}",management;finance,projet_associatif,fonction_publique,terrain,parcours-aee
cand-000628,matiere_synthetique_19;matiere_synthetique_15,13.0,"{""competence-techniques-informatiques-gestion"": 4, ""competence-electronique-systemes"": 4, ""competence-multimedia-telecommunications"": 0, ""competence-statistiques-informatique"": 5}",sante;design,,recherche,bureau,parcours-tee
cand-001131,matiere_synthetique_14,20.0,"{""competence-techniques-informatiques-gestion"": 2, ""competence-electronique-systemes"": 4, ""competence-multimedia-telecommunications"": 1, ""competence-statistiques-informatique"": 1}",agriculture,,fonction_publique,hybride,parcours-gca
cand-001606,matiere_synthetique_8;matiere_synthetique_18;matiere_synthetique_2,11.42,"{""competence-techniques-informatiques-gestion"": 3, ""competence-electronique-systemes"": 1, ""competence-multimedia-telecommunications"": 2, ""competence-statistiques-informatique"": 2}",management;informatique,,recherche,hybride,parcours-icmp
cand-000852,matiere_synthetique_15;matiere_synthetique_10;matiere_synthetique_9,16.74,"{""competence-techniques-informatiques-gestion"": 3, ""competence-electronique-systemes"": 2, ""competence-multimedia-telecommunications"": 1, ""competence-statistiques-informatique"": 1}",sante;finance,projet_personnel_tech,recherche,bureau,parcours-esiia
cand-001824,matiere_synthetique_11,8.1,"{""competence-techniques-informatiques-gestion"": 4, ""competence-electronique-systemes"": 3, ""competence-multimedia-telecommunications"": 5, ""competence-statistiques-informatique"": 5}",ecologie;tourisme,,entrepreneuriat,bureau,parcours-gca
cand-001614,matiere_synthetique_1;matiere_synthetique_3,8.19,"{""competence-techniques-informatiques-gestion"": 1, ""competence-electronique-systemes"": 3, ""competence-multimedia-telecommunications"": 2, ""competence-statistiques-informatique"": 5}",agriculture;sante,projet_associatif,fonction_publique,hybride,parcours-gca
cand-001064,matiere_synthetique_14;matiere_synthetique_6,19.65,"{""competence-techniques-informatiques-gestion"": 0, ""competence-electronique-systemes"": 3, ""competence-multimedia-telecommunications"": 3, ""competence-statistiques-informatique"": 4}",ecologie;design;tourisme,projet_personnel_tech,salariat,bureau,parcours-pip
cand-000386,matiere_synthetique_10,17.03,"{""competence-techniques-informatiques-gestion"": 4, ""competence-electronique-systemes"": 2, ""competence-multimedia-telecommunications"": 1, ""competence-statistiques-informatique"": 1}",agriculture,,salariat,terrain,parcours-emii
cand-000988,matiere_synthetique_13;matiere_synthetique_11;matiere_synthetique_7,19.69,"{""competence-techniques-informatiques-gestion"": 1, ""competence-electronique-systemes"": 5, ""competence-multimedia-telecommunications"": 1, ""competence-statistiques-informatique"": 2}",robotique,projet_associatif,fonction_publique,teletravail,parcours-teh
cand-000298,matiere_synthetique_10;matiere_synthetique_8;matiere_synthetique_7,13.74,"{""competence-techniques-informatiques-gestion"": 5, ""competence-electronique-systemes"": 1, ""competence-multimedia-telecommunications"": 1, ""competence-statistiques-informatique"": 2}",agriculture,,entrepreneuriat,teletravail,parcours-imticia
cand-000964,matiere_synthetique_5,9.12,"{""competence-techniques-informatiques-gestion"": 2, ""competence-electronique-systemes"": 5, ""competence-multimedia-telecommunications"": 1, ""competence-statistiques-informatique"": 2}",ecologie,,recherche,terrain,parcours-teh
cand-000654,matiere_synthetique_15,8.23,"{""competence-techniques-informatiques-gestion"": 5, ""competence-electronique-systemes"": 3, ""competence-multimedia-telecommunications"": 2, ""competence-statistiques-informatique"": 4}",ecologie,projet_personnel_tech,entrepreneuriat,terrain,parcours-imticia
cand-001999,matiere_synthetique_11,16.77,"{""competence-techniques-informatiques-gestion"": 5, ""competence-electronique-systemes"": 5, ""competence-multimedia-telecommunications"": 3, ""competence-statistiques-informatique"": 2}",ecologie;finance;design,,salariat,bureau,parcours-imticia
cand-000110,matiere_synthetique_2,9.32,"{""competence-techniques-informatiques-gestion"": 5, ""competence-electronique-systemes"": 3, ""competence-multimedia-telecommunications"": 3, ""competence-statistiques-informatique"": 3}",sante;ecologie;tourisme,projet_personnel_tech,enseignement,hybride,parcours-emp
cand-001066,matiere_synthetique_19;matiere_synthetique_14;matiere_synthetique_5,10.4,"{""competence-techniques-informatiques-gestion"": 4, ""competence-electronique-systemes"": 4, ""competence-multimedia-telecommunications"": 5, ""competence-statistiques-informatique"": 3}",sante;tourisme;robotique,,fonction_publique,terrain,parcours-tee
cand-001270,matiere_synthetique_19,15.19,"{""competence-techniques-informatiques-gestion"": 4, ""competence-electronique-systemes"": 4, ""competence-multimedia-telecommunications"": 2, ""competence-statistiques-informatique"": 5}",informatique;tourisme;ecologie,,salariat,bureau,parcours-caa
cand-000024,matiere_synthetique_13;matiere_synthetique_15;matiere_synthetique_11,17.8,"{""competence-techniques-informatiques-gestion"": 4, ""competence-electronique-systemes"": 0, ""competence-multimedia-telecommunications"": 5, ""competence-statistiques-informatique"": 5}",design;ecologie,projet_associatif,fonction_publique,teletravail,parcours-dtja
cand-000459,matiere_synthetique_11;matiere_synthetique_14;matiere_synthetique_1,12.69,"{""competence-techniques-informatiques-gestion"": 4, ""competence-electronique-systemes"": 5, ""competence-multimedia-telecommunications"": 0, ""competence-statistiques-informatique"": 5}",robotique;design;sante,,enseignement,hybride,parcours-imticia
cand-000971,matiere_synthetique_19;matiere_synthetique_9,13.13,"{""competence-techniques-informatiques-gestion"": 0, ""competence-electronique-systemes"": 1, ""competence-multimedia-telecommunications"": 1, ""competence-statistiques-informatique"": 4}",robotique;agriculture,,entrepreneuriat,terrain,parcours-pip
cand-001217,matiere_synthetique_8;matiere_synthetique_5;matiere_synthetique_9,11.46,"{""competence-techniques-informatiques-gestion"": 1, ""competence-electronique-systemes"": 5, ""competence-multimedia-telecommunications"": 4, ""competence-statistiques-informatique"": 5}",agriculture;design,projet_personnel_tech;projet_associatif,salariat,terrain,parcours-caa
cand-000664,matiere_synthetique_14;matiere_synthetique_17,9.47,"{""competence-techniques-informatiques-gestion"": 5, ""competence-electronique-systemes"": 0, ""competence-multimedia-telecommunications"": 5, ""competence-statistiques-informatique"": 4}",design;tourisme;robotique,projet_personnel_tech,salariat,teletravail,parcours-emp
cand-001468,matiere_synthetique_16,13.43,"{""competence-techniques-informatiques-gestion"": 5, ""competence-electronique-systemes"": 3, ""competence-multimedia-telecommunications"": 4, ""competence-statistiques-informatique"": 1}",informatique;finance;robotique,,entrepreneuriat,teletravail,parcours-aee
cand-001616,matiere_synthetique_9;matiere_synthetique_10,15.79,"{""competence-techniques-informatiques-gestion"": 5, ""competence-electronique-systemes"": 2, ""competence-multimedia-telecommunications"": 2, ""competence-statistiques-informatique"": 4}",informatique;finance;robotique,,fonction_publique,hybride,parcours-emii
cand-001705,matiere_synthetique_13;matiere_synthetique_9,16.24,"{""competence-techniques-informatiques-gestion"": 2, ""competence-electronique-systemes"": 5, ""competence-multimedia-telecommunications"": 3, ""competence-statistiques-informatique"": 5}",management;tourisme,projet_personnel_tech,entrepreneuriat,hybride,parcours-pip
cand-000229,matiere_synthetique_6,8.13,"{""competence-techniques-informatiques-gestion"": 1, ""competence-electronique-systemes"": 5, ""competence-multimedia-telecommunications"": 1, ""competence-statistiques-informatique"": 1}",tourisme;sante,projet_personnel_tech,entrepreneuriat,hybride,parcours-dtja
cand-000126,matiere_synthetique_11;matiere_synthetique_1,8.6,"{""competence-techniques-informatiques-gestion"": 3, ""competence-electronique-systemes"": 3, ""competence-multimedia-telecommunications"": 4, ""competence-statistiques-informatique"": 5}",agriculture;ecologie,,recherche,teletravail,parcours-aee
cand-000316,matiere_synthetique_5;matiere_synthetique_20,13.69,"{""competence-techniques-informatiques-gestion"": 3, ""competence-electronique-systemes"": 5, ""competence-multimedia-telecommunications"": 5, ""competence-statistiques-informatique"": 1}",sante;agriculture;tourisme,projet_personnel_tech,fonction_publique,hybride,parcours-dtja
