id_candidat,matieres_preferees,moyenne_scolaire,competences,centres_interet,projets,preferences_professionnelles,environnement_travail,parcours_cible
cand-000022,matiere_synthetique_14;matiere_synthetique_1;matiere_synthetique_17,14.93,"{""competence-techniques-informatiques-gestion"": 5, ""competence-electronique-systemes"": 3, ""competence-multimedia-telecommunications"": 3, ""competence-statistiques-informatique"": 1}",tourisme;robotique;agriculture,,recherche,terrain,parcours-igglia
cand-000392,matiere_synthetique_7;matiere_synthetique_1;matiere_synthetique_7,13.49,"{""competence-techniques-informatiques-gestion"": 5, ""competence-electronique-systemes"": 5, ""competence-multimedia-telecommunications"": 1, ""competence-statistiques-informatique"": 4}",finance,projet_associatif,salariat,hybride,parcours-igglia
cand-000935,matiere_synthetique_2;matiere_synthetique_14;matiere_synthetique_16,10.41,"{""competence-techniques-informatiques-gestion"": 2, ""competence-electronique-systemes"": 5, ""competence-multimedia-telecommunications"": 1, ""competence-statistiques-informatique"": 4}",management,,enseignement,teletravail,parcours-esiia
cand-000134,matiere_synthetique_13;matiere_synthetique_11;matiere_synthetique_14,9.92,"{""competence-techniques-informatiques-gestion"": 5, ""competence-electronique-systemes"": 2, ""competence-multimedia-telecommunications"": 4, ""competence-statistiques-informatique"": 2}",informatique;finance,projet_personnel_tech,entrepreneuriat,bureau,parcours-igglia
cand-000477,matiere_synthetique_7;matiere_synthetique_1;matiere_synthetique_12,13.28,"{""competence-techniques-informatiques-gestion"": 2, ""competence-electronique-systemes"": 4, ""competence-multimedia-telecommunications"": 2, ""competence-statistiques-informatique"": 5}",agriculture,,entrepreneuriat,bureau,parcours-isaia
cand-001411,matiere_synthetique_5,8.37,"{""competence-techniques-informatiques-gestion"": 2, ""competence-electronique-systemes"": 2, ""competence-multimedia-telecommunications"": 2, ""competence-statistiques-informatique"": 1}",design;management;agriculture,,enseignement,bureau,parcours-igglia
cand-001727,matiere_synthetique_20;matiere_synthetique_6,12.27,"{""competence-techniques-informatiques-gestion"": 2, ""competence-electronique-systemes"": 4, ""competence-multimedia-telecommunications"": 2, ""competence-statistiques-informatique"": 5}",management,,salariat,hybride,parcours-isaia
cand-001993,matiere_synthetique_13;matiere_synthetique_14;matiere_synthetique_1,16.26,"{""competence-techniques-informatiques-gestion"": 3, ""competence-electronique-systemes"": 4, ""competence-multimedia-telecommunications"": 5, ""competence-statistiques-informatique"": 4}",management;ecologie,projet_personnel_tech;projet_associatif,recherche,terrain,parcours-imticia
cand-000498,matiere_synthetique_8;matiere_synthetique_8;matiere_synthetique_11,13.73,"{""competence-techniques-informatiques-gestion"": 1, ""competence-electronique-systemes"": 3, ""competence-multimedia-telecommunications"": 5, ""competence-statistiques-informatique"": 5}",agriculture,,entrepreneuriat,bureau,parcours-imticia
cand-000899,matiere_synthetique_6;matiere_synthetique_5,18.59,"{""competence-techniques-informatiques-gestion"": 4, ""competence-electronique-systemes"": 3, ""competence-multimedia-telecommunications"": 5, ""competence-statistiques-informatique"": 4}",robotique;finance,projet_personnel_tech,salariat,hybride,parcours-imticia
cand-000802,matiere_synthetique_20;matiere_synthetique_11,12.57,"{""competence-techniques-informatiques-gestion"": 4, ""competence-electronique-systemes"": 5, ""competence-multimedia-telecommunications"": 1, ""competence-statistiques-informatique"": 1}",design,,recherche,terrain,parcours-esiia
cand-001651,matiere_synthetique_18;matiere_synthetique_17;matiere_synthetique_15,17.15,"{""competence-techniques-informatiques-gestion"": 3, ""competence-electronique-systemes"": 3, ""competence-multimedia-telecommunications"": 5, ""competence-statistiques-informatique"": 5}",sante,projet_personnel_tech;projet_associatif,fonction_publique,terrain,parcours-imticia
cand-001302,matiere_synthetique_10;matiere_synthetique_11,8.67,"{""competence-techniques-informatiques-gestion"": 3, ""competence-electronique-systemes"": 4, ""competence-multimedia-telecommunications"": 5, ""competence-statistiques-informatique"": 4}",sante;tourisme,projet_personnel_tech;projet_associatif,fonction_publique,teletravail,parcours-imticia
cand-000382,matiere_synthetique_11;matiere_synthetique_14;matiere_synthetique_6,13.7,"{""competence-techniques-informatiques-gestion"": 4, ""competence-electronique-systemes"": 2, ""competence-multimedia-telecommunications"": 2, ""competence-statistiques-informatique"": 0}",ecologie;finance,,enseignement,bureau,parcours-igglia
cand-001971,matiere_synthetique_9,8.87,"{""competence-techniques-informatiques-gestion"": 5, ""competence-electronique-systemes"": 5, ""competence-multimedia-telecommunications"": 1, ""competence-statistiques-informatique"": 5}",informatique;agriculture;robotique,projet_personnel_tech;projet_associatif,recherche,bureau,parcours-igglia
cand-000180,matiere_synthetique_6,12.03,"{""competence-techniques-informatiques-gestion"": 1, ""competence-electronique-systemes"": 3, ""competence-multimedia-telecommunications"": 1, ""competence-statistiques-informatique"": 5}",agriculture;informatique,,recherche,teletravail,parcours-isaia
cand-001183,matiere_synthetique_3;matiere_synthetique_10,13.74,"{""competence-techniques-informatiques-gestion"": 1, ""competence-electronique-systemes"": 5, ""competence-multimedia-telecommunications"": 4, ""competence-statistiques-informatique"": 4}",ecologie,projet_associatif,recherche,bureau,parcours-esiia
cand-000175,matiere_synthetique_1;matiere_synthetique_14,11.03,"{""competence-techniques-informatiques-gestion"": 5, ""competence-electronique-systemes"": 4, ""competence-multimedia-telecommunications"": 1, ""competence-statistiques-informatique"": 3}",finance,,enseignement,hybride,parcours-igglia
cand-001131,matiere_synthetique_20,8.0,"{""competence-techniques-informatiques-gestion"": 5, ""competence-electronique-systemes"": 5, ""competence-multimedia-telecommunications"": 3, ""competence-statistiques-informatique"": 1}",design;management;agriculture,projet_personnel_tech,recherche,teletravail,parcours-igglia
cand-000660,matiere_synthetique_9;matiere_synthetique_8,8.58,"{""competence-techniques-informatiques-gestion"": 3, ""competence-electronique-systemes"": 4, ""competence-multimedia-telecommunications"": 2, ""competence-statistiques-informatique"": 5}",ecologie;agriculture;tourisme,,enseignement,terrain,parcours-isaia
cand-000886,matiere_synthetique_15;matiere_synthetique_4;matiere_synthetique_9,12.39,"{""competence-techniques-informatiques-gestion"": 2, ""competence-electronique-systemes"": 2, ""competence-multimedia-telecommunications"": 4, ""competence-statistiques-informatique"": 5}",informatique;tourisme;management,,recherche,bureau,parcours-isaia
cand-000900,matiere_synthetique_11;matiere_synthetique_17;matiere_synthetique_11,18.78,"{""competence-techniques-informatiques-gestion"": 4, ""competence-electronique-systemes"": 5, ""competence-multimedia-telecommunications"": 5, ""competence-statistiques-informatique"": 3}",robotique,projet_personnel_tech,entrepreneuriat,bureau,parcours-esiia
cand-000525,matiere_synthetique_15,10.62,"{""competence-techniques-informatiques-gestion"": 3, ""competence-electronique-systemes"": 5, ""competence-multimedia-telecommunications"": 2, ""competence-statistiques-informatique"": 5}",finance;informatique;ecologie,,fonction_publique,terrain,parcours-esiia
cand-000236,matiere_synthetique_10;matiere_synthetique_11;matiere_synthetique_4,18.98,"{""competence-techniques-informatiques-gestion"": 5, ""competence-electronique-systemes"": 4, ""competence-multimedia-telecommunications"": 5, ""competence-statistiques-informatique"": 2}",finance;robotique,,enseignement,bureau,parcours-igglia
cand-001801,matiere_synthetique_7;matiere_synthetique_9;matiere_synthetique_4,13.13,"{""competence-techniques-informatiques-gestion"": 5, ""competence-electronique-systemes"": 5, ""competence-multimedia-telecommunications"": 3, ""competence-statistiques-informatique"": 5}",robotique;sante,,fonction_publique,teletravail,parcours-igglia
cand-000560,matiere_synthetique_11;matiere_synthetique_15,11.79,"{""competence-techniques-informatiques-gestion"": 3, ""competence-electronique-systemes"": 1, ""competence-multimedia-telecommunications"": 5, ""competence-statistiques-informatique"": 3}",finance;management;ecologie,,entrepreneuriat,terrain,parcours-imticia
cand-000229,matiere_synthetique_17,12.6,"{""competence-techniques-informatiques-gestion"": 5, ""competence-electronique-systemes"": 4, ""competence-multimedia-telecommunications"": 1, ""competence-statistiques-informatique"": 3}",sante;management,projet_personnel_tech,enseignement,teletravail,parcours-igglia
cand-001857,matiere_synthetique_12,9.71,"{""competence-techniques-informatiques-gestion"": 5, ""competence-electronique-systemes"": 5, ""competence-multimedia-telecommunications"": 5, ""competence-statistiques-informatique"": 2}",tourisme;informatique;agriculture,projet_personnel_tech,recherche,hybride,parcours-igglia
cand-000298,matiere_synthetique_16;matiere_synthetique_1,9.95,"{""competence-techniques-informatiques-gestion"": 5, ""competence-electronique-systemes"": 3, ""competence-multimedia-telecommunications"": 2, ""competence-statistiques-informatique"": 4}",management;agriculture;tourisme,,fonction_publique,hybride,parcours-igglia
cand-001051,matiere_synthetique_2;matiere_synthetique_13,9.39,"{""competence-techniques-informatiques-gestion"": 4, ""competence-electronique-systemes"": 4, ""competence-multimedia-telecommunications"": 3, ""competence-statistiques-informatique"": 1}",ecologie,projet_associatif,fonction_publique,teletravail,parcours-igglia
cand-000926,matiere_synthetique_19,10.62,"{""competence-techniques-informatiques-gestion"": 4, ""competence-electronique-systemes"": 4, ""competence-multimedia-telecommunications"": 4, ""competence-statistiques-informatique"": 0}",robotique,projet_personnel_tech,salariat,hybride,parcours-igglia
cand-001374,matiere_synthetique_16,15.56,"{""competence-techniques-informatiques-gestion"": 2, ""competence-electronique-systemes"": 3, ""competence-multimedia-telecommunications"": 2, ""competence-statistiques-informatique"": 5}",ecologie;tourisme,projet_personnel_tech,salariat,bureau,parcours-isaia
cand-001743,matiere_synthetique_10;matiere_synthetique_13,19.53,"{""competence-techniques-informatiques-gestion"": 1, ""competence-electronique-systemes"": 4, ""competence-multimedia-telecommunications"": 4, ""competence-statistiques-informatique"": 5}",management,,fonction_publique,hybride,parcours-isaia
cand-001239,matiere_synthetique_10;matiere_synthetique_11,11.54,"{""competence-techniques-informatiques-gestion"": 2, ""competence-electronique-systemes"": 3, ""competence-multimedia-telecommunications"": 4, ""competence-statistiques-informatique"": 1}",design;robotique,projet_personnel_tech,enseignement,bureau,parcours-imticia
cand-001206,matiere_synthetique_2;matiere_synthetique_20,16.7,"{""competence-techniques-informatiques-gestion"": 1, ""competence-electronique-systemes"": 1, ""competence-multimedia-telecommunications"": 1, ""competence-statistiques-informatique"": 4}",robotique,projet_personnel_tech,fonction_publique,terrain,parcours-isaia
cand-000697,matiere_synthetique_4;matiere_synthetique_19;matiere_synthetique_4,13.94,"{""competence-techniques-informatiques-gestion"": 2, ""competence-electronique-systemes"": 4, ""competence-multimedia-telecommunications"": 5, ""competence-statistiques-informatique"": 5}",agriculture,,enseignement,bureau,parcours-imticia
cand-000047,matiere_synthetique_11;matiere_synthetique_7,15.75,"{""competence-techniques-informatiques-gestion"": 4, ""competence-electronique-systemes"": 4, ""competence-multimedia-telecommunications"": 0, ""competence-statistiques-informatique"": 5}",design;robotique;agriculture,,salariat,hybride,parcours-isaia
cand-001665,matiere_synthetique_6;matiere_synthetique_10;matiere_synthetique_18,12.88,"{""competence-techniques-informatiques-gestion"": 4, ""competence-electronique-systemes"": 5, ""competence-multimedia-telecommunications"": 1, ""competence-statistiques-informatique"": 4}",sante,,recherche,teletravail,parcours-esiia
cand-001998,matiere_synthetique_2,15.5,"{""competence-techniques-informatiques-gestion"": 0, ""competence-electronique-systemes"": 0, ""competence-multimedia-telecommunications"": 1, ""competence-statistiques-informatique"": 1}",tourisme,projet_personnel_tech,recherche,hybride,parcours-imticia
cand-001288,matiere_synthetique_19;matiere_synthetique_13;matiere_synthetique_6,10.37,"{""competence-techniques-informatiques-gestion"": 1, ""competence-electronique-systemes"": 4, ""competence-multimedia-telecommunications"": 5, ""competence-statistiques-informatique"": 1}",ecologie,,salariat,teletravail,parcours-imticia
cand-000595,matiere_synthetique_16;matiere_synthetique_17;matiere_synthetique_17,12.9,"{""competence-techniques-informatiques-gestion"": 3, ""competence-electronique-systemes"": 5, ""competence-multimedia-telecommunications"": 3, ""competence-statistiques-informatique"": 3}",management;sante;finance,,recherche,bureau,parcours-esiia
cand-000751,matiere_synthetique_14;matiere_synthetique_3;matiere_synthetique_12,12.21,"{""competence-techniques-informatiques-gestion"": 5, ""competence-electronique-systemes"": 4, ""competence-multimedia-telecommunications"": 4, ""competence-statistiques-informatique"": 5}",tourisme,,fonction_publique,hybride,parcours-igglia
cand-000749,matiere_synthetique_13;matiere_synthetique_7,14.17,"{""competence-techniques-informatiques-gestion"": 2, ""competence-electronique-systemes"": 1, ""competence-multimedia-telecommunications"": 2, ""competence-statistiques-informatique"": 3}",finance;ecologie,,enseignement,teletravail,parcours-isaia
cand-000289,matiere_synthetique_7;matiere_synthetique_10;matiere_synthetique_9,16.85,"{""competence-techniques-informatiques-gestion"": 3, ""competence-electronique-systemes"": 5, ""competence-multimedia-telecommunications"": 3, ""competence-statistiques-informatique"": 1}",sante,,enseignement,hybride,parcours-esiia
cand-000270,matiere_synthetique_2;matiere_synthetique_8,8.22,"{""competence-techniques-informatiques-gestion"": 5, ""competence-electronique-systemes"": 1, ""competence-multimedia-telecommunications"": 2, ""competence-statistiques-informatique"": 5}",informatique;agriculture,projet_associatif,enseignement,hybride,parcours-igglia
cand-001253,matiere_synthetique_13;matiere_synthetique_9;matiere_synthetique_14,15.98,"{""competence-techniques-informatiques-gestion"": 4, ""competence-electronique-systemes"": 4, ""competence-multimedia-telecommunications"": 2, ""competence-statistiques-informatique"": 2}",finance;tourisme;design,,recherche,hybride,parcours-igglia
cand-000531,matiere_synthetique_14;matiere_synthetique_12;matiere_synthetique_19,12.36,"{""competence-techniques-informatiques-gestion"": 0, ""competence-electronique-systemes"": 5, ""competence-multimedia-telecommunications"": 1, ""competence-statistiques-informatique"": 5}",ecologie;agriculture;finance,,recherche,bureau,parcours-esiia
cand-001180,matiere_synthetique_4;matiere_synthetique_12,17.57,"{""competence-techniques-informatiques-gestion"": 3, ""competence-electronique-systemes"": 5, ""competence-multimedia-telecommunications"": 3, ""competence-statistiques-informatique"": 3}",robotique;sante;design,,recherche,hybride,parcours-esiia
cand-000659,matiere_synthetique_10;matiere_synthetique_1;matiere_synthetique_8,16.34,"{""competence-techniques-informatiques-gestion"": 3, ""competence-electronique-systemes"": 2, ""competence-multimedia-telecommunications"": 3, ""competence-statistiques-informatique"": 4}",tourisme;ecologie;agriculture,projet_associatif,fonction_publique,teletravail,parcours-isaia
cand-000172,matiere_synthetique_4;matiere_synthetique_1,7.03,"{""competence-techniques-informatiques-gestion"": 4, ""competence-electronique-systemes"": 4, ""competence-multimedia-telecommunications"": 4, ""competence-statistiques-informatique"": 4}",sante;ecologie;robotique,projet_personnel_tech,recherche,bureau,parcours-igglia
cand-001994,matiere_synthetique_6;matiere_synthetique_5,12.45,"{""competence-techniques-informatiques-gestion"": 1, ""competence-electronique-systemes"": 5, ""competence-multimedia-telecommunications"": 3, ""competence-statistiques-informatique"": 3}",robotique,,salariat,teletravail,parcours-esiia
cand-000833,matiere_synthetique_9,18.14,"{""competence-techniques-informatiques-gestion"": 2, ""competence-electronique-systemes"": 5, ""competence-multimedia-telecommunications"": 5, ""competence-statistiques-informatique"": 0}",agriculture,projet_personnel_tech;projet_associatif,entrepreneuriat,teletravail,parcours-esiia
cand-000482,matiere_synthetique_1;matiere_synthetique_8;matiere_synthetique_10,11.53,"{""competence-techniques-informatiques-gestion"": 4, ""competence-electronique-systemes"": 4, ""competence-multimedia-telecommunications"": 3, ""competence-statistiques-informatique"": 2}",management;informatique;robotique,projet_personnel_tech;projet_associatif,salariat,terrain,parcours-igglia
cand-000197,matiere_synthetique_9;matiere_synthetique_3;matiere_synthetique_12,16.7,"{""competence-techniques-informatiques-gestion"": 4, ""competence-electronique-systemes"": 4, ""competence-multimedia-telecommunications"": 4, ""competence-statistiques-informatique"": 4}",ecologie;management,projet_personnel_tech,salariat,bureau,parcours-igglia
cand-001177,matiere_synthetique_18;matiere_synthetique_9;matiere_synthetique_11,15.06,"{""competence-techniques-informatiques-gestion"": 2, ""competence-electronique-systemes"": 1, ""competence-multimedia-telecommunications"": 2, ""competence-statistiques-informatique"": 5}",informatique;agriculture,projet_personnel_tech,salariat,bureau,parcours-isaia
cand-000588,matiere_synthetique_2;matiere_synthetique_4,16.86,"{""competence-techniques-informatiques-gestion"": 4, ""competence-electronique-systemes"": 3, ""competence-multimedia-telecommunications"": 4, ""competence-statistiques-informatique"": 2}",informatique,projet_personnel_tech,recherche,bureau,parcours-igglia
cand-001794,matiere_synthetique_17,12.42,"{""competence-techniques-informatiques-gestion"": 4, ""competence-electronique-systemes"": 5, ""competence-multimedia-telecommunications"": 5, ""competence-statistiques-informatique"": 1}",agriculture;informatique,projet_personnel_tech,entrepreneuriat,hybride,parcours-esiia
cand-000580,matiere_synthetique_2;matiere_synthetique_5,10.59,"{""competence-techniques-informatiques-gestion"": 5, ""competence-electronique-systemes"": 5, ""competence-multimedia-telecommunications"": 4, ""competence-statistiques-informatique"": 1}",management;design,,entrepreneuriat,hybride,parcours-igglia
cand-001088,matiere_synthetique_8;matiere_synthetique_16,14.08,"{""competence-techniques-informatiques-gestion"": 4, ""competence-electronique-systemes"": 1, ""competence-multimedia-telecommunications"": 2, ""competence-statistiques-informatique"": 5}",ecologie;design;informatique,,salariat,bureau,parcours-isaia
cand-000933,matiere_synthetique_20;matiere_synthetique_19,13.92,"{""competence-techniques-informatiques-gestion"": 4, ""competence-electronique-systemes"": 5, ""competence-multimedia-telecommunications"": 5, ""competence-statistiques-informatique"": 4}",robotique,,recherche,bureau,parcours-esiia
cand-001683,matiere_synthetique_20;matiere_synthetique_8;matiere_synthetique_5,17.22,"{""competence-techniques-informatiques-gestion"": 4, ""competence-electronique-systemes"": 4, ""competence-multimedia-telecommunications"": 3, ""competence-statistiques-informatique"": 1}",finance,projet_associatif,entrepreneuriat,hybride,parcours-igglia
cand-001252,matiere_synthetique_17;matiere_synthetique_6,11.01,"{""competence-techniques-informatiques-gestion"": 5, ""competence-electronique-systemes"": 5, ""competence-multimedia-telecommunications"": 2, ""competence-statistiques-informatique"": 0}",sante,,fonction_publique,teletravail,parcours-igglia
cand-001489,matiere_synthetique_10;matiere_synthetique_20;matiere_synthetique_19,8.74,"{""competence-techniques-informatiques-gestion"": 2, ""competence-electronique-systemes"": 5, ""competence-multimedia-telecommunications"": 5, ""competence-statistiques-informatique"": 4}",ecologie;agriculture;finance,projet_personnel_tech,recherche,teletravail,parcours-esiia
cand-001978,matiere_synthetique_12;matiere_synthetique_5;matiere_synthetique_8,12.23,"{""competence-techniques-informatiques-gestion"": 4, ""competence-electronique-systemes"": 2, ""competence-multimedia-telecommunications"": 3, ""competence-statistiques-informatique"": 5}",sante,,enseignement,terrain,parcours-isaia
cand-001205,matiere_synthetique_4;matiere_synthetique_11;matiere_synthetique_17,12.59,"{""competence-techniques-informatiques-gestion"": 5, ""competence-electronique-systemes"": 5, ""competence-multimedia-telecommunications"": 4, ""competence-statistiques-informatique"": 3}",ecologie;management;robotique,projet_personnel_tech,entrepreneuriat,bureau,parcours-igglia
cand-001182,matiere_synthetique_6,17.41,"{""competence-techniques-informatiques-gestion"": 4, ""competence-electronique-systemes"": 3, ""competence-multimedia-telecommunications"": 4, ""competence-statistiques-informatique"": 3}",informatique,projet_personnel_tech,salariat,terrain,parcours-igglia
cand-000629,matiere_synthetique_2;matiere_synthetique_3;matiere_synthetique_7,16.51,"{""competence-techniques-informatiques-gestion"": 3, ""competence-electronique-systemes"": 4, ""competence-multimedia-telecommunications"": 0, ""competence-statistiques-informatique"": 4}",informatique,,entrepreneuriat,teletravail,parcours-esiia
cand-001143,matiere_synthetique_3,15.08,"{""competence-techniques-informatiques-gestion"": 0, ""competence-electronique-systemes"": 0, ""competence-multimedia-telecommunications"": 4, ""competence-statistiques-informatique"": 5}",management,,entrepreneuriat,hybride,parcours-isaia
cand-000804,matiere_synthetique_6,16.42,"{""competence-techniques-informatiques-gestion"": 4, ""competence-electronique-systemes"": 5, ""competence-multimedia-telecommunications"": 4, ""competence-statistiques-informatique"": 4}",agriculture;finance,,fonction_publique,teletravail,parcours-esiia
cand-000890,matiere_synthetique_18;matiere_synthetique_16;matiere_synthetique_13,14.64,"{""competence-techniques-informatiques-gestion"": 4, ""competence-electronique-systemes"": 5, ""competence-multimedia-telecommunications"": 2, ""competence-statistiques-informatique"": 2}",informatique;agriculture,projet_associatif,salariat,terrain,parcours-esiia
cand-000127,matiere_synthetique_19;matiere_synthetique_13;matiere_synthetique_3,15.64,"{""competence-techniques-informatiques-gestion"": 2, ""competence-electronique-systemes"": 5, ""competence-multimedia-telecommunications"": 2, ""competence-statistiques-informatique"": 2}",design;agriculture;ecologie,projet_personnel_tech;projet_associatif,recherche,hybride,parcours-esiia
cand-000301,matiere_synthetique_5,13.13,"{""competence-techniques-informatiques-gestion"": 4, ""competence-electronique-systemes"": 3, ""competence-multimedia-telecommunications"": 3, ""competence-statistiques-informatique"": 5}",agriculture;management,,fonction_publique,hybride,parcours-isaia
cand-001999,matiere_synthetique_8;matiere_synthetique_18,10.23,"{""competence-techniques-informatiques-gestion"": 5, ""competence-electronique-systemes"": 4, ""competence-multimedia-telecommunications"": 2, ""competence-statistiques-informatique"": 3}",management;tourisme,projet_personnel_tech,salariat,bureau,parcours-igglia
cand-001050,matiere_synthetique_12,9.53,"{""competence-techniques-informatiques-gestion"": 5, ""competence-electronique-systemes"": 4, ""competence-multimedia-telecommunications"": 5, ""competence-statistiques-informatique"": 5}",finance;agriculture,,fonction_publique,terrain,parcours-igglia
cand-000820,matiere_synthetique_13,12.72,"{""competence-techniques-informatiques-gestion"": 4, ""competence-electronique-systemes"": 2, ""competence-multimedia-telecommunications"": 5, ""competence-statistiques-informatique"": 0}",tourisme,projet_personnel_tech,recherche,hybride,parcours-imticia
cand-001704,matiere_synthetique_6;matiere_synthetique_6;matiere_synthetique_13,13.35,"{""competence-techniques-informatiques-gestion"": 4, ""competence-electronique-systemes"": 1, ""competence-multimedia-telecommunications"": 4, ""competence-statistiques-informatique"": 2}",sante;agriculture;robotique,projet_personnel_tech,fonction_publique,terrain,parcours-igglia
cand-001786,matiere_synthetique_10;matiere_synthetique_15;matiere_synthetique_17,14.32,"{""competence-techniques-informatiques-gestion"": 0, ""competence-electronique-systemes"": 3, ""competence-multimedia-telecommunications"": 4, ""competence-statistiques-informatique"": 5}",tourisme;informatique,,fonction_publique,terrain,parcours-isaia
cand-000606,matiere_synthetique_14,7.71,"{""competence-techniques-informatiques-gestion"": 4, ""competence-electronique-systemes"": 4, ""competence-multimedia-telecommunications"": 2, ""competence-statistiques-informatique"": 4}",ecologie;tourisme;design,projet_personnel_tech,enseignement,hybride,parcours-igglia
cand-000509,matiere_synthetique_16,15.96,"{""competence-techniques-informatiques-gestion"": 5, ""competence-electronique-systemes"": 5, ""competence-multimedia-telecommunications"": 4, ""competence-statistiques-informatique"": 1}",tourisme;management;informatique,projet_associatif,recherche,bureau,parcours-igglia
cand-001437,matiere_synthetique_19,13.95,"{""competence-techniques-informatiques-gestion"": 4, ""competence-electronique-systemes"": 3, ""competence-multimedia-telecommunications"": 1, ""competence-statistiques-informatique"": 2}",informatique;sante;design,projet_associatif,salariat,teletravail,parcours-igglia
cand-000810,matiere_synthetique_19;matiere_synthetique_3;matiere_synthetique_2,9.4,"{""competence-techniques-informatiques-gestion"": 5, ""competence-electronique-systemes"": 1, ""competence-multimedia-telecommunications"": 2, ""competence-statistiques-informatique"": 5}",finance;management,projet_personnel_tech,fonction_publique,bureau,parcours-igglia
cand-000991,matiere_synthetique_16,12.04,"{""competence-techniques-informatiques-gestion"": 3, ""competence-electronique-systemes"": 4, ""competence-multimedia-telecommunications"": 1, ""competence-statistiques-informatique"": 3}",informatique,,fonction_publique,terrain,parcours-esiia
cand-000529,matiere_synthetique_12,20.0,"{""competence-techniques-informatiques-gestion"": 5, ""competence-electronique-systemes"": 2, ""competence-multimedia-telecommunications"": 5, ""competence-statistiques-informatique"": 5}",design;tourisme;ecologie,projet_associatif,entrepreneuriat,teletravail,parcours-igglia
cand-001115,matiere_synthetique_9,11.4,"{""competence-techniques-informatiques-gestion"": 5, ""competence-electronique-systemes"": 5, ""competence-multimedia-telecommunications"": 5, ""competence-statistiques-informatique"": 5}",management;ecologie,,entrepreneuriat,hybride,parcours-igglia
cand-001733,matiere_synthetique_14;matiere_synthetique_16;matiere_synthetique_3,12.01,"{""competence-techniques-informatiques-gestion"": 3, ""competence-electronique-systemes"": 2, ""competence-multimedia-telecommunications"": 2, ""competence-statistiques-informatique"": 5}",agriculture;informatique;sante,,fonction_publique,hybride,parcours-isaia
cand-000266,matiere_synthetique_10;matiere_synthetique_2;matiere_synthetique_19,12.45,"{""competence-techniques-informatiques-gestion"": 4, ""competence-electronique-systemes"": 1, ""competence-multimedia-telecommunications"": 5, ""competence-statistiques-informatique"": 1}",design;informatique;ecologie,,fonction_publique,terrain,parcours-imticia
cand-001249,matiere_synthetique_15,11.26,"{""competence-techniques-informatiques-gestion"": 1, ""competence-electronique-systemes"": 2, ""competence-multimedia-telecommunications"": 1, ""competence-statistiques-informatique"": 5}",tourisme;sante,projet_personnel_tech,enseignement,terrain,parcours-isaia
cand-001462,matiere_synthetique_16;matiere_synthetique_8;matiere_synthetique_12,15.5,"{""competence-techniques-informatiques-gestion"": 4, ""competence-electronique-systemes"": 4, ""competence-multimedia-telecommunications"": 1, ""competence-statistiques-informatique"": 2}",management;sante,projet_personnel_tech,recherche,terrain,parcours-igglia
cand-001108,matiere_synthetique_4;matiere_synthetique_12;matiere_synthetique_7,12.11,"{""competence-techniques-informatiques-gestion"": 0, ""competence-electronique-systemes"": 4, ""competence-multimedia-telecommunications"": 3, ""competence-statistiques-informatique"": 5}",tourisme,projet_personnel_tech,salariat,bureau,parcours-isaia
cand-001662,matiere_synthetique_19;matiere_synthetique_16;matiere_synthetique_7,9.78,"{""competence-techniques-informatiques-gestion"": 5, ""competence-electronique-systemes"": 2, ""competence-multimedia-telecommunications"": 3, ""competence-statistiques-informatique"": 5}",informatique;tourisme,,entrepreneuriat,terrain,parcours-igglia
cand-001661,matiere_synthetique_12;matiere_synthetique_12,13.05,"{""competence-techniques-informatiques-gestion"": 4, ""competence-electronique-systemes"": 2, ""competence-multimedia-telecommunications"": 5, ""competence-statistiques-informatique"": 5}",finance;informatique,projet_personnel_tech,recherche,teletravail,parcours-imticia
cand-001926,matiere_synthetique_19;matiere_synthetique_20,12.57,"{""competence-techniques-informatiques-gestion"": 4, ""competence-electronique-systemes"": 5, ""competence-multimedia-telecommunications"": 3, ""competence-statistiques-informatique"": 5}",ecologie,projet_personnel_tech;projet_associatif,fonction_publique,teletravail,parcours-esiia
cand-000779,matiere_synthetique_5,16.02,"{""competence-techniques-informatiques-gestion"": 1, ""competence-electronique-systemes"": 1, ""competence-multimedia-telecommunications"": 2, ""competence-statistiques-informatique"": 4}",agriculture;sante;design,projet_personnel_tech;projet_associatif,enseignement,bureau,parcours-isaia
cand-001165,matiere_synthetique_16;matiere_synthetique_3,8.94,"{""competence-techniques-informatiques-gestion"": 1, ""competence-electronique-systemes"": 1, ""competence-multimedia-telecommunications"": 5, ""competence-statistiques-informatique"": 5}",design,,entrepreneuriat,teletravail,parcours-imticia
cand-001505,matiere_synthetique_16;matiere_synthetique_19;matiere_synthetique_9,13.92,"{""competence-techniques-informatiques-gestion"": 5, ""competence-electronique-systemes"": 4, ""competence-multimedia-telecommunications"": 1, ""competence-statistiques-informatique"": 2}",ecologie;sante;design,projet_associatif,salariat,teletravail,parcours-igglia
cand-001996,matiere_synthetique_8;matiere_synthetique_16,16.72,"{""competence-techniques-informatiques-gestion"": 5, ""competence-electronique-systemes"": 2, ""competence-multimedia-telecommunications"": 2, ""competence-statistiques-informatique"": 3}",robotique;tourisme;sante,,entrepreneuriat,bureau,parcours-igglia
cand-001956,matiere_synthetique_17;matiere_synthetique_13,10.27,"{""competence-techniques-informatiques-gestion"": 5, ""competence-electronique-systemes"": 4, ""competence-multimedia-telecommunications"": 5, ""competence-statistiques-informatique"": 2}",tourisme;robotique,,fonction_publique,teletravail,parcours-igglia
cand-000232,matiere_synthetique_6;matiere_synthetique_4,9.04,"{""competence-techniques-informatiques-gestion"": 1, ""competence-electronique-systemes"": 1, ""competence-multimedia-telecommunications"": 5, ""competence-statistiques-informatique"": 5}",design;management,projet_personnel_tech,entrepreneuriat,bureau,parcours-imticia
cand-000242,matiere_synthetique_15;matiere_synthetique_6,15.98,"{""competence-techniques-informatiques-gestion"": 5, ""competence-electronique-systemes"": 5, ""competence-multimedia-telecommunications"": 5, ""competence-statistiques-informatique"": 4}",ecologie,,enseignement,bureau,parcours-igglia
cand-000145,matiere_synthetique_14,15.79,"{""competence-techniques-informatiques-gestion"": 3, ""competence-electronique-systemes"": 5, ""competence-multimedia-telecommunications"": 2, ""competence-statistiques-informatique"": 4}",informatique;robotique,projet_personnel_tech,enseignement,bureau,parcours-esiia
cand-000342,matiere_synthetique_16,8.34,"{""competence-techniques-informatiques-gestion"": 5, ""competence-electronique-systemes"": 2, ""competence-multimedia-telecommunications"": 5, ""competence-statistiques-informatique"": 4}",informatique;tourisme,,enseignement,bureau,parcours-igglia
cand-001853,matiere_synthetique_10;matiere_synthetique_19;matiere_synthetique_6,8.72,"{""competence-techniques-informatiques-gestion"": 5, ""competence-electronique-systemes"": 5, ""competence-multimedia-telecommunications"": 1, ""competence-statistiques-informatique"": 2}",tourisme;management;ecologie,projet_personnel_tech;projet_associatif,entrepreneuriat,terrain,parcours-igglia
cand-001828,matiere_synthetique_5,6.22,"{""competence-techniques-informatiques-gestion"": 5, ""competence-electronique-systemes"": 1, ""competence-multimedia-telecommunications"": 5, ""competence-statistiques-informatique"": 2}",sante;robotique;agriculture,,entrepreneuriat,hybride,parcours-igglia
cand-000291,matiere_synthetique_9,14.14,"{""competence-techniques-informatiques-gestion"": 4, ""competence-electronique-systemes"": 2, ""competence-multimedia-telecommunications"": 4, ""competence-statistiques-informatique"": 1}",agriculture;informatique,projet_personnel_tech;projet_associatif,salariat,teletravail,parcours-igglia
cand-000682,matiere_synthetique_5;matiere_synthetique_6;matiere_synthetique_12,17.48,"{""competence-techniques-informatiques-gestion"": 3, ""competence-electronique-systemes"": 3, ""competence-multimedia-telecommunications"": 5, ""competence-statistiques-informatique"": 3}",informatique,,entrepreneuriat,terrain,parcours-imticia
cand-000188,matiere_synthetique_11;matiere_synthetique_3;matiere_synthetique_8,11.51,"{""competence-techniques-informatiques-gestion"": 5, ""competence-electronique-systemes"": 3, ""competence-multimedia-telecommunications"": 4, ""competence-statistiques-informatique"": 5}",informatique;management,,entrepreneuriat,hybride,parcours-igglia
cand-000842,matiere_synthetique_9;matiere_synthetique_1;matiere_synthetique_14,17.26,"{""competence-techniques-informatiques-gestion"": 2, ""competence-electronique-systemes"": 0, ""competence-multimedia-telecommunications"": 1, ""competence-statistiques-informatique"": 2}",ecologie,projet_personnel_tech;projet_associatif,salariat,terrain,parcours-igglia
cand-000208,matiere_synthetique_15;matiere_synthetique_4,13.29,"{""competence-techniques-informatiques-gestion"": 4, ""competence-electronique-systemes"": 3, ""competence-multimedia-telecommunications"": 1, ""competence-statistiques-informatique"": 5}",design;agriculture,projet_associatif,recherche,terrain,parcours-isaia
cand-000812,matiere_synthetique_13;matiere_synthetique_14,16.47,"{""competence-techniques-informatiques-gestion"": 3, ""competence-electronique-systemes"": 4, ""competence-multimedia-telecommunications"": 2, ""competence-statistiques-informatique"": 0}",management,projet_personnel_tech,salariat,terrain,parcours-esiia
cand-001254,matiere_synthetique_19,17.51,"{""competence-techniques-informatiques-gestion"": 0, ""competence-electronique-systemes"": 2, ""competence-multimedia-telecommunications"": 4, ""competence-statistiques-informatique"": 5}",tourisme;sante,projet_personnel_tech,fonction_publique,teletravail,parcours-isaia
cand-001501,matiere_synthetique_12,13.17,"{""competence-techniques-informatiques-gestion"": 5, ""competence-electronique-systemes"": 4, ""competence-multimedia-telecommunications"": 2, ""competence-statistiques-informatique"": 2}",finance;sante,,recherche,hybride,parcours-igglia
cand-001628,matiere_synthetique_8,11.51,"{""competence-techniques-informatiques-gestion"": 1, ""competence-electronique-systemes"": 4, ""competence-multimedia-telecommunications"": 0, ""competence-statistiques-informatique"": 2}",design;ecologie,,fonction_publique,bureau,parcours-esiia
cand-001945,matiere_synthetique_2,7.75,"{""competence-techniques-informatiques-gestion"": 1, ""competence-electronique-systemes"": 2, ""competence-multimedia-telecommunications"": 2, ""competence-statistiques-informatique"": 4}",finance;robotique;ecologie,projet_personnel_tech,enseignement,bureau,parcours-isaia
cand-001363,matiere_synthetique_7;matiere_synthetique_9,12.83,"{""competence-techniques-informatiques-gestion"": 3, ""competence-electronique-systemes"": 4, ""competence-multimedia-telecommunications"": 5, ""competence-statistiques-informatique"": 2}",sante;robotique,,fonction_publique,terrain,parcours-imticia
cand-000735,matiere_synthetique_18;matiere_synthetique_2,8.88,"{""competence-techniques-informatiques-gestion"": 5, ""competence-electronique-systemes"": 1, ""competence-multimedia-telecommunications"": 2, ""competence-statistiques-informatique"": 5}",design;informatique,,enseignement,teletravail,parcours-igglia
cand-001752,matiere_synthetique_17;matiere_synthetique_18,14.3,"{""competence-techniques-informatiques-gestion"": 5, ""competence-electronique-systemes"": 3, ""competence-multimedia-telecommunications"": 2, ""competence-statistiques-informatique"": 4}",informatique,,enseignement,hybride,parcours-igglia
cand-000043,matiere_synthetique_16;matiere_synthetique_3;matiere_synthetique_16,8.83,"{""competence-techniques-informatiques-gestion"": 1, ""competence-electronique-systemes"": 5, ""competence-multimedia-telecommunications"": 4, ""competence-statistiques-informatique"": 4}",informatique;finance;robotique,,enseignement,bureau,parcours-esiia
cand-001357,matiere_synthetique_11,11.41,"{""competence-techniques-informatiques-gestion"": 3, ""competence-electronique-systemes"": 5, ""competence-multimedia-telecommunications"": 5, ""competence-statistiques-informatique"": 1}",agriculture;design;ecologie,,entrepreneuriat,terrain,parcours-esiia
cand-000755,matiere_synthetique_8;matiere_synthetique_16;matiere_synthetique_2,9.01,"{""competence-techniques-informatiques-gestion"": 5, ""competence-electronique-systemes"": 5, ""competence-multimedia-telecommunications"": 5, ""competence-statistiques-informatique"": 3}",design;robotique,projet_personnel_tech,enseignement,bureau,parcours-igglia
cand-001394,matiere_synthetique_15;matiere_synthetique_6,16.99,"{""competence-techniques-informatiques-gestion"": 2, ""competence-electronique-systemes"": 4, ""competence-multimedia-telecommunications"": 4, ""competence-statistiques-informatique"": 5}",agriculture;tourisme;robotique,,entrepreneuriat,terrain,parcours-isaia
cand-001992,matiere_synthetique_7;matiere_synthetique_20;matiere_synthetique_9,14.02,"{""competence-techniques-informatiques-gestion"": 5, ""competence-electronique-systemes"": 5, ""competence-multimedia-telecommunications"": 1, ""competence-statistiques-informatique"": 5}",design;informatique,,fonction_publique,hybride,parcours-igglia
cand-000775,matiere_synthetique_5,6.64,"{""competence-techniques-informatiques-gestion"": 5, ""competence-electronique-systemes"": 1, ""competence-multimedia-telecommunications"": 3, ""competence-statistiques-informatique"": 5}",informatique;agriculture,projet_associatif,enseignement,bureau,parcours-igglia
cand-001757,matiere_synthetique_10,8.17,"{""competence-techniques-informatiques-gestion"": 3, ""competence-electronique-systemes"": 5, ""competence-multimedia-telecommunications"": 3, ""competence-statistiques-informatique"": 5}",design;management;agriculture,,enseignement,hybride,parcours-esiia
cand-001281,matiere_synthetique_10;matiere_synthetique_9;matiere_synthetique_12,12.72,"{""competence-techniques-informatiques-gestion"": 4, ""competence-electronique-systemes"": 5, ""competence-multimedia-telecommunications"": 3, ""competence-statistiques-informatique"": 0}",design,,recherche,bureau,parcours-esiia
cand-000967,matiere_synthetique_10;matiere_synthetique_3,11.8,"{""competence-techniques-informatiques-gestion"": 5, ""competence-electronique-systemes"": 5, ""competence-multimedia-telecommunications"": 5, ""competence-statistiques-informatique"": 5}",finance,projet_associatif,fonction_publique,teletravail,parcours-igglia
cand-001896,matiere_synthetique_20;matiere_synthetique_8;matiere_synthetique_5,16.35,"{""competence-techniques-informatiques-gestion"": 2, ""competence-electronique-systemes"": 2, ""competence-multimedia-telecommunications"": 1, ""competence-statistiques-informatique"": 5}",sante;management,,salariat,terrain,parcours-isaia
cand-000920,matiere_synthetique_3;matiere_synthetique_5,11.71,"{""competence-techniques-informatiques-gestion"": 3, ""competence-electronique-systemes"": 4, ""competence-multimedia-telecommunications"": 4, ""competence-statistiques-informatique"": 2}",informatique;finance;agriculture,projet_associatif,enseignement,bureau,parcours-esiia
cand-000451,matiere_synthetique_14,13.38,"{""competence-techniques-informatiques-gestion"": 5, ""competence-electronique-systemes"": 2, ""competence-multimedia-telecommunications"": 4, ""competence-statistiques-informatique"": 5}",sante,projet_personnel_tech,salariat,bureau,parcours-igglia
cand-001230,matiere_synthetique_20,12.04,"{""competence-techniques-informatiques-gestion"": 1, ""competence-electronique-systemes"": 3, ""competence-multimedia-telecommunications"": 5, ""competence-statistiques-informatique"": 2}",ecologie;design;sante,projet_personnel_tech,recherche,teletravail,parcours-imticia
cand-001191,matiere_synthetique_17,18.29,"{""competence-techniques-informatiques-gestion"": 4, ""competence-electronique-systemes"": 1, ""competence-multimedia-telecommunications"": 3, ""competence-statistiques-informatique"": 5}",sante;design,projet_associatif,fonction_publique,bureau,parcours-isaia
cand-001509,matiere_synthetique_17;matiere_synthetique_8,8.07,"{""competence-techniques-informatiques-gestion"": 1, ""competence-electronique-systemes"": 5, ""competence-multimedia-telecommunications"": 4, ""competence-statistiques-informatique"": 2}",informatique;sante,projet_personnel_tech,enseignement,teletravail,parcours-esiia
cand-000410,matiere_synthetique_11;matiere_synthetique_3;matiere_synthetique_20,13.72,"{""competence-techniques-informatiques-gestion"": 1, ""competence-electronique-systemes"": 5, ""competence-multimedia-telecommunications"": 5, ""competence-statistiques-informatique"": 5}",management;ecologie;agriculture,projet_personnel_tech,recherche,bureau,parcours-esiia
cand-001491,matiere_synthetique_13;matiere_synthetique_1;matiere_synthetique_15,12.15,"{""competence-techniques-informatiques-gestion"": 5, ""competence-electronique-systemes"": 0, ""competence-multimedia-telecommunications"": 3, ""competence-statistiques-informatique"": 1}",robotique;management;sante,,salariat,teletravail,parcours-igglia
cand-001502,matiere_synthetique_16,9.86,"{""competence-techniques-informatiques-gestion"": 1, ""competence-electronique-systemes"": 5, ""competence-multimedia-telecommunications"": 3, ""competence-statistiques-informatique"": 5}",informatique,projet_personnel_tech,fonction_publique,hybride,parcours-esiia
cand-001915,matiere_synthetique_12;matiere_synthetique_3,12.93,"{""competence-techniques-informatiques-gestion"": 5, ""competence-electronique-systemes"": 2, ""competence-multimedia-telecommunications"": 5, ""competence-statistiques-informatique"": 5}",ecologie;informatique;design,,salariat,terrain,parcours-igglia
cand-000425,matiere_synthetique_8;matiere_synthetique_3;matiere_synthetique_20,14.67,"{""competence-techniques-informatiques-gestion"": 5, ""competence-electronique-systemes"": 1, ""competence-multimedia-telecommunications"": 1, ""competence-statistiques-informatique"": 5}",agriculture;management,projet_associatif,enseignement,bureau,parcours-igglia
cand-000996,matiere_synthetique_6;matiere_synthetique_4,12.75,"{""competence-techniques-informatiques-gestion"": 1, ""competence-electronique-systemes"": 4, ""competence-multimedia-telecommunications"": 5, ""competence-statistiques-informatique"": 1}",management;robotique,,recherche,teletravail,parcours-imticia
cand-001308,matiere_synthetique_4;matiere_synthetique_12,15.79,"{""competence-techniques-informatiques-gestion"": 2, ""competence-electronique-systemes"": 1, ""competence-multimedia-telecommunications"": 0, ""competence-statistiques-informatique"": 0}",finance,projet_personnel_tech;projet_associatif,salariat,bureau,parcours-igglia
cand-001937,matiere_synthetique_2;matiere_synthetique_16,9.91,"{""competence-techniques-informatiques-gestion"": 0, ""competence-electronique-systemes"": 5, ""competence-multimedia-telecommunications"": 2, ""competence-statistiques-informatique"": 5}",informatique;finance;robotique,projet_personnel_tech,recherche,terrain,parcours-esiia
cand-000314,matiere_synthetique_4;matiere_synthetique_3;matiere_synthetique_20,7.51,"{""competence-techniques-informatiques-gestion"": 2, ""competence-electronique-systemes"": 5, ""competence-multimedia-telecommunications"": 3, ""competence-statistiques-informatique"": 1}",finance;tourisme;design,,recherche,teletravail,parcours-esiia
cand-000545,matiere_synthetique_12;matiere_synthetique_12;matiere_synthetique_3,11.7,"{""competence-techniques-informatiques-gestion"": 5, ""competence-electronique-systemes"": 5, ""competence-multimedia-telecommunications"": 4, ""competence-statistiques-informatique"": 3}",informatique;management,projet_personnel_tech,salariat,teletravail,parcours-igglia
cand-000987,matiere_synthetique_1;matiere_synthetique_7,13.81,"{""competence-techniques-informatiques-gestion"": 1, ""competence-electronique-systemes"": 2, ""competence-multimedia-telecommunications"": 5, ""competence-statistiques-informatique"": 5}",informatique;tourisme,projet_personnel_tech,fonction_publique,bureau,parcours-imticia
cand-000311,matiere_synthetique_13;matiere_synthetique_16,12.34,"{""competence-techniques-informatiques-gestion"": 4, ""competence-electronique-systemes"": 0, ""competence-multimedia-telecommunications"": 5, ""competence-statistiques-informatique"": 3}",informatique;management;tourisme,,enseignement,teletravail,parcours-imticia
cand-000641,matiere_synthetique_17;matiere_synthetique_4;matiere_synthetique_15,17.02,"{""competence-techniques-informatiques-gestion"": 1, ""competence-electronique-systemes"": 4, ""competence-multimedia-telecommunications"": 5, ""competence-statistiques-informatique"": 0}",ecologie;design,projet_associatif,enseignement,hybride,parcours-imticia
cand-001535,matiere_synthetique_8,13.12,"{""competence-techniques-informatiques-gestion"": 1, ""competence-electronique-systemes"": 1, ""competence-multimedia-telecommunications"": 5, ""competence-statistiques-informatique"": 2}",ecologie,projet_associatif,fonction_publique,teletravail,parcours-imticia
cand-001572,matiere_synthetique_19;matiere_synthetique_4;matiere_synthetique_4,16.84,"{""competence-techniques-informatiques-gestion"": 5, ""competence-electronique-systemes"": 5, ""competence-multimedia-telecommunications"": 2, ""competence-statistiques-informatique"": 5}",finance;design;tourisme,,recherche,bureau,parcours-igglia
cand-001826,matiere_synthetique_2,12.4,"{""competence-techniques-informatiques-gestion"": 3, ""competence-electronique-systemes"": 1, ""competence-multimedia-telecommunications"": 5, ""competence-statistiques-informatique"": 2}",tourisme,,salariat,terrain,parcours-imticia
cand-001370,matiere_synthetique_6,19.29,"{""competence-techniques-informatiques-gestion"": 5, ""competence-electronique-systemes"": 3, ""competence-multimedia-telecommunications"": 4, ""competence-statistiques-informatique"": 2}",management,,salariat,bureau,parcours-igglia
cand-001819,matiere_synthetique_4,15.77,"{""competence-techniques-informatiques-gestion"": 2, ""competence-electronique-systemes"": 0, ""competence-multimedia-telecommunications"": 5, ""competence-statistiques-informatique"": 0}",finance;agriculture,projet_personnel_tech;projet_associatif,entrepreneuriat,bureau,parcours-imticia
cand-000435,matiere_synthetique_17;matiere_synthetique_15,10.56,"{""competence-techniques-informatiques-gestion"": 5, ""competence-electronique-systemes"": 4, ""competence-multimedia-telecommunications"": 5, ""competence-statistiques-informatique"": 3}",design;informatique;management,projet_personnel_tech,salariat,hybride,parcours-igglia
cand-001562,matiere_synthetique_5;matiere_synthetique_1;matiere_synthetique_2,5.59,"{""competence-techniques-informatiques-gestion"": 2, ""competence-electronique-systemes"": 4, ""competence-multimedia-telecommunications"": 5, ""competence-statistiques-informatique"": 2}",sante,projet_personnel_tech,fonction_publique,hybride,parcours-imticia
cand-001322,matiere_synthetique_17;matiere_synthetique_12;matiere_synthetique_14,11.51,"{""competence-techniques-informatiques-gestion"": 5, ""competence-electronique-systemes"": 1, ""competence-multimedia-telecommunications"": 0, ""competence-statistiques-informatique"": 3}",finance;agriculture,,salariat,teletravail,parcours-igglia
cand-000609,matiere_synthetique_15;matiere_synthetique_14,10.45,"{""competence-techniques-informatiques-gestion"": 5, ""competence-electronique-systemes"": 2, ""competence-multimedia-telecommunications"": 1, ""competence-statistiques-informatique"": 4}",ecologie,,entrepreneuriat,teletravail,parcours-igglia
cand-000308,matiere_synthetique_20;matiere_synthetique_1;matiere_synthetique_10,13.27,"{""competence-techniques-informatiques-gestion"": 5, ""competence-electronique-systemes"": 3, ""competence-multimedia-telecommunications"": 3, ""competence-statistiques-informatique"": 0}",ecologie,,enseignement,teletravail,parcours-igglia
cand-001010,matiere_synthetique_13;matiere_synthetique_19,12.08,"{""competence-techniques-informatiques-gestion"": 3, ""competence-electronique-systemes"": 5, ""competence-multimedia-telecommunications"": 5, ""competence-statistiques-informatique"": 5}",sante;agriculture,,fonction_publique,hybride,parcours-esiia
cand-001729,matiere_synthetique_19;matiere_synthetique_4;matiere_synthetique_3,12.63,"{""competence-techniques-informatiques-gestion"": 1, ""competence-electronique-systemes"": 5, ""competence-multimedia-telecommunications"": 0, ""competence-statistiques-informatique"": 5}",design;agriculture;ecologie,,fonction_publique,bureau,parcours-esiia
cand-001890,matiere_synthetique_18,12.36,"{""competence-techniques-informatiques-gestion"": 4, ""competence-electronique-systemes"": 3, ""competence-multimedia-telecommunications"": 3, ""competence-statistiques-informatique"": 2}",management;tourisme,,salariat,hybride,parcours-igglia
cand-000153,matiere_synthetique_14;matiere_synthetique_8;matiere_synthetique_2,9.17,"{""competence-techniques-informatiques-gestion"": 5, ""competence-electronique-systemes"": 1, ""competence-multimedia-telecommunications"": 2, ""competence-statistiques-informatique"": 2}",informatique;ecologie;sante,,recherche,terrain,parcours-igglia
cand-001873,matiere_synthetique_10,15.15,"{""competence-techniques-informatiques-gestion"": 2, ""competence-electronique-systemes"": 2, ""competence-multimedia-telecommunications"": 4, ""competence-statistiques-informatique"": 1}",tourisme,projet_associatif,entrepreneuriat,teletravail,parcours-imticia
cand-001644,matiere_synthetique_11;matiere_synthetique_11;matiere_synthetique_16,16.26,"{""competence-techniques-informatiques-gestion"": 1, ""competence-electronique-systemes"": 5, ""competence-multimedia-telecommunications"": 4, ""competence-statistiques-informatique"": 1}",tourisme;informatique,,recherche,hybride,parcours-esiia
cand-000807,matiere_synthetique_11;matiere_synthetique_10;matiere_synthetique_3,8.96,"{""competence-techniques-informatiques-gestion"": 1, ""competence-electronique-systemes"": 5, ""competence-multimedia-telecommunications"": 5, ""competence-statistiques-informatique"": 4}",ecologie;design,projet_associatif,recherche,bureau,parcours-esiia
cand-000231,matiere_synthetique_12;matiere_synthetique_20;matiere_synthetique_9,16.01,"{""competence-techniques-informatiques-gestion"": 2, ""competence-electronique-systemes"": 4, ""competence-multimedia-telecommunications"": 4, ""competence-statistiques-informatique"": 3}",agriculture;design;robotique,projet_personnel_tech,entrepreneuriat,terrain,parcours-esiia
cand-001052,matiere_synthetique_13;matiere_synthetique_18,10.76,"{""competence-techniques-informatiques-gestion"": 5, ""competence-electronique-systemes"": 5, ""competence-multimedia-telecommunications"": 2, ""competence-statistiques-informatique"": 1}",management,projet_personnel_tech;projet_associatif,entrepreneuriat,bureau,parcours-igglia
cand-000776,matiere_synthetique_14;matiere_synthetique_18,15.61,"{""competence-techniques-informatiques-gestion"": 5, ""competence-electronique-systemes"": 4, ""competence-multimedia-telecommunications"": 2, ""competence-statistiques-informatique"": 5}",management,projet_personnel_tech;projet_associatif,salariat,terrain,parcours-igglia
cand-000932,matiere_synthetique_15,5.36,"{""competence-techniques-informatiques-gestion"": 5, ""competence-electronique-systemes"": 4, ""competence-multimedia-telecommunications"": 2, ""competence-statistiques-informatique"": 1}",tourisme;management;design,,entrepreneuriat,terrain,parcours-igglia
cand-001821,matiere_synthetique_3,9.15,"{""competence-techniques-informatiques-gestion"": 3, ""competence-electronique-systemes"": 1, ""competence-multimedia-telecommunications"": 2, ""competence-statistiques-informatique"": 4}",agriculture;informatique,projet_associatif,enseignement,teletravail,parcours-isaia
cand-000883,matiere_synthetique_18;matiere_synthetique_11;matiere_synthetique_16,14.46,"{""competence-techniques-informatiques-gestion"": 4, ""competence-electronique-systemes"": 4, ""competence-multimedia-telecommunications"": 5, ""competence-statistiques-informatique"": 2}",robotique,projet_personnel_tech,recherche,hybride,parcours-imticia
cand-001986,matiere_synthetique_1,13.17,"{""competence-techniques-informatiques-gestion"": 4, ""competence-electronique-systemes"": 5, ""competence-multimedia-telecommunications"": 2, ""competence-statistiques-informatique"": 5}",robotique,,entrepreneuriat,hybride,parcours-esiia
cand-000040,matiere_synthetique_3;matiere_synthetique_6;matiere_synthetique_1,11.46,"{""competence-techniques-informatiques-gestion"": 0, ""competence-electronique-systemes"": 3, ""competence-multimedia-telecommunications"": 5, ""competence-statistiques-informatique"": 2}",sante;design,projet_personnel_tech,salariat,teletravail,parcours-imticia
cand-001952,matiere_synthetique_20,6.76,"{""competence-techniques-informatiques-gestion"": 3, ""competence-electronique-systemes"": 5, ""competence-multimedia-telecommunications"": 1, ""competence-statistiques-informatique"": 4}",ecologie;tourisme;robotique,,enseignement,teletravail,parcours-esiia
cand-000698,matiere_synthetique_14;matiere_synthetique_1,11.05,"{""competence-techniques-informatiques-gestion"": 3, ""competence-electronique-systemes"": 5, ""competence-multimedia-telecommunications"": 5, ""competence-statistiques-informatique"": 5}",agriculture;robotique,,recherche,hybride,parcours-esiia
cand-001687,matiere_synthetique_15;matiere_synthetique_12,13.08,"{""competence-techniques-informatiques-gestion"": 3, ""competence-electronique-systemes"": 4, ""competence-multimedia-telecommunications"": 5, ""competence-statistiques-informatique"": 4}",finance,projet_associatif,enseignement,terrain,parcours-imticia
cand-001737,matiere_synthetique_2,6.67,"{""competence-techniques-informatiques-gestion"": 4, ""competence-electronique-systemes"": 2, ""competence-multimedia-telecommunications"": 2, ""competence-statistiques-informatique"": 3}",agriculture;design;tourisme,,fonction_publique,bureau,parcours-igglia
cand-000353,matiere_synthetique_7;matiere_synthetique_10;matiere_synthetique_6,17.54,"{""competence-techniques-informatiques-gestion"": 1, ""competence-electronique-systemes"": 5, ""competence-multimedia-telecommunications"": 5, ""competence-statistiques-informatique"": 5}",agriculture;ecologie,,salariat,teletravail,parcours-esiia
cand-000378,matiere_synthetique_16;matiere_synthetique_13;matiere_synthetique_5,12.59,"{""competence-techniques-informatiques-gestion"": 5, ""competence-electronique-systemes"": 5, ""competence-multimedia-telecommunications"": 2, ""competence-statistiques-informatique"": 2}",tourisme,,enseignement,terrain,parcours-igglia
cand-000271,matiere_synthetique_11,11.89,"{""competence-techniques-informatiques-gestion"": 2, ""competence-electronique-systemes"": 3, ""competence-multimedia-telecommunications"": 2, ""competence-statistiques-informatique"": 1}",robotique;informatique,projet_personnel_tech;projet_associatif,salariat,teletravail,parcours-esiia
cand-001944,matiere_synthetique_5;matiere_synthetique_6,18.66,"{""competence-techniques-informatiques-gestion"": 3, ""competence-electronique-systemes"": 1, ""competence-multimedia-telecommunications"": 5, ""competence-statistiques-informatique"": 4}",agriculture;finance;informatique,projet_personnel_tech,salariat,teletravail,parcours-imticia
cand-001396,matiere_synthetique_3,8.25,"{""competence-techniques-informatiques-gestion"": 2, ""competence-electronique-systemes"": 5, ""competence-multimedia-telecommunications"": 5, ""competence-statistiques-informatique"": 3}",management,,entrepreneuriat,bureau,parcours-esiia
cand-001068,matiere_synthetique_7;matiere_synthetique_7;matiere_synthetique_16,12.04,"{""competence-techniques-informatiques-gestion"": 4, ""competence-electronique-systemes"": 4, ""competence-multimedia-telecommunications"": 4, ""competence-statistiques-informatique"": 1}",management,projet_personnel_tech,salariat,terrain,parcours-igglia
cand-000485,matiere_synthetique_3;matiere_synthetique_12;matiere_synthetique_11,16.2,"{""competence-techniques-informatiques-gestion"": 2, ""competence-electronique-systemes"": 1, ""competence-multimedia-telecommunications"": 2, ""competence-statistiques-informatique"": 1}",ecologie,,fonction_publique,hybride,parcours-igglia
cand-000379,matiere_synthetique_19;matiere_synthetique_15,9.86,"{""competence-techniques-informatiques-gestion"": 3, ""competence-electronique-systemes"": 5, ""competence-multimedia-telecommunications"": 2, ""competence-statistiques-informatique"": 5}",design;tourisme;informatique,projet_personnel_tech;projet_associatif,recherche,terrain,parcours-esiia
cand-000750,matiere_synthetique_18;matiere_synthetique_7;matiere_synthetique_7,16.96,"{""competence-techniques-informatiques-gestion"": 5, ""competence-electronique-systemes"": 5, ""competence-multimedia-telecommunications"": 3, ""competence-statistiques-informatique"": 4}",informatique;tourisme,projet_personnel_tech;projet_associatif,entrepreneuriat,bureau,parcours-igglia
cand-001005,matiere_synthetique_13,11.99,"{""competence-techniques-informatiques-gestion"": 2, ""competence-electronique-systemes"": 4, ""competence-multimedia-telecommunications"": 1, ""competence-statistiques-informatique"": 3}",tourisme;informatique,,salariat,teletravail,parcours-esiia
cand-000133,matiere_synthetique_13;matiere_synthetique_18;matiere_synthetique_17,19.83,"{""competence-techniques-informatiques-gestion"": 5, ""competence-electronique-systemes"": 1, ""competence-multimedia-telecommunications"": 5, ""competence-statistiques-informatique"": 1}",sante,,fonction_publique,bureau,parcours-igglia
cand-000603,matiere_synthetique_15;matiere_synthetique_17;matiere_synthetique_5,15.96,"{""competence-techniques-informatiques-gestion"": 1, ""competence-electronique-systemes"": 5, ""competence-multimedia-telecommunications"": 5, ""competence-statistiques-informatique"": 4}",tourisme;management,,entrepreneuriat,teletravail,parcours-esiia
cand-000975,matiere_synthetique_9,14.1,"{""competence-techniques-informatiques-gestion"": 2, ""competence-electronique-systemes"": 5, ""competence-multimedia-telecommunications"": 3, ""competence-statistiques-informatique"": 0}",informatique,,entrepreneuriat,bureau,parcours-esiia
cand-000921,matiere_synthetique_8;matiere_synthetique_5,9.05,"{""competence-techniques-informatiques-gestion"": 1, ""competence-electronique-systemes"": 3, ""competence-multimedia-telecommunications"": 5, ""competence-statistiques-informatique"": 1}",tourisme,projet_personnel_tech;projet_associatif,entrepreneuriat,teletravail,parcours-imticia
cand-001772,matiere_synthetique_4,14.07,"{""competence-techniques-informatiques-gestion"": 5, ""competence-electronique-systemes"": 4, ""competence-multimedia-telecommunications"": 2, ""competence-statistiques-informatique"": 5}",informatique;design,,fonction_publique,hybride,parcours-igglia
cand-001444,matiere_synthetique_11;matiere_synthetique_1,16.67,"{""competence-techniques-informatiques-gestion"": 1, ""competence-electronique-systemes"": 4, ""competence-multimedia-telecommunications"": 3, ""competence-statistiques-informatique"": 2}",tourisme,,recherche,hybride,parcours-esiia
cand-000350,matiere_synthetique_15,14.81,"{""competence-techniques-informatiques-gestion"": 3, ""competence-electronique-systemes"": 0, ""competence-multimedia-telecommunications"": 5, ""competence-statistiques-informatique"": 2}",sante;tourisme;management,projet_personnel_tech,enseignement,bureau,parcours-imticia
cand-001570,matiere_synthetique_10;matiere_synthetique_10;matiere_synthetique_10,11.2,"{""competence-techniques-informatiques-gestion"": 2, ""competence-electronique-systemes"": 4, ""competence-multimedia-telecommunications"": 1, ""competence-statistiques-informatique"": 4}",finance,projet_personnel_tech,salariat,bureau,parcours-esiia
cand-001550,matiere_synthetique_19;matiere_synthetique_18;matiere_synthetique_12,10.28,"{""competence-techniques-informatiques-gestion"": 3, ""competence-electronique-systemes"": 0, ""competence-multimedia-telecommunications"": 5, ""competence-statistiques-informatique"": 2}",ecologie,,enseignement,bureau,parcours-imticia
cand-000194,matiere_synthetique_4;matiere_synthetique_17,10.06,"{""competence-techniques-informatiques-gestion"": 5, ""competence-electronique-systemes"": 1, ""competence-multimedia-telecommunications"": 1, ""competence-statistiques-informatique"": 2}",robotique;sante,,salariat,bureau,parcours-igglia
cand-001841,matiere_synthetique_16;matiere_synthetique_9;matiere_synthetique_16,14.33,"{""competence-techniques-informatiques-gestion"": 2, ""competence-electronique-systemes"": 2, ""competence-multimedia-telecommunications"": 3, ""competence-statistiques-informatique"": 2}",ecologie;robotique;management,projet_associatif,enseignement,hybride,parcours-imticia
cand-001863,matiere_synthetique_8,9.26,"{""competence-techniques-informatiques-gestion"": 5, ""competence-electronique-systemes"": 5, ""competence-multimedia-telecommunications"": 3, ""competence-statistiques-informatique"": 1}",design,,entrepreneuriat,terrain,parcours-igglia
cand-001840,matiere_synthetique_18,13.06,"{""competence-techniques-informatiques-gestion"": 2, ""competence-electronique-systemes"": 4, ""competence-multimedia-telecommunications"": 2, ""competence-statistiques-informatique"": 3}",design,projet_associatif,fonction_publique,teletravail,parcours-esiia
cand-000110,matiere_synthetique_18;matiere_synthetique_5;matiere_synthetique_6,10.54,"{""competence-techniques-informatiques-gestion"": 4, ""competence-electronique-systemes"": 4, ""competence-multimedia-telecommunications"": 5, ""competence-statistiques-informatique"": 4}",informatique;finance,,entrepreneuriat,hybride,parcours-imticia
cand-001351,matiere_synthetique_14,14.9,"{""competence-techniques-informatiques-gestion"": 5, ""competence-electronique-systemes"": 4, ""competence-multimedia-telecommunications"": 3, ""competence-statistiques-informatique"": 5}",informatique,,enseignement,hybride,parcours-igglia
cand-001575,matiere_synthetique_17;matiere_synthetique_15;matiere_synthetique_17,10.8,"{""competence-techniques-informatiques-gestion"": 0, ""competence-electronique-systemes"": 3, ""competence-multimedia-telecommunications"": 5, ""competence-statistiques-informatique"": 3}",ecologie;robotique,,enseignement,teletravail,parcours-imticia
cand-000095,matiere_synthetique_11;matiere_synthetique_7;matiere_synthetique_6,14.04,"{""competence-techniques-informatiques-gestion"": 4, ""competence-electronique-systemes"": 5, ""competence-multimedia-telecommunications"": 1, ""competence-statistiques-informatique"": 5}",finance;sante;management,projet_associatif,recherche,hybride,parcours-esiia
cand-000730,matiere_synthetique_11,15.78,"{""competence-techniques-informatiques-gestion"": 5, ""competence-electronique-systemes"": 1, ""competence-multimedia-telecommunications"": 3, ""competence-statistiques-informatique"": 4}",agriculture;ecologie,projet_personnel_tech;projet_associatif,fonction_publique,terrain,parcours-igglia
cand-000123,matiere_synthetique_4,11.91,"{""competence-techniques-informatiques-gestion"": 3, ""competence-electronique-systemes"": 5, ""competence-multimedia-telecommunications"": 4, ""competence-statistiques-informatique"": 4}",sante;robotique,projet_personnel_tech,entrepreneuriat,bureau,parcours-esiia
cand-001917,matiere_synthetique_4;matiere_synthetique_12;matiere_synthetique_8,10.38,"{""competence-techniques-informatiques-gestion"": 3, ""competence-electronique-systemes"": 5, ""competence-multimedia-telecommunications"": 1, ""competence-statistiques-informatique"": 1}",finance;sante,,salariat,bureau,parcours-esiia
cand-001260,matiere_synthetique_11;matiere_synthetique_12,14.12,"{""competence-techniques-informatiques-gestion"": 4, ""competence-electronique-systemes"": 1, ""competence-multimedia-telecommunications"": 0, ""competence-statistiques-informatique"": 4}",robotique;design,,recherche,bureau,parcours-igglia
cand-000575,matiere_synthetique_4;matiere_synthetique_16;matiere_synthetique_16,13.37,"{""competence-techniques-informatiques-gestion"": 2, ""competence-electronique-systemes"": 2, ""competence-multimedia-telecommunications"": 5, ""competence-statistiques-informatique"": 4}",informatique,projet_associatif,entrepreneuriat,hybride,parcours-imticia
cand-000538,matiere_synthetique_14;matiere_synthetique_5;matiere_synthetique_13,19.27,"{""competence-techniques-informatiques-gestion"": 4, ""competence-electronique-systemes"": 2, ""competence-multimedia-telecommunications"": 4, ""competence-statistiques-informatique"": 5}",tourisme;ecologie;finance,projet_personnel_tech;projet_associatif,enseignement,bureau,parcours-isaia
cand-000519,matiere_synthetique_2;matiere_synthetique_8;matiere_synthetique_13,7.06,"{""competence-techniques-informatiques-gestion"": 5, ""competence-electronique-systemes"": 1, ""competence-multimedia-telecommunications"": 5, ""competence-statistiques-informatique"": 3}",design;robotique;management,projet_personnel_tech,enseignement,terrain,parcours-igglia
cand-000561,matiere_synthetique_8;matiere_synthetique_5,13.09,"{""competence-techniques-informatiques-gestion"": 0, ""competence-electronique-systemes"": 4, ""competence-multimedia-telecommunications"": 1, ""competence-statistiques-informatique"": 4}",management;tourisme;agriculture,,enseignement,terrain,parcours-esiia
cand-001027,matiere_synthetique_18,9.64,"{""competence-techniques-informatiques-gestion"": 0, ""competence-electronique-systemes"": 2, ""competence-multimedia-telecommunications"": 5, ""competence-statistiques-informatique"": 1}",tourisme;design;management,,recherche,hybride,parcours-imticia
cand-000273,matiere_synthetique_18;matiere_synthetique_3;matiere_synthetique_6,10.07,"{""competence-techniques-informatiques-gestion"": 5, ""competence-electronique-systemes"": 1, ""competence-multimedia-telecommunications"": 0, ""competence-statistiques-informatique"": 5}",agriculture;finance,,recherche,teletravail,parcours-igglia
cand-001767,matiere_synthetique_14,17.34,"{""competence-techniques-informatiques-gestion"": 5, ""competence-electronique-systemes"": 1, ""competence-multimedia-telecommunications"": 4, ""competence-statistiques-informatique"": 5}",agriculture,projet_associatif,entrepreneuriat,bureau,parcours-igglia
cand-000093,matiere_synthetique_14;matiere_synthetique_20;matiere_synthetique_1,12.54,"{""competence-techniques-informatiques-gestion"": 3, ""competence-electronique-systemes"": 3, ""competence-multimedia-telecommunications"": 4, ""competence-statistiques-informatique"": 1}",informatique;ecologie;sante,,recherche,terrain,parcours-imticia
cand-000198,matiere_synthetique_19;matiere_synthetique_16,15.61,"{""competence-techniques-informatiques-gestion"": 3, ""competence-electronique-systemes"": 2, ""competence-multimedia-telecommunications"": 4, ""competence-statistiques-informatique"": 4}",informatique;management,projet_personnel_tech,fonction_publique,terrain,parcours-imticia
cand-001104,matiere_synthetique_9;matiere_synthetique_9,10.59,"{""competence-techniques-informatiques-gestion"": 2, ""competence-electronique-systemes"": 5, ""competence-multimedia-telecommunications"": 1, ""competence-statistiques-informatique"": 4}",informatique;ecologie,projet_personnel_tech,recherche,hybride,parcours-esiia
cand-001049,matiere_synthetique_8,9.62,"{""competence-techniques-informatiques-gestion"": 2, ""competence-electronique-systemes"": 0, ""competence-multimedia-telecommunications"": 4, ""competence-statistiques-informatique"": 1}",finance,,salariat,teletravail,parcours-imticia
cand-000055,matiere_synthetique_12;matiere_synthetique_3;matiere_synthetique_13,7.14,"{""competence-techniques-informatiques-gestion"": 4, ""competence-electronique-systemes"": 3, ""competence-multimedia-telecommunications"": 3, ""competence-statistiques-informatique"": 2}",informatique;agriculture,,entrepreneuriat,hybride,parcours-igglia
cand-001891,matiere_synthetique_18;matiere_synthetique_5,13.97,"{""competence-techniques-informatiques-gestion"": 3, ""competence-electronique-systemes"": 1, ""competence-multimedia-telecommunications"": 3, ""competence-statistiques-informatique"": 5}",sante,projet_personnel_tech,recherche,terrain,parcours-isaia
cand-001878,matiere_synthetique_11;matiere_synthetique_17,12.0,"{""competence-techniques-informatiques-gestion"": 5, ""competence-electronique-systemes"": 3, ""competence-multimedia-telecommunications"": 4, ""competence-statistiques-informatique"": 5}",agriculture,,fonction_publique,terrain,parcours-igglia
cand-001012,matiere_synthetique_11;matiere_synthetique_20;matiere_synthetique_10,13.46,"{""competence-techniques-informatiques-gestion"": 2, ""competence-electronique-systemes"": 3, ""competence-multimedia-telecommunications"": 4, ""competence-statistiques-informatique"": 4}",management,,enseignement,teletravail,parcours-imticia
cand-001449,matiere_synthetique_14;matiere_synthetique_5,7.56,"{""competence-techniques-informatiques-gestion"": 4, ""competence-electronique-systemes"": 3, ""competence-multimedia-telecommunications"": 2, ""competence-statistiques-informatique"": 3}",robotique;design,,salariat,bureau,parcours-igglia
cand-001885,matiere_synthetique_9;matiere_synthetique_20;matiere_synthetique_2,15.6,"{""competence-techniques-informatiques-gestion"": 1, ""competence-electronique-systemes"": 2, ""competence-multimedia-telecommunications"": 1, ""competence-statistiques-informatique"": 5}",robotique;ecologie,projet_personnel_tech,salariat,teletravail,parcours-isaia
cand-000432,matiere_synthetique_7,10.03,"{""competence-techniques-informatiques-gestion"": 0, ""competence-electronique-systemes"": 4, ""competence-multimedia-telecommunications"": 1, ""competence-statistiques-informatique"": 2}",finance;sante,,salariat,hybride,parcours-esiia
cand-001656,matiere_synthetique_6;matiere_synthetique_18;matiere_synthetique_16,14.36,"{""competence-techniques-informatiques-gestion"": 3, ""competence-electronique-systemes"": 3, ""competence-multimedia-telecommunications"": 3, ""competence-statistiques-informatique"": 4}",agriculture,,recherche,bureau,parcours-isaia
cand-001554,matiere_synthetique_8;matiere_synthetique_1,14.15,"{""competence-techniques-informatiques-gestion"": 1, ""competence-electronique-systemes"": 3, ""competence-multimedia-telecommunications"": 5, ""competence-statistiques-informatique"": 5}",agriculture,projet_personnel_tech,entrepreneuriat,hybride,parcours-imticia
cand-001865,matiere_synthetique_19;matiere_synthetique_20;matiere_synthetique_20,14.57,"{""competence-techniques-informatiques-gestion"": 3, ""competence-electronique-systemes"": 4, ""competence-multimedia-telecommunications"": 5, ""competence-statistiques-informatique"": 1}",robotique,,fonction_publique,teletravail,parcours-imticia
cand-001064,matiere_synthetique_10,9.61,"{""competence-techniques-informatiques-gestion"": 5, ""competence-electronique-systemes"": 4, ""competence-multimedia-telecommunications"": 5, ""competence-statistiques-informatique"": 5}",management;robotique;sante,,enseignement,teletravail,parcours-igglia
cand-001778,matiere_synthetique_9;matiere_synthetique_1;matiere_synthetique_16,11.21,"{""competence-techniques-informatiques-gestion"": 5, ""competence-electronique-systemes"": 1, ""competence-multimedia-telecommunications"": 5, ""competence-statistiques-informatique"": 2}",tourisme;informatique;ecologie,projet_personnel_tech,salariat,hybride,parcours-igglia
cand-000594,matiere_synthetique_13,18.67,"{""competence-techniques-informatiques-gestion"": 1, ""competence-electronique-systemes"": 5, ""competence-multimedia-telecommunications"": 5, ""competence-statistiques-informatique"": 5}",robotique;design;tourisme,,fonction_publique,bureau,parcours-esiia
cand-000507,matiere_synthetique_16;matiere_synthetique_6;matiere_synthetique_10,7.24,"{""competence-techniques-informatiques-gestion"": 2, ""competence-electronique-systemes"": 5, ""competence-multimedia-telecommunications"": 2, ""competence-statistiques-informatique"": 1}",sante;finance,,entrepreneuriat,terrain,parcours-esiia
cand-001586,matiere_synthetique_2;matiere_synthetique_14,6.65,"{""competence-techniques-informatiques-gestion"": 2, ""competence-electronique-systemes"": 5, ""competence-multimedia-telecommunications"": 2, ""competence-statistiques-informatique"": 1}",ecologie;agriculture,projet_personnel_tech,fonction_publique,terrain,parcours-esiia
cand-000974,matiere_synthetique_2;matiere_synthetique_15,10.28,"{""competence-techniques-informatiques-gestion"": 5, ""competence-electronique-systemes"": 5, ""competence-multimedia-telecommunications"": 3, ""competence-statistiques-informatique"": 5}",informatique;robotique,projet_personnel_tech,fonction_publique,terrain,parcours-igglia
cand-000570,matiere_synthetique_1,10.85,"{""competence-techniques-informatiques-gestion"": 1, ""competence-electronique-systemes"": 4, ""competence-multimedia-telecommunications"": 1, ""competence-statistiques-informatique"": 4}",sante,,fonction_publique,hybride,parcours-esiia
cand-001532,matiere_synthetique_10;matiere_synthetique_4,12.52,"{""competence-techniques-informatiques-gestion"": 1, ""competence-electronique-systemes"": 1, ""competence-multimedia-telecommunications"": 1, ""competence-statistiques-informatique"": 4}",agriculture;management,projet_personnel_tech;projet_associatif,salariat,bureau,parcours-isaia
cand-001421,matiere_synthetique_2;matiere_synthetique_13,18.79,"{""competence-techniques-informatiques-gestion"": 1, ""competence-electronique-systemes"": 4, ""competence-multimedia-telecommunications"": 2, ""competence-statistiques-informatique"": 1}",sante;informatique;finance,,fonction_publique,hybride,parcours-esiia
cand-001304,matiere_synthetique_13;matiere_synthetique_12,15.63,"{""competence-techniques-informatiques-gestion"": 4, ""competence-electronique-systemes"": 5, ""competence-multimedia-telecommunications"": 2, ""competence-statistiques-informatique"": 5}",informatique;design;sante,,recherche,terrain,parcours-esiia
cand-001318,matiere_synthetique_10;matiere_synthetique_1;matiere_synthetique_5,8.1,"{""competence-techniques-informatiques-gestion"": 1, ""competence-electronique-systemes"": 1, ""competence-multimedia-telecommunications"": 4, ""competence-statistiques-informatique"": 5}",agriculture;ecologie,,entrepreneuriat,terrain,parcours-isaia
cand-001539,matiere_synthetique_14;matiere_synthetique_6;matiere_synthetique_13,11.28,"{""competence-techniques-informatiques-gestion"": 2, ""competence-electronique-systemes"": 2, ""competence-multimedia-telecommunications"": 4, ""competence-statistiques-informatique"": 5}",design,,salariat,teletravail,parcours-isaia
cand-000950,matiere_synthetique_9;matiere_synthetique_13,17.37,"{""competence-techniques-informatiques-gestion"": 4, ""competence-electronique-systemes"": 3, ""competence-multimedia-telecommunications"": 4, ""competence-statistiques-informatique"": 3}",informatique,projet_personnel_tech,enseignement,terrain,parcours-igglia
cand-000359,matiere_synthetique_17,15.71,"{""competence-techniques-informatiques-gestion"": 5, ""competence-electronique-systemes"": 4, ""competence-multimedia-telecommunications"": 3, ""competence-statistiques-informatique"": 1}",design,projet_associatif,enseignement,teletravail,parcours-igglia
cand-001454,matiere_synthetique_7;matiere_synthetique_2;matiere_synthetique_20,14.4,"{""competence-techniques-informatiques-gestion"": 0, ""competence-electronique-systemes"": 5, ""competence-multimedia-telecommunications"": 5, ""competence-statistiques-informatique"": 5}",design;agriculture,,recherche,teletravail,parcours-esiia
cand-000381,matiere_synthetique_15;matiere_synthetique_5,8.48,"{""competence-techniques-informatiques-gestion"": 5, ""competence-electronique-systemes"": 3, ""competence-multimedia-telecommunications"": 1, ""competence-statistiques-informatique"": 5}",tourisme;agriculture,,recherche,teletravail,parcours-igglia
cand-001711,matiere_synthetique_12,17.04,"{""competence-techniques-informatiques-gestion"": 5, ""competence-electronique-systemes"": 4, ""competence-multimedia-telecommunications"": 2, ""competence-statistiques-informatique"": 4}",sante;robotique,projet_associatif,fonction_publique,teletravail,parcours-igglia
cand-000656,matiere_synthetique_8,12.79,"{""competence-techniques-informatiques-gestion"": 0, ""competence-electronique-systemes"": 4, ""competence-multimedia-telecommunications"": 5, ""competence-statistiques-informatique"": 4}",robotique;management,,fonction_publique,bureau,parcours-imticia
cand-000067,matiere_synthetique_7;matiere_synthetique_17,10.89,"{""competence-techniques-informatiques-gestion"": 3, ""competence-electronique-systemes"": 4, ""competence-multimedia-telecommunications"": 3, ""competence-statistiques-informatique"": 0}",informatique;robotique,projet_personnel_tech,salariat,teletravail,parcours-esiia
cand-001893,matiere_synthetique_9;matiere_synthetique_10,16.35,"{""competence-techniques-informatiques-gestion"": 3, ""competence-electronique-systemes"": 5, ""competence-multimedia-telecommunications"": 4, ""competence-statistiques-informatique"": 3}",design;tourisme,,recherche,hybride,parcours-esiia
cand-001746,matiere_synthetique_17,12.7,"{""competence-techniques-informatiques-gestion"": 4, ""competence-electronique-systemes"": 5, ""competence-multimedia-telecommunications"": 1, ""competence-statistiques-informatique"": 1}",ecologie;informatique,,salariat,teletravail,parcours-esiia
cand-001429,matiere_synthetique_2;matiere_synthetique_4,14.52,"{""competence-techniques-informatiques-gestion"": 3, ""competence-electronique-systemes"": 1, ""competence-multimedia-telecommunications"": 5, ""competence-statistiques-informatique"": 5}",tourisme;agriculture;management,projet_personnel_tech,entrepreneuriat,terrain,parcours-imticia
cand-000778,matiere_synthetique_9;matiere_synthetique_19;matiere_synthetique_17,8.68,"{""competence-techniques-informatiques-gestion"": 5, ""competence-electronique-systemes"": 5, ""competence-multimedia-telecommunications"": 5, ""competence-statistiques-informatique"": 4}",finance;sante,projet_personnel_tech,fonction_publique,bureau,parcours-igglia
cand-001189,matiere_synthetique_7;matiere_synthetique_9;matiere_synthetique_20,10.03,"{""competence-techniques-informatiques-gestion"": 1, ""competence-electronique-systemes"": 5, ""competence-multimedia-telecommunications"": 5, ""competence-statistiques-informatique"": 5}",agriculture;robotique,projet_personnel_tech,entrepreneuriat,bureau,parcours-esiia
cand-001450,matiere_synthetique_3;matiere_synthetique_5;matiere_synthetique_7,8.76,"{""competence-techniques-informatiques-gestion"": 1, ""competence-electronique-systemes"": 2, ""competence-multimedia-telecommunications"": 5, ""competence-statistiques-informatique"": 5}",tourisme;agriculture,,salariat,hybride,parcours-imticia
cand-001486,matiere_synthetique_5;matiere_synthetique_6;matiere_synthetique_9,6.94,"{""competence-techniques-informatiques-gestion"": 5, ""competence-electronique-systemes"": 2, ""competence-multimedia-telecommunications"": 4, ""competence-statistiques-informatique"": 3}",informatique;management,,entrepreneuriat,teletravail,parcours-igglia
cand-000186,matiere_synthetique_9;matiere_synthetique_10,8.78,"{""competence-techniques-informatiques-gestion"": 4, ""competence-electronique-systemes"": 2, ""competence-multimedia-telecommunications"": 5, ""competence-statistiques-informatique"": 3}",design;robotique,projet_associatif,fonction_publique,terrain,parcours-imticia
cand-000096,matiere_synthetique_16;matiere_synthetique_10;matiere_synthetique_18,8.71,"{""competence-techniques-informatiques-gestion"": 3, ""competence-electronique-systemes"": 5, ""competence-multimedia-telecommunications"": 4, ""competence-statistiques-informatique"": 2}",robotique;tourisme,projet_personnel_tech,fonction_publique,teletravail,parcours-esiia
cand-000602,matiere_synthetique_18,16.4,"{""competence-techniques-informatiques-gestion"": 5, ""competence-electronique-systemes"": 5, ""competence-multimedia-telecommunications"": 2, ""competence-statistiques-informatique"": 0}",agriculture,projet_personnel_tech,fonction_publique,hybride,parcours-igglia
cand-001321,matiere_synthetique_6;matiere_synthetique_11,10.59,"{""competence-techniques-informatiques-gestion"": 3, ""competence-electronique-systemes"": 5, ""competence-multimedia-telecommunications"": 0, ""competence-statistiques-informatique"": 3}",management;finance,,fonction_publique,teletravail,parcours-esiia
cand-001975,matiere_synthetique_5,17.13,"{""competence-techniques-informatiques-gestion"": 1, ""competence-electronique-systemes"": 3, ""competence-multimedia-telecommunications"": 5, ""competence-statistiques-informatique"": 2}",finance;ecologie,,salariat,bureau,parcours-imticia
cand-001466,matiere_synthetique_6;matiere_synthetique_4,16.29,"{""competence-techniques-informatiques-gestion"": 5, ""competence-electronique-systemes"": 1, ""competence-multimedia-telecommunications"": 5, ""competence-statistiques-informatique"": 5}",ecologie,projet_personnel_tech,enseignement,terrain,parcours-igglia
cand-000400,matiere_synthetique_6;matiere_synthetique_3;matiere_synthetique_9,11.77,"{""competence-techniques-informatiques-gestion"": 2, ""competence-electronique-systemes"": 5, ""competence-multimedia-telecommunications"": 2, ""competence-statistiques-informatique"": 4}",design;finance,,recherche,bureau,parcours-esiia
cand-000390,matiere_synthetique_3,11.79,"{""competence-techniques-informatiques-gestion"": 5, ""competence-electronique-systemes"": 5, ""competence-multimedia-telecommunications"": 3, ""competence-statistiques-informatique"": 2}",ecologie,projet_personnel_tech,recherche,bureau,parcours-igglia
cand-000605,matiere_synthetique_5,15.44,"{""competence-techniques-informatiques-gestion"": 5, ""competence-electronique-systemes"": 2, ""competence-multimedia-telecommunications"": 2, ""competence-statistiques-informatique"": 2}",finance;tourisme;management,projet_personnel_tech,fonction_publique,terrain,parcours-igglia
cand-001224,matiere_synthetique_16,14.37,"{""competence-techniques-informatiques-gestion"": 4, ""competence-electronique-systemes"": 3, ""competence-multimedia-telecommunications"": 2, ""competence-statistiques-informatique"": 5}",robotique,projet_associatif,recherche,hybride,parcours-isaia
cand-001754,matiere_synthetique_7;matiere_synthetique_4;matiere_synthetique_12,15.39,"{""competence-techniques-informatiques-gestion"": 1, ""competence-electronique-systemes"": 3, ""competence-multimedia-telecommunications"": 5, ""competence-statistiques-informatique"": 5}",tourisme;sante,projet_personnel_tech,entrepreneuriat,hybride,parcours-imticia
cand-001347,matiere_synthetique_8;matiere_synthetique_19,17.64,"{""competence-techniques-informatiques-gestion"": 2, ""competence-electronique-systemes"": 5, ""competence-multimedia-telecommunications"": 5, ""competence-statistiques-informatique"": 2}",design;agriculture,,enseignement,hybride,parcours-esiia
cand-001820,matiere_synthetique_5;matiere_synthetique_5;matiere_synthetique_4,10.96,"{""competence-techniques-informatiques-gestion"": 5, ""competence-electronique-systemes"": 4, ""competence-multimedia-telecommunications"": 4, ""competence-statistiques-informatique"": 2}",tourisme,projet_personnel_tech,enseignement,teletravail,parcours-igglia
cand-001081,matiere_synthetique_16;matiere_synthetique_9,12.78,"{""competence-techniques-informatiques-gestion"": 5, ""competence-electronique-systemes"": 4, ""competence-multimedia-telecommunications"": 5, ""competence-statistiques-informatique"": 3}",design,projet_personnel_tech,entrepreneuriat,teletravail,parcours-igglia
cand-000471,matiere_synthetique_16;matiere_synthetique_4;matiere_synthetique_5,17.44,"{""competence-techniques-informatiques-gestion"": 4, ""competence-electronique-systemes"": 3, ""competence-multimedia-telecommunications"": 5, ""competence-statistiques-informatique"": 5}",management;agriculture;sante,,enseignement,hybride,parcours-imticia
cand-001323,matiere_synthetique_17;matiere_synthetique_10,18.77,"{""competence-techniques-informatiques-gestion"": 5, ""competence-electronique-systemes"": 1, ""competence-multimedia-telecommunications"": 4, ""competence-statistiques-informatique"": 3}",agriculture;informatique,projet_personnel_tech,enseignement,bureau,parcours-igglia
cand-000202,matiere_synthetique_15,11.54,"{""competence-techniques-informatiques-gestion"": 5, ""competence-electronique-systemes"": 4, ""competence-multimedia-telecommunications"": 2, ""competence-statistiques-informatique"": 0}",tourisme;agriculture,projet_associatif,salariat,hybride,parcours-igglia
cand-001549,matiere_synthetique_8,5.96,"{""competence-techniques-informatiques-gestion"": 3, ""competence-electronique-systemes"": 2, ""competence-multimedia-telecommunications"": 2, ""competence-statistiques-informatique"": 1}",ecologie,projet_personnel_tech,recherche,bureau,parcours-igglia
cand-000344,matiere_synthetique_19,16.87,"{""competence-techniques-informatiques-gestion"": 5, ""competence-electronique-systemes"": 4, ""competence-multimedia-telecommunications"": 5, ""competence-statistiques-informatique"": 5}",sante,projet_personnel_tech,fonction_publique,hybride,parcours-igglia
cand-000445,matiere_synthetique_3;matiere_synthetique_10;matiere_synthetique_15,10.88,"{""competence-techniques-informatiques-gestion"": 5, ""competence-electronique-systemes"": 5, ""competence-multimedia-telecommunications"": 2, ""competence-statistiques-informatique"": 2}",design;finance;sante,,fonction_publique,bureau,parcours-igglia
cand-000442,matiere_synthetique_19;matiere_synthetique_15,14.08,"{""competence-techniques-informatiques-gestion"": 2, ""competence-electronique-systemes"": 0, ""competence-multimedia-telecommunications"": 4, ""competence-statistiques-informatique"": 0}",management,,salariat,terrain,parcours-imticia
cand-000858,matiere_synthetique_9;matiere_synthetique_19;matiere_synthetique_11,18.58,"{""competence-techniques-informatiques-gestion"": 5, ""competence-electronique-systemes"": 5, ""competence-multimedia-telecommunications"": 4, ""competence-statistiques-informatique"": 1}",informatique;sante;management,,salariat,hybride,parcours-igglia
cand-000635,matiere_synthetique_12;matiere_synthetique_20;matiere_synthetique_11,12.9,"{""competence-techniques-informatiques-gestion"": 1, ""competence-electronique-systemes"": 5, ""competence-multimedia-telecommunications"": 5, ""competence-statistiques-informatique"": 5}",management;design;sante,,enseignement,bureau,parcours-esiia
cand-000440,matiere_synthetique_15,11.14,"{""competence-techniques-informatiques-gestion"": 2, ""competence-electronique-systemes"": 1, ""competence-multimedia-telecommunications"": 3, ""competence-statistiques-informatique"": 4}",design;tourisme,projet_associatif,entrepreneuriat,terrain,parcours-isaia
cand-001922,matiere_synthetique_14,9.97,"{""competence-techniques-informatiques-gestion"": 2, ""competence-electronique-systemes"": 2, ""competence-multimedia-telecommunications"": 2, ""competence-statistiques-informatique"": 1}",finance,projet_associatif,salariat,bureau,parcours-igglia
cand-001777,matiere_synthetique_17;matiere_synthetique_1,11.31,"{""competence-techniques-informatiques-gestion"": 2, ""competence-electronique-systemes"": 5, ""competence-multimedia-telecommunications"": 4, ""competence-statistiques-informatique"": 2}",management;sante;finance,,fonction_publique,bureau,parcours-esiia
cand-001678,matiere_synthetique_18;matiere_synthetique_7,10.0,"{""competence-techniques-informatiques-gestion"": 4, ""competence-electronique-systemes"": 3, ""competence-multimedia-telecommunications"": 5, ""competence-statistiques-informatique"": 5}",management;finance;informatique,projet_personnel_tech,fonction_publique,bureau,parcours-imticia
cand-001328,matiere_synthetique_15;matiere_synthetique_5,8.4,"{""competence-techniques-informatiques-gestion"": 5, ""competence-electronique-systemes"": 0, ""competence-multimedia-telecommunications"": 5, ""competence-statistiques-informatique"": 3}",robotique;informatique,,salariat,bureau,parcours-igglia
cand-001470,matiere_synthetique_4;matiere_synthetique_13,16.3,"{""competence-techniques-informatiques-gestion"": 0, ""competence-electronique-systemes"": 5, ""competence-multimedia-telecommunications"": 5, ""competence-statistiques-informatique"": 5}",robotique;ecologie;management,projet_associatif,entrepreneuriat,hybride,parcours-esiia
cand-000612,matiere_synthetique_10,11.34,"{""competence-techniques-informatiques-gestion"": 3, ""competence-electronique-systemes"": 5, ""competence-multimedia-telecommunications"": 5, ""competence-statistiques-informatique"": 4}",tourisme,projet_associatif,fonction_publique,hybride,parcours-esiia
cand-000312,matiere_synthetique_9;matiere_synthetique_9,15.96,"{""competence-techniques-informatiques-gestion"": 2, ""competence-electronique-systemes"": 5, ""competence-multimedia-telecommunications"": 2, ""competence-statistiques-informatique"": 2}",robotique;informatique,,entrepreneuriat,hybride,parcours-esiia
cand-001723,matiere_synthetique_16;matiere_synthetique_17;matiere_synthetique_12,13.66,"{""competence-techniques-informatiques-gestion"": 3, ""competence-electronique-systemes"": 4, ""competence-multimedia-telecommunications"": 5, ""competence-statistiques-informatique"": 5}",informatique;sante;finance,projet_personnel_tech,recherche,bureau,parcours-imticia
cand-001263,matiere_synthetique_2,13.59,"{""competence-techniques-informatiques-gestion"": 1, ""competence-electronique-systemes"": 2, ""competence-multimedia-telecommunications"": 0, ""competence-statistiques-informatique"": 3}",management;sante;ecologie,projet_associatif,enseignement,bureau,parcours-isaia
cand-001167,matiere_synthetique_8;matiere_synthetique_19;matiere_synthetique_2,16.91,"{""competence-techniques-informatiques-gestion"": 5, ""competence-electronique-systemes"": 1, ""competence-multimedia-telecommunications"": 3, ""competence-statistiques-informatique"": 3}",sante,,enseignement,terrain,parcours-igglia
cand-001453,matiere_synthetique_9,19.04,"{""competence-techniques-informatiques-gestion"": 0, ""competence-electronique-systemes"": 5, ""competence-multimedia-telecommunications"": 3, ""competence-statistiques-informatique"": 4}",sante;tourisme,projet_personnel_tech,enseignement,terrain,parcours-esiia
cand-001596,matiere_synthetique_8;matiere_synthetique_8,8.37,"{""competence-techniques-informatiques-gestion"": 3, ""competence-electronique-systemes"": 4, ""competence-multimedia-telecommunications"": 3, ""competence-statistiques-informatique"": 3}",informatique;design;agriculture,,fonction_publique,hybride,parcours-esiia
cand-001273,matiere_synthetique_18;matiere_synthetique_20;matiere_synthetique_2,14.37,"{""competence-techniques-informatiques-gestion"": 5, ""competence-electronique-systemes"": 1, ""competence-multimedia-telecommunications"": 1, ""competence-statistiques-informatique"": 1}",tourisme;agriculture;robotique,,enseignement,terrain,parcours-igglia
cand-001089,matiere_synthetique_6;matiere_synthetique_16,13.62,"{""competence-techniques-informatiques-gestion"": 3, ""competence-electronique-systemes"": 5, ""competence-multimedia-telecommunications"": 3, ""competence-statistiques-informatique"": 3}",management,,recherche,terrain,parcours-esiia
cand-000030,matiere_synthetique_14;matiere_synthetique_5;matiere_synthetique_15,9.73,"{""competence-techniques-informatiques-gestion"": 3, ""competence-electronique-systemes"": 5, ""competence-multimedia-telecommunications"": 4, ""competence-statistiques-informatique"": 1}",informatique;robotique,,entrepreneuriat,bureau,parcours-esiia
cand-000053,matiere_synthetique_7,15.18,"{""competence-techniques-informatiques-gestion"": 2, ""competence-electronique-systemes"": 1, ""competence-multimedia-telecommunications"": 4, ""competence-statistiques-informatique"": 0}",ecologie;management,,enseignement,terrain,parcours-imticia
cand-000744,matiere_synthetique_6;matiere_synthetique_7;matiere_synthetique_4,6.99,"{""competence-techniques-informatiques-gestion"": 4, ""competence-electronique-systemes"": 3, ""competence-multimedia-telecommunications"": 5, ""competence-statistiques-informatique"": 5}",sante;robotique,,enseignement,hybride,parcours-imticia
cand-000357,matiere_synthetique_14,16.67,"{""competence-techniques-informatiques-gestion"": 3, ""competence-electronique-systemes"": 5, ""competence-multimedia-telecommunications"": 5, ""competence-statistiques-informatique"": 5}",finance;design,,salariat,hybride,parcours-esiia
cand-001544,matiere_synthetique_3;matiere_synthetique_17;matiere_synthetique_9,8.44,"{""competence-techniques-informatiques-gestion"": 5, ""competence-electronique-systemes"": 3, ""competence-multimedia-telecommunications"": 3, ""competence-statistiques-informatique"": 2}",agriculture;design;robotique,,enseignement,bureau,parcours-igglia
cand-001075,matiere_synthetique_13,14.34,"{""competence-techniques-informatiques-gestion"": 1, ""competence-electronique-systemes"": 5, ""competence-multimedia-telecommunications"": 1, ""competence-statistiques-informatique"": 3}",ecologie,,enseignement,bureau,parcours-esiia
cand-001904,matiere_synthetique_13;matiere_synthetique_11;matiere_synthetique_7,19.69,"{""competence-techniques-informatiques-gestion"": 1, ""competence-electronique-systemes"": 5, ""competence-multimedia-telecommunications"": 1, ""competence-statistiques-informatique"": 2}",robotique,projet_associatif,fonction_publique,teletravail,parcours-esiia
cand-000705,matiere_synthetique_9;matiere_synthetique_19,19.32,"{""competence-techniques-informatiques-gestion"": 4, ""competence-electronique-systemes"": 4, ""competence-multimedia-telecommunications"": 2, ""competence-statistiques-informatique"": 0}",robotique;informatique,,salariat,bureau,parcours-igglia
cand-000913,matiere_synthetique_3;matiere_synthetique_19,14.44,"{""competence-techniques-informatiques-gestion"": 1, ""competence-electronique-systemes"": 3, ""competence-multimedia-telecommunications"": 5, ""competence-statistiques-informatique"": 2}",management;informatique;design,projet_personnel_tech,fonction_publique,teletravail,parcours-imticia
cand-001920,matiere_synthetique_10;matiere_synthetique_7,9.84,"{""competence-techniques-informatiques-gestion"": 4, ""competence-electronique-systemes"": 4, ""competence-multimedia-telecommunications"": 1, ""competence-statistiques-informatique"": 5}",finance;tourisme,,recherche,teletravail,parcours-isaia
cand-001002,matiere_synthetique_13;matiere_synthetique_7,8.54,"{""competence-techniques-informatiques-gestion"": 5, ""competence-electronique-systemes"": 4, ""competence-multimedia-telecommunications"": 3, ""competence-statistiques-informatique"": 1}",robotique;sante;management,,salariat,bureau,parcours-igglia
cand-000332,matiere_synthetique_19;matiere_synthetique_1;matiere_synthetique_15,14.14,"{""competence-techniques-informatiques-gestion"": 3, ""competence-electronique-systemes"": 1, ""competence-multimedia-telecommunications"": 5, ""competence-statistiques-informatique"": 3}",informatique;tourisme;sante,,fonction_publique,terrain,parcours-imticia
cand-000828,matiere_synthetique_2,11.8,"{""competence-techniques-informatiques-gestion"": 1, ""competence-electronique-systemes"": 5, ""competence-multimedia-telecommunications"": 3, ""competence-statistiques-informatique"": 5}",tourisme;management;sante,projet_associatif,enseignement,bureau,parcours-esiia
cand-000754,matiere_synthetique_16,13.45,"{""competence-techniques-informatiques-gestion"": 5, ""competence-electronique-systemes"": 1, ""competence-multimedia-telecommunications"": 5, ""competence-statistiques-informatique"": 1}",sante;robotique,projet_personnel_tech,entrepreneuriat,bureau,parcours-igglia
cand-000253,matiere_synthetique_13;matiere_synthetique_3,14.57,"{""competence-techniques-informatiques-gestion"": 3, ""competence-electronique-systemes"": 5, ""competence-multimedia-telecommunications"": 5, ""competence-statistiques-informatique"": 2}",finance;sante,projet_associatif,enseignement,bureau,parcours-esiia
cand-001107,matiere_synthetique_16;matiere_synthetique_7;matiere_synthetique_18,10.25,"{""competence-techniques-informatiques-gestion"": 3, ""competence-electronique-systemes"": 5, ""competence-multimedia-telecommunications"": 2, ""competence-statistiques-informatique"": 3}",finance;informatique,projet_associatif,entrepreneuriat,bureau,parcours-esiia
cand-000927,matiere_synthetique_15,19.64,"{""competence-techniques-informatiques-gestion"": 5, ""competence-electronique-systemes"": 5, ""competence-multimedia-telecommunications"": 2, ""competence-statistiques-informatique"": 1}",sante;ecologie;agriculture,projet_associatif,entrepreneuriat,teletravail,parcours-igglia
cand-000547,matiere_synthetique_18,11.39,"{""competence-techniques-informatiques-gestion"": 1, ""competence-electronique-systemes"": 4, ""competence-multimedia-telecommunications"": 4, ""competence-statistiques-informatique"": 3}",sante,projet_personnel_tech,entrepreneuriat,teletravail,parcours-esiia
cand-001000,matiere_synthetique_14,19.63,"{""competence-techniques-informatiques-gestion"": 5, ""competence-electronique-systemes"": 5, ""competence-multimedia-telecommunications"": 1, ""competence-statistiques-informatique"": 2}",tourisme,,salariat,terrain,parcours-igglia
cand-000010,matiere_synthetique_19;matiere_synthetique_19;matiere_synthetique_16,8.92,"{""competence-techniques-informatiques-gestion"": 4, ""competence-electronique-systemes"": 4, ""competence-multimedia-telecommunications"": 1, ""competence-statistiques-informatique"": 1}",design,,entrepreneuriat,terrain,parcours-igglia
cand-001635,matiere_synthetique_11;matiere_synthetique_16,11.59,"{""competence-techniques-informatiques-gestion"": 5, ""competence-electronique-systemes"": 4, ""competence-multimedia-telecommunications"": 4, ""competence-statistiques-informatique"": 5}",robotique,,entrepreneuriat,terrain,parcours-igglia
cand-001523,matiere_synthetique_1;matiere_synthetique_7,13.73,"{""competence-techniques-informatiques-gestion"": 3, ""competence-electronique-systemes"": 5, ""competence-multimedia-telecommunications"": 3, ""competence-statistiques-informatique"": 5}",design,,fonction_publique,terrain,parcours-esiia
cand-001346,matiere_synthetique_12;matiere_synthetique_19;matiere_synthetique_5,10.51,"{""competence-techniques-informatiques-gestion"": 3, ""competence-electronique-systemes"": 3, ""competence-multimedia-telecommunications"": 4, ""competence-statistiques-informatique"": 3}",tourisme,projet_personnel_tech;projet_associatif,salariat,hybride,parcours-imticia
cand-000302,matiere_synthetique_10,11.82,"{""competence-techniques-informatiques-gestion"": 0, ""competence-electronique-systemes"": 3, ""competence-multimedia-telecommunications"": 3, ""competence-statistiques-informatique"": 5}",design,,recherche,hybride,parcours-isaia
cand-001144,matiere_synthetique_18;matiere_synthetique_14;matiere_synthetique_2,17.48,"{""competence-techniques-informatiques-gestion"": 2, ""competence-electronique-systemes"": 5, ""competence-multimedia-telecommunications"": 5, ""competence-statistiques-informatique"": 1}",robotique;tourisme;informatique,,enseignement,teletravail,parcours-esiia
cand-000959,matiere_synthetique_13;matiere_synthetique_15;matiere_synthetique_16,12.76,"{""competence-techniques-informatiques-gestion"": 1, ""competence-electronique-systemes"": 5, ""competence-multimedia-telecommunications"": 2, ""competence-statistiques-informatique"": 3}",agriculture;tourisme;ecologie,,salariat,teletravail,parcours-esiia
cand-001071,matiere_synthetique_18;matiere_synthetique_8;matiere_synthetique_18,13.82,"{""competence-techniques-informatiques-gestion"": 4, ""competence-electronique-systemes"": 1, ""competence-multimedia-telecommunications"": 5, ""competence-statistiques-informatique"": 5}",design,,enseignement,hybride,parcours-imticia
cand-001845,matiere_synthetique_19,15.68,"{""competence-techniques-informatiques-gestion"": 1, ""competence-electronique-systemes"": 1, ""competence-multimedia-telecommunications"": 0, ""competence-statistiques-informatique"": 4}",finance;tourisme;robotique,projet_personnel_tech,fonction_publique,terrain,parcours-isaia
cand-000495,matiere_synthetique_17;matiere_synthetique_13,10.48,"{""competence-techniques-informatiques-gestion"": 5, ""competence-electronique-systemes"": 5, ""competence-multimedia-telecommunications"": 3, ""competence-statistiques-informatique"": 2}",agriculture,,entrepreneuriat,hybride,parcours-igglia
cand-001934,matiere_synthetique_2;matiere_synthetique_20;matiere_synthetique_11,16.4,"{""competence-techniques-informatiques-gestion"": 5, ""competence-electronique-systemes"": 4, ""competence-multimedia-telecommunications"": 2, ""competence-statistiques-informatique"": 3}",management;informatique;agriculture,projet_personnel_tech,enseignement,terrain,parcours-igglia
cand-001413,matiere_synthetique_12,8.74,"{""competence-techniques-informatiques-gestion"": 1, ""competence-electronique-systemes"": 5, ""competence-multimedia-telecommunications"": 5, ""competence-statistiques-informatique"": 5}",management;design,projet_personnel_tech,entrepreneuriat,teletravail,parcours-esiia
cand-001736,matiere_synthetique_8;matiere_synthetique_2;matiere_synthetique_13,15.65,"{""competence-techniques-informatiques-gestion"": 4, ""competence-electronique-systemes"": 2, ""competence-multimedia-telecommunications"": 4, ""competence-statistiques-informatique"": 0}",management;robotique;informatique,projet_associatif,salariat,terrain,parcours-igglia
cand-000661,matiere_synthetique_16;matiere_synthetique_6;matiere_synthetique_16,18.21,"{""competence-techniques-informatiques-gestion"": 0, ""competence-electronique-systemes"": 5, ""competence-multimedia-telecommunications"": 3, ""competence-statistiques-informatique"": 2}",management;sante,,entrepreneuriat,terrain,parcours-esiia
cand-001950,matiere_synthetique_9,9.68,"{""competence-techniques-informatiques-gestion"": 2, ""competence-electronique-systemes"": 4, ""competence-multimedia-telecommunications"": 0, ""competence-statistiques-informatique"": 4}",ecologie,projet_associatif,entrepreneuriat,terrain,parcours-esiia
cand-001751,matiere_synthetique_7;matiere_synthetique_10,12.67,"{""competence-techniques-informatiques-gestion"": 5, ""competence-electronique-systemes"": 4, ""competence-multimedia-telecommunications"": 5, ""competence-statistiques-informatique"": 3}",ecologie;robotique,,entrepreneuriat,bureau,parcours-igglia
cand-001258,matiere_synthetique_1;matiere_synthetique_11,12.34,"{""competence-techniques-informatiques-gestion"": 4, ""competence-electronique-systemes"": 2, ""competence-multimedia-telecommunications"": 5, ""competence-statistiques-informatique"": 5}",ecologie;sante,projet_associatif,fonction_publique,bureau,parcours-imticia
cand-000643,matiere_synthetique_1,10.63,"{""competence-techniques-informatiques-gestion"": 5, ""competence-electronique-systemes"": 2, ""competence-multimedia-telecommunications"": 4, ""competence-statistiques-informatique"": 4}",informatique;management,,entrepreneuriat,teletravail,parcours-igglia
cand-001900,matiere_synthetique_4;matiere_synthetique_15,13.03,"{""competence-techniques-informatiques-gestion"": 5, ""competence-electronique-systemes"": 1, ""competence-multimedia-telecommunications"": 4, ""competence-statistiques-informatique"": 3}",management,projet_personnel_tech,fonction_publique,bureau,parcours-igglia
cand-001914,matiere_synthetique_9;matiere_synthetique_12,10.37,"{""competence-techniques-informatiques-gestion"": 5, ""competence-electronique-systemes"": 2, ""competence-multimedia-telecommunications"": 5, ""competence-statistiques-informatique"": 1}",finance;informatique,projet_personnel_tech,fonction_publique,terrain,parcours-igglia
cand-001277,matiere_synthetique_15;matiere_synthetique_2;matiere_synthetique_8,16.26,"{""competence-techniques-informatiques-gestion"": 0, ""competence-electronique-systemes"": 4, ""competence-multimedia-telecommunications"": 4, ""competence-statistiques-informatique"": 5}",sante;robotique;ecologie,,enseignement,hybride,parcours-isaia
cand-001426,matiere_synthetique_6,9.91,"{""competence-techniques-informatiques-gestion"": 1, ""competence-electronique-systemes"": 5, ""competence-multimedia-telecommunications"": 4, ""competence-statistiques-informatique"": 3}",informatique;robotique,,entrepreneuriat,terrain,parcours-esiia
cand-001355,matiere_synthetique_7;matiere_synthetique_14,13.78,"{""competence-techniques-informatiques-gestion"": 4, ""competence-electronique-systemes"": 1, ""competence-multimedia-telecommunications"": 2, ""competence-statistiques-informatique"": 5}",informatique,,fonction_publique,teletravail,parcours-isaia
cand-000520,matiere_synthetique_4;matiere_synthetique_4,6.46,"{""competence-techniques-informatiques-gestion"": 0, ""competence-electronique-systemes"": 1, ""competence-multimedia-telecommunications"": 1, ""competence-statistiques-informatique"": 5}",sante;robotique,projet_associatif,recherche,bureau,parcours-isaia
cand-001668,matiere_synthetique_13;matiere_synthetique_15,7.13,"{""competence-techniques-informatiques-gestion"": 4, ""competence-electronique-systemes"": 3, ""competence-multimedia-telecommunications"": 5, ""competence-statistiques-informatique"": 4}",agriculture;finance;robotique,,recherche,teletravail,parcours-imticia
cand-001042,matiere_synthetique_11,11.83,"{""competence-techniques-informatiques-gestion"": 5, ""competence-electronique-systemes"": 4, ""competence-multimedia-telecommunications"": 5, ""competence-statistiques-informatique"": 2}",tourisme,,salariat,teletravail,parcours-igglia
cand-000944,matiere_synthetique_18;matiere_synthetique_1;matiere_synthetique_13,11.97,"{""competence-techniques-informatiques-gestion"": 3, ""competence-electronique-systemes"": 1, ""competence-multimedia-telecommunications"": 5, ""competence-statistiques-informatique"": 5}",ecologie;design;agriculture,,enseignement,terrain,parcours-imticia
cand-001372,matiere_synthetique_1,13.96,"{""competence-techniques-informatiques-gestion"": 2, ""competence-electronique-systemes"": 4, ""competence-multimedia-telecommunications"": 5, ""competence-statistiques-informatique"": 2}",agriculture,projet_personnel_tech,salariat,teletravail,parcours-imticia
cand-001225,matiere_synthetique_9,9.53,"{""competence-techniques-informatiques-gestion"": 5, ""competence-electronique-systemes"": 3, ""competence-multimedia-telecommunications"": 3, ""competence-statistiques-informatique"": 1}",management;agriculture;design,,fonction_publique,hybride,parcours-igglia
cand-001233,matiere_synthetique_19;matiere_synthetique_11;matiere_synthetique_8,15.45,"{""competence-techniques-informatiques-gestion"": 4, ""competence-electronique-systemes"": 5, ""competence-multimedia-telecommunications"": 5, ""competence-statistiques-informatique"": 4}",sante,,enseignement,bureau,parcours-esiia
cand-000969,matiere_synthetique_14;matiere_synthetique_18;matiere_synthetique_18,14.63,"{""competence-techniques-informatiques-gestion"": 1, ""competence-electronique-systemes"": 4, ""competence-multimedia-telecommunications"": 5, ""competence-statistiques-informatique"": 1}",design;ecologie,,fonction_publique,hybride,parcours-imticia
cand-001299,matiere_synthetique_5;matiere_synthetique_1,12.5,"{""competence-techniques-informatiques-gestion"": 1, ""competence-electronique-systemes"": 3, ""competence-multimedia-telecommunications"": 2, ""competence-statistiques-informatique"": 0}",design;sante,projet_personnel_tech,salariat,terrain,parcours-esiia
cand-001007,matiere_synthetique_5;matiere_synthetique_11;matiere_synthetique_18,15.07,"{""competence-techniques-informatiques-gestion"": 2, ""competence-electronique-systemes"": 1, ""competence-multimedia-telecommunications"": 4, ""competence-statistiques-informatique"": 5}",management;design;robotique,,entrepreneuriat,hybride,parcours-isaia
cand-001348,matiere_synthetique_7;matiere_synthetique_5;matiere_synthetique_16,14.42,"{""competence-techniques-informatiques-gestion"": 2, ""competence-electronique-systemes"": 5, ""competence-multimedia-telecommunications"": 3, ""competence-statistiques-informatique"": 3}",robotique,projet_personnel_tech;projet_associatif,recherche,bureau,parcours-esiia
cand-000361,matiere_synthetique_18;matiere_synthetique_6,15.04,"{""competence-techniques-informatiques-gestion"": 4, ""competence-electronique-systemes"": 4, ""competence-multimedia-telecommunications"": 3, ""competence-statistiques-informatique"": 5}",agriculture;informatique,projet_personnel_tech;projet_associatif,recherche,teletravail,parcours-isaia
cand-001742,matiere_synthetique_12;matiere_synthetique_15;matiere_synthetique_15,18.33,"{""competence-techniques-informatiques-gestion"": 3, ""competence-electronique-systemes"": 4, ""competence-multimedia-telecommunications"": 3, ""competence-statistiques-informatique"": 1}",tourisme;finance,projet_personnel_tech,enseignement,bureau,parcours-esiia
cand-001315,matiere_synthetique_13,6.43,"{""competence-techniques-informatiques-gestion"": 1, ""competence-electronique-systemes"": 5, ""competence-multimedia-telecommunications"": 0, ""competence-statistiques-informatique"": 2}",ecologie,,enseignement,hybride,parcours-esiia
cand-001928,matiere_synthetique_7;matiere_synthetique_19,9.95,"{""competence-techniques-informatiques-gestion"": 1, ""competence-electronique-systemes"": 2, ""competence-multimedia-telecommunications"": 5, ""competence-statistiques-informatique"": 5}",sante,,entrepreneuriat,bureau,parcours-imticia
cand-000690,matiere_synthetique_17;matiere_synthetique_17;matiere_synthetique_2,15.3,"{""competence-techniques-informatiques-gestion"": 5, ""competence-electronique-systemes"": 3, ""competence-multimedia-telecommunications"": 2, ""competence-statistiques-informatique"": 2}",ecologie;design;finance,projet_personnel_tech;projet_associatif,enseignement,teletravail,parcours-igglia
cand-000619,matiere_synthetique_20;matiere_synthetique_9;matiere_synthetique_16,12.67,"{""competence-techniques-informatiques-gestion"": 5, ""competence-electronique-systemes"": 5, ""competence-multimedia-telecommunications"": 5, ""competence-statistiques-informatique"": 5}",ecologie,,entrepreneuriat,teletravail,parcours-igglia
cand-000535,matiere_synthetique_20;matiere_synthetique_4;matiere_synthetique_3,14.67,"{""competence-techniques-informatiques-gestion"": 1, ""competence-electronique-systemes"": 4, ""competence-multimedia-telecommunications"": 1, ""competence-statistiques-informatique"": 1}",tourisme;design;management,projet_personnel_tech,enseignement,bureau,parcours-esiia
cand-000203,matiere_synthetique_14,7.05,"{""competence-techniques-informatiques-gestion"": 2, ""competence-electronique-systemes"": 4, ""competence-multimedia-telecommunications"": 2, ""competence-statistiques-informatique"": 5}",design,projet_personnel_tech,fonction_publique,bureau,parcours-isaia
cand-000362,matiere_synthetique_19;matiere_synthetique_1;matiere_synthetique_11,7.61,"{""competence-techniques-informatiques-gestion"": 1, ""competence-electronique-systemes"": 2, ""competence-multimedia-telecommunications"": 3, ""competence-statistiques-informatique"": 1}",management;agriculture,projet_personnel_tech,entrepreneuriat,hybride,parcours-imticia
cand-000128,matiere_synthetique_9;matiere_synthetique_4,9.95,"{""competence-techniques-informatiques-gestion"": 4, ""competence-electronique-systemes"": 1, ""competence-multimedia-telecommunications"": 1, ""competence-statistiques-informatique"": 3}",informatique;tourisme,,fonction_publique,terrain,parcours-igglia
cand-000589,matiere_synthetique_18,9.93,"{""competence-techniques-informatiques-gestion"": 1, ""competence-electronique-systemes"": 3, ""competence-multimedia-telecommunications"": 3, ""competence-statistiques-informatique"": 5}",informatique;management;ecologie,,recherche,terrain,parcours-isaia
cand-000729,matiere_synthetique_13;matiere_synthetique_19;matiere_synthetique_7,11.37,"{""competence-techniques-informatiques-gestion"": 2, ""competence-electronique-systemes"": 5, ""competence-multimedia-telecommunications"": 4, ""competence-statistiques-informatique"": 1}",management;robotique;informatique,projet_personnel_tech,entrepreneuriat,teletravail,parcours-esiia
cand-000373,matiere_synthetique_8,9.9,"{""competence-techniques-informatiques-gestion"": 5, ""competence-electronique-systemes"": 4, ""competence-multimedia-telecommunications"": 4, ""competence-statistiques-informatique"": 5}",management;finance,,recherche,hybride,parcours-igglia
cand-001488,matiere_synthetique_9;matiere_synthetique_9,13.29,"{""competence-techniques-informatiques-gestion"": 4, ""competence-electronique-systemes"": 0, ""competence-multimedia-telecommunications"": 5, ""competence-statistiques-informatique"": 3}",design;ecologie;sante,projet_personnel_tech,salariat,hybride,parcours-imticia
cand-000613,matiere_synthetique_1,17.99,"{""competence-techniques-informatiques-gestion"": 2, ""competence-electronique-systemes"": 4, ""competence-multimedia-telecommunications"": 3, ""competence-statistiques-informatique"": 5}",robotique;informatique,,entrepreneuriat,teletravail,parcours-isaia
cand-001515,matiere_synthetique_1;matiere_synthetique_18;matiere_synthetique_17,13.46,"{""competence-techniques-informatiques-gestion"": 5, ""competence-electronique-systemes"": 2, ""competence-multimedia-telecommunications"": 5, ""competence-statistiques-informatique"": 5}",sante,,salariat,teletravail,parcours-igglia
cand-001298,matiere_synthetique_7;matiere_synthetique_1;matiere_synthetique_13,8.53,"{""competence-techniques-informatiques-gestion"": 5, ""competence-electronique-systemes"": 3, ""competence-multimedia-telecommunications"": 5, ""competence-statistiques-informatique"": 3}",informatique;agriculture;design,projet_personnel_tech,entrepreneuriat,bureau,parcours-igglia
cand-001214,matiere_synthetique_6,16.89,"{""competence-techniques-informatiques-gestion"": 4, ""competence-electronique-systemes"": 4, ""competence-multimedia-telecommunications"": 5, ""competence-statistiques-informatique"": 4}",sante,,fonction_publique,terrain,parcours-imticia
cand-000122,matiere_synthetique_2;matiere_synthetique_20,17.41,"{""competence-techniques-informatiques-gestion"": 1, ""competence-electronique-systemes"": 0, ""competence-multimedia-telecommunications"": 1, ""competence-statistiques-informatique"": 0}",tourisme;robotique;informatique,,enseignement,terrain,parcours-igglia
cand-001825,matiere_synthetique_5,17.95,"{""competence-techniques-informatiques-gestion"": 5, ""competence-electronique-systemes"": 2, ""competence-multimedia-telecommunications"": 4, ""competence-statistiques-informatique"": 4}",robotique;agriculture;finance,,entrepreneuriat,bureau,parcours-igglia
cand-000365,matiere_synthetique_7;matiere_synthetique_12,12.91,"{""competence-techniques-informatiques-gestion"": 3, ""competence-electronique-systemes"": 3, ""competence-multimedia-telecommunications"": 3, ""competence-statistiques-informatique"": 4}",robotique;finance,,entrepreneuriat,terrain,parcours-isaia
cand-000118,matiere_synthetique_7,18.1,"{""competence-techniques-informatiques-gestion"": 5, ""competence-electronique-systemes"": 2, ""competence-multimedia-telecommunications"": 2, ""competence-statistiques-informatique"": 2}",agriculture;tourisme;sante,,recherche,teletravail,parcours-igglia
cand-001921,matiere_synthetique_14;matiere_synthetique_14;matiere_synthetique_4,14.08,"{""competence-techniques-informatiques-gestion"": 4, ""competence-electronique-systemes"": 3, ""competence-multimedia-telecommunications"": 3, ""competence-statistiques-informatique"": 5}",management;tourisme;informatique,,fonction_publique,hybride,parcours-isaia
cand-000761,matiere_synthetique_9,9.33,"{""competence-techniques-informatiques-gestion"": 0, ""competence-electronique-systemes"": 5, ""competence-multimedia-telecommunications"": 5, ""competence-statistiques-informatique"": 3}",sante;management,,entrepreneuriat,hybride,parcours-esiia
cand-000930,matiere_synthetique_3;matiere_synthetique_7;matiere_synthetique_15,12.81,"{""competence-techniques-informatiques-gestion"": 3, ""competence-electronique-systemes"": 4, ""competence-multimedia-telecommunications"": 5, ""competence-statistiques-informatique"": 4}",informatique;finance,,salariat,terrain,parcours-imticia
cand-000791,matiere_synthetique_7;matiere_synthetique_7,13.3,"{""competence-techniques-informatiques-gestion"": 2, ""competence-electronique-systemes"": 5, ""competence-multimedia-telecommunications"": 5, ""competence-statistiques-informatique"": 4}",sante,projet_associatif,entrepreneuriat,hybride,parcours-esiia
cand-001436,matiere_synthetique_7;matiere_synthetique_11;matiere_synthetique_13,10.93,"{""competence-techniques-informatiques-gestion"": 2, ""competence-electronique-systemes"": 0, ""competence-multimedia-telecommunications"": 5, ""competence-statistiques-informatique"": 4}",design;robotique;tourisme,,fonction_publique,terrain,parcours-imticia
cand-000116,matiere_synthetique_14;matiere_synthetique_14;matiere_synthetique_5,11.75,"{""competence-techniques-informatiques-gestion"": 2, ""competence-electronique-systemes"": 2, ""competence-multimedia-telecommunications"": 5, ""competence-statistiques-informatique"": 5}",design;robotique;tourisme,,recherche,terrain,parcours-imticia
cand-001147,matiere_synthetique_16;matiere_synthetique_16,16.12,"{""competence-techniques-informatiques-gestion"": 4, ""competence-electronique-systemes"": 2, ""competence-multimedia-telecommunications"": 0, ""competence-statistiques-informatique"": 5}",management;informatique;robotique,,fonction_publique,teletravail,parcours-isaia
cand-001103,matiere_synthetique_2;matiere_synthetique_12,18.57,"{""competence-techniques-informatiques-gestion"": 0, ""competence-electronique-systemes"": 1, ""competence-multimedia-telecommunications"": 2, ""competence-statistiques-informatique"": 0}",finance,,fonction_publique,bureau,parcours-imticia
cand-000167,matiere_synthetique_13;matiere_synthetique_12;matiere_synthetique_6,9.55,"{""competence-techniques-informatiques-gestion"": 3, ""competence-electronique-systemes"": 5, ""competence-multimedia-telecommunications"": 0, ""competence-statistiques-informatique"": 5}",ecologie;sante;design,,enseignement,teletravail,parcours-esiia
cand-001174,matiere_synthetique_20;matiere_synthetique_20,14.86,"{""competence-techniques-informatiques-gestion"": 4, ""competence-electronique-systemes"": 1, ""competence-multimedia-telecommunications"": 3, ""competence-statistiques-informatique"": 3}",management,,fonction_publique,teletravail,parcours-igglia
cand-000171,matiere_synthetique_19;matiere_synthetique_4;matiere_synthetique_16,11.1,"{""competence-techniques-informatiques-gestion"": 5, ""competence-electronique-systemes"": 3, ""competence-multimedia-telecommunications"": 1, ""competence-statistiques-informatique"": 5}",agriculture;finance;informatique,projet_personnel_tech,entrepreneuriat,teletravail,parcours-igglia
cand-001045,matiere_synthetique_9;matiere_synthetique_13;matiere_synthetique_19,17.35,"{""competence-techniques-informatiques-gestion"": 1, ""competence-electronique-systemes"": 4, ""competence-multimedia-telecommunications"": 3, ""competence-statistiques-informatique"": 3}",informatique,,entrepreneuriat,terrain,parcours-esiia
cand-000484,matiere_synthetique_12;matiere_synthetique_19;matiere_synthetique_17,13.29,"{""competence-techniques-informatiques-gestion"": 5, ""competence-electronique-systemes"": 1, ""competence-multimedia-telecommunications"": 5, ""competence-statistiques-informatique"": 3}",robotique,projet_personnel_tech,entrepreneuriat,teletravail,parcours-igglia
cand-001851,matiere_synthetique_3;matiere_synthetique_13,13.1,"{""competence-techniques-informatiques-gestion"": 5, ""competence-electronique-systemes"": 3, ""competence-multimedia-telecommunications"": 1, ""competence-statistiques-informatique"": 3}",management;sante,projet_personnel_tech,enseignement,teletravail,parcours-igglia
cand-001787,matiere_synthetique_6;matiere_synthetique_17,8.5,"{""competence-techniques-informatiques-gestion"": 0, ""competence-electronique-systemes"": 4, ""competence-multimedia-telecommunications"": 2, ""competence-statistiques-informatique"": 5}",tourisme;sante,projet_associatif,enseignement,teletravail,parcours-isaia
cand-001724,matiere_synthetique_10,10.37,"{""competence-techniques-informatiques-gestion"": 4, ""competence-electronique-systemes"": 5, ""competence-multimedia-telecommunications"": 5, ""competence-statistiques-informatique"": 4}",sante,,entrepreneuriat,teletravail,parcours-esiia
cand-001287,matiere_synthetique_16;matiere_synthetique_15;matiere_synthetique_10,9.33,"{""competence-techniques-informatiques-gestion"": 5, ""competence-electronique-systemes"": 2, ""competence-multimedia-telecommunications"": 3, ""competence-statistiques-informatique"": 2}",informatique,,recherche,bureau,parcours-igglia
cand-000599,matiere_synthetique_2;matiere_synthetique_3;matiere_synthetique_12,17.63,"{""competence-techniques-informatiques-gestion"": 5, ""competence-electronique-systemes"": 4, ""competence-multimedia-telecommunications"": 4, ""competence-statistiques-informatique"": 5}",ecologie;management;finance,,recherche,hybride,parcours-igglia
cand-000742,matiere_synthetique_9;matiere_synthetique_11;matiere_synthetique_15,12.12,"{""competence-techniques-informatiques-gestion"": 4, ""competence-electronique-systemes"": 2, ""competence-multimedia-telecommunications"": 2, ""competence-statistiques-informatique"": 0}",design;finance,,enseignement,hybride,parcours-igglia
cand-001310,matiere_synthetique_10,12.83,"{""competence-techniques-informatiques-gestion"": 5, ""competence-electronique-systemes"": 2, ""competence-multimedia-telecommunications"": 3, ""competence-statistiques-informatique"": 5}",ecologie;design;finance,,enseignement,terrain,parcours-igglia
cand-000225,matiere_synthetique_6,10.36,"{""competence-techniques-informatiques-gestion"": 5, ""competence-electronique-systemes"": 2, ""competence-multimedia-telecommunications"": 3, ""competence-statistiques-informatique"": 5}",finance;robotique,projet_personnel_tech,enseignement,bureau,parcours-igglia
cand-000056,matiere_synthetique_10;matiere_synthetique_14;matiere_synthetique_4,10.6,"{""competence-techniques-informatiques-gestion"": 1, ""competence-electronique-systemes"": 2, ""competence-multimedia-telecommunications"": 3, ""competence-statistiques-informatique"": 4}",ecologie;design;agriculture,projet_personnel_tech,enseignement,teletravail,parcours-isaia
cand-001084,matiere_synthetique_12;matiere_synthetique_7;matiere_synthetique_4,11.19,"{""competence-techniques-informatiques-gestion"": 2, ""competence-electronique-systemes"": 2, ""competence-multimedia-telecommunications"": 5, ""competence-statistiques-informatique"": 5}",finance,projet_personnel_tech,salariat,hybride,parcours-imticia
cand-001780,matiere_synthetique_19,14.07,"{""competence-techniques-informatiques-gestion"": 1, ""competence-electronique-systemes"": 5, ""competence-multimedia-telecommunications"": 5, ""competence-statistiques-informatique"": 1}",management,projet_personnel_tech,enseignement,bureau,parcours-esiia
cand-000348,matiere_synthetique_6;matiere_synthetique_18;matiere_synthetique_11,17.78,"{""competence-techniques-informatiques-gestion"": 3, ""competence-electronique-systemes"": 3, ""competence-multimedia-telecommunications"": 5, ""competence-statistiques-informatique"": 0}",tourisme;agriculture;design,,salariat,bureau,parcours-imticia
cand-000586,matiere_synthetique_15,13.79,"{""competence-techniques-informatiques-gestion"": 1, ""competence-electronique-systemes"": 4, ""competence-multimedia-telecommunications"": 1, ""competence-statistiques-informatique"": 4}",informatique;design,projet_associatif,salariat,hybride,parcours-esiia
cand-001465,matiere_synthetique_7;matiere_synthetique_4;matiere_synthetique_19,9.86,"{""competence-techniques-informatiques-gestion"": 1, ""competence-electronique-systemes"": 1, ""competence-multimedia-telecommunications"": 5, ""competence-statistiques-informatique"": 5}",management;tourisme;design,,fonction_publique,terrain,parcours-imticia
cand-001440,matiere_synthetique_1;matiere_synthetique_15,9.17,"{""competence-techniques-informatiques-gestion"": 3, ""competence-electronique-systemes"": 3, ""competence-multimedia-telecommunications"": 4, ""competence-statistiques-informatique"": 5}",sante,,fonction_publique,hybride,parcours-isaia
cand-000726,matiere_synthetique_15,14.24,"{""competence-techniques-informatiques-gestion"": 5, ""competence-electronique-systemes"": 3, ""competence-multimedia-telecommunications"": 4, ""competence-statistiques-informatique"": 4}",finance;robotique,,recherche,teletravail,parcours-igglia
cand-001091,matiere_synthetique_3;matiere_synthetique_10;matiere_synthetique_8,9.63,"{""competence-techniques-informatiques-gestion"": 3, ""competence-electronique-systemes"": 5, ""competence-multimedia-telecommunications"": 4, ""competence-statistiques-informatique"": 3}",informatique,projet_associatif,fonction_publique,teletravail,parcours-esiia
cand-001735,matiere_synthetique_16;matiere_synthetique_12,15.92,"{""competence-techniques-informatiques-gestion"": 2, ""competence-electronique-systemes"": 5, ""competence-multimedia-telecommunications"": 1, ""competence-statistiques-informatique"": 1}",ecologie,,salariat,bureau,parcours-esiia
cand-000036,matiere_synthetique_18;matiere_synthetique_11,10.29,"{""competence-techniques-informatiques-gestion"": 2, ""competence-electronique-systemes"": 2, ""competence-multimedia-telecommunications"": 4, ""competence-statistiques-informatique"": 3}",sante,projet_personnel_tech,recherche,bureau,parcours-imticia
cand-001384,matiere_synthetique_1;matiere_synthetique_18,17.61,"{""competence-techniques-informatiques-gestion"": 5, ""competence-electronique-systemes"": 0, ""competence-multimedia-telecommunications"": 0, ""competence-statistiques-informatique"": 3}",finance,projet_personnel_tech,enseignement,teletravail,parcours-igglia
cand-001132,matiere_synthetique_1;matiere_synthetique_10;matiere_synthetique_13,10.79,"{""competence-techniques-informatiques-gestion"": 1, ""competence-electronique-systemes"": 4, ""competence-multimedia-telecommunications"": 0, ""competence-statistiques-informatique"": 2}",ecologie;finance;informatique,projet_personnel_tech,salariat,terrain,parcours-esiia
cand-000259,matiere_synthetique_17,15.7,"{""competence-techniques-informatiques-gestion"": 5, ""competence-electronique-systemes"": 3, ""competence-multimedia-telecommunications"": 3, ""competence-statistiques-informatique"": 1}",ecologie,projet_personnel_tech;projet_associatif,entrepreneuriat,hybride,parcours-igglia
cand-001272,matiere_synthetique_14;matiere_synthetique_11;matiere_synthetique_9,16.26,"{""competence-techniques-informatiques-gestion"": 3, ""competence-electronique-systemes"": 5, ""competence-multimedia-telecommunications"": 5, ""competence-statistiques-informatique"": 3}",finance,,salariat,bureau,parcours-esiia
cand-001356,matiere_synthetique_9;matiere_synthetique_5;matiere_synthetique_13,16.61,"{""competence-techniques-informatiques-gestion"": 2, ""competence-electronique-systemes"": 4, ""competence-multimedia-telecommunications"": 4, ""competence-statistiques-informatique"": 0}",ecologie;design;sante,,salariat,hybride,parcours-esiia
cand-000080,matiere_synthetique_7;matiere_synthetique_5,13.23,"{""competence-techniques-informatiques-gestion"": 3, ""competence-electronique-systemes"": 1, ""competence-multimedia-telecommunications"": 0, ""competence-statistiques-informatique"": 4}",management,,fonction_publique,bureau,parcours-isaia
cand-001653,matiere_synthetique_9,15.27,"{""competence-techniques-informatiques-gestion"": 3, ""competence-electronique-systemes"": 2, ""competence-multimedia-telecommunications"": 3, ""competence-statistiques-informatique"": 1}",design;robotique,projet_personnel_tech;projet_associatif,salariat,bureau,parcours-igglia
cand-001074,matiere_synthetique_18;matiere_synthetique_12,15.58,"{""competence-techniques-informatiques-gestion"": 2, ""competence-electronique-systemes"": 5, ""competence-multimedia-telecommunications"": 5, ""competence-statistiques-informatique"": 5}",design,,enseignement,teletravail,parcours-esiia
cand-001448,matiere_synthetique_5,10.6,"{""competence-techniques-informatiques-gestion"": 2, ""competence-electronique-systemes"": 0, ""competence-multimedia-telecommunications"": 3, ""competence-statistiques-informatique"": 4}",agriculture;design,projet_associatif,salariat,hybride,parcours-isaia
cand-001807,matiere_synthetique_15;matiere_synthetique_14,12.04,"{""competence-techniques-informatiques-gestion"": 5, ""competence-electronique-systemes"": 2, ""competence-multimedia-telecommunications"": 5, ""competence-statistiques-informatique"": 3}",management;ecologie;finance,projet_personnel_tech,enseignement,teletravail,parcours-igglia
cand-000840,matiere_synthetique_18,14.03,"{""competence-techniques-informatiques-gestion"": 1, ""competence-electronique-systemes"": 0, ""competence-multimedia-telecommunications"": 0, ""competence-statistiques-informatique"": 1}",finance;sante,projet_personnel_tech,fonction_publique,bureau,parcours-igglia
cand-001962,matiere_synthetique_17;matiere_synthetique_8,11.16,"{""competence-techniques-informatiques-gestion"": 5, ""competence-electronique-systemes"": 3, ""competence-multimedia-telecommunications"": 5, ""competence-statistiques-informatique"": 4}",design;management,projet_personnel_tech,entrepreneuriat,hybride,parcours-igglia
cand-000657,matiere_synthetique_16;matiere_synthetique_2,10.89,"{""competence-techniques-informatiques-gestion"": 1, ""competence-electronique-systemes"": 4, ""competence-multimedia-telecommunications"": 1, ""competence-statistiques-informatique"": 3}",management;ecologie;finance,,salariat,hybride,parcours-esiia
cand-000282,matiere_synthetique_9,9.83,"{""competence-techniques-informatiques-gestion"": 1, ""competence-electronique-systemes"": 4, ""competence-multimedia-telecommunications"": 1, ""competence-statistiques-informatique"": 4}",robotique;ecologie;sante,projet_associatif,salariat,teletravail,parcours-esiia
cand-001327,matiere_synthetique_2,14.96,"{""competence-techniques-informatiques-gestion"": 4, ""competence-electronique-systemes"": 1, ""competence-multimedia-telecommunications"": 1, ""competence-statistiques-informatique"": 5}",agriculture,,recherche,terrain,parcours-isaia
cand-000568,matiere_synthetique_13,8.45,"{""competence-techniques-informatiques-gestion"": 5, ""competence-electronique-systemes"": 1, ""competence-multimedia-telecommunications"": 3, ""competence-statistiques-informatique"": 5}",management;agriculture;tourisme,projet_personnel_tech,enseignement,teletravail,parcours-igglia
cand-000636,matiere_synthetique_17,9.03,"{""competence-techniques-informatiques-gestion"": 2, ""competence-electronique-systemes"": 5, ""competence-multimedia-telecommunications"": 2, ""competence-statistiques-informatique"": 3}",management,,recherche,hybride,parcours-esiia
cand-001223,matiere_synthetique_6;matiere_synthetique_10,17.39,"{""competence-techniques-informatiques-gestion"": 4, ""competence-electronique-systemes"": 1, ""competence-multimedia-telecommunications"": 5, ""competence-statistiques-informatique"": 1}",robotique;design,,recherche,bureau,parcours-imticia
cand-000574,matiere_synthetique_16;matiere_synthetique_13;matiere_synthetique_16,15.06,"{""competence-techniques-informatiques-gestion"": 3, ""competence-electronique-systemes"": 3, ""competence-multimedia-telecommunications"": 3, ""competence-statistiques-informatique"": 4}",informatique,projet_personnel_tech,salariat,bureau,parcours-isaia
cand-000672,matiere_synthetique_7;matiere_synthetique_18;matiere_synthetique_3,11.5,"{""competence-techniques-informatiques-gestion"": 3, ""competence-electronique-systemes"": 2, ""competence-multimedia-telecommunications"": 5, ""competence-statistiques-informatique"": 3}",finance;sante,projet_personnel_tech,enseignement,teletravail,parcours-imticia
cand-001718,matiere_synthetique_2;matiere_synthetique_13;matiere_synthetique_15,9.77,"{""competence-techniques-informatiques-gestion"": 3, ""competence-electronique-systemes"": 5, ""competence-multimedia-telecommunications"": 4, ""competence-statistiques-informatique"": 3}",management;informatique;robotique,,salariat,hybride,parcours-esiia
cand-001879,matiere_synthetique_19,11.65,"{""competence-techniques-informatiques-gestion"": 3, ""competence-electronique-systemes"": 4, ""competence-multimedia-telecommunications"": 3, ""competence-statistiques-informatique"": 5}",informatique;ecologie,,entrepreneuriat,teletravail,parcours-isaia
cand-000652,matiere_synthetique_12;matiere_synthetique_4,13.82,"{""competence-techniques-informatiques-gestion"": 4, ""competence-electronique-systemes"": 4, ""competence-multimedia-telecommunications"": 4, ""competence-statistiques-informatique"": 4}",ecologie,projet_associatif,recherche,hybride,parcours-igglia
cand-001664,matiere_synthetique_19;matiere_synthetique_14,15.37,"{""competence-techniques-informatiques-gestion"": 2, ""competence-electronique-systemes"": 3, ""competence-multimedia-telecommunications"": 1, ""competence-statistiques-informatique"": 3}",tourisme;design;sante,,salariat,bureau,parcours-esiia
cand-001977,matiere_synthetique_9;matiere_synthetique_1;matiere_synthetique_20,10.14,"{""competence-techniques-informatiques-gestion"": 4, ""competence-electronique-systemes"": 3, ""competence-multimedia-telecommunications"": 5, ""competence-statistiques-informatique"": 3}",ecologie;finance,projet_personnel_tech,recherche,hybride,parcours-imticia
cand-000914,matiere_synthetique_1;matiere_synthetique_3;matiere_synthetique_10,9.48,"{""competence-techniques-informatiques-gestion"": 1, ""competence-electronique-systemes"": 2, ""competence-multimedia-telecommunications"": 5, ""competence-statistiques-informatique"": 4}",sante,,fonction_publique,bureau,parcours-imticia
cand-000479,matiere_synthetique_4,8.07,"{""competence-techniques-informatiques-gestion"": 2, ""competence-electronique-systemes"": 0, ""competence-multimedia-telecommunications"": 4, ""competence-statistiques-informatique"": 1}",ecologie;design;sante,,recherche,terrain,parcours-imticia
cand-000041,matiere_synthetique_3,7.03,"{""competence-techniques-informatiques-gestion"": 5, ""competence-electronique-systemes"": 3, ""competence-multimedia-telecommunications"": 4, ""competence-statistiques-informatique"": 4}",robotique;finance,,enseignement,teletravail,parcours-igglia
cand-000571,matiere_synthetique_20;matiere_synthetique_4;matiere_synthetique_14,8.22,"{""competence-techniques-informatiques-gestion"": 0, ""competence-electronique-systemes"": 2, ""competence-multimedia-telecommunications"": 2, ""competence-statistiques-informatique"": 3}",management;finance,,enseignement,bureau,parcours-isaia
cand-001216,matiere_synthetique_4;matiere_synthetique_8,11.4,"{""competence-techniques-informatiques-gestion"": 5, ""competence-electronique-systemes"": 2, ""competence-multimedia-telecommunications"": 2, ""competence-statistiques-informatique"": 2}",management;ecologie;robotique,projet_associatif,entrepreneuriat,teletravail,parcours-igglia
cand-000558,matiere_synthetique_10;matiere_synthetique_8;matiere_synthetique_6,12.03,"{""competence-techniques-informatiques-gestion"": 5, ""competence-electronique-systemes"": 1, ""competence-multimedia-telecommunications"": 4, ""competence-statistiques-informatique"": 2}",management;ecologie,,fonction_publique,teletravail,parcours-igglia
cand-000741,matiere_synthetique_2,12.83,"{""competence-techniques-informatiques-gestion"": 1, ""competence-electronique-systemes"": 4, ""competence-multimedia-telecommunications"": 4, ""competence-statistiques-informatique"": 0}",management;agriculture;tourisme,,fonction_publique,bureau,parcours-esiia
cand-000101,matiere_synthetique_6;matiere_synthetique_15,16.89,"{""competence-techniques-informatiques-gestion"": 3, ""competence-electronique-systemes"": 3, ""competence-multimedia-telecommunications"": 2, ""competence-statistiques-informatique"": 5}",robotique;tourisme,projet_personnel_tech,recherche,teletravail,parcours-isaia
cand-000336,matiere_synthetique_4,10.29,"{""competence-techniques-informatiques-gestion"": 2, ""competence-electronique-systemes"": 1, ""competence-multimedia-telecommunications"": 2, ""competence-statistiques-informatique"": 4}",informatique;tourisme,projet_personnel_tech;projet_associatif,salariat,teletravail,parcours-isaia
cand-001677,matiere_synthetique_20,14.02,"{""competence-techniques-informatiques-gestion"": 1, ""competence-electronique-systemes"": 4, ""competence-multimedia-telecommunications"": 3, ""competence-statistiques-informatique"": 1}",management;informatique;tourisme,projet_personnel_tech,salariat,teletravail,parcours-esiia
cand-001116,matiere_synthetique_15,10.58,"{""competence-techniques-informatiques-gestion"": 5, ""competence-electronique-systemes"": 5, ""competence-multimedia-telecommunications"": 5, ""competence-statistiques-informatique"": 2}",agriculture,projet_personnel_tech,entrepreneuriat,terrain,parcours-igglia
cand-000884,matiere_synthetique_11,10.3,"{""competence-techniques-informatiques-gestion"": 0, ""competence-electronique-systemes"": 5, ""competence-multimedia-telecommunications"": 4, ""competence-statistiques-informatique"": 1}",finance;informatique,,salariat,hybride,parcours-esiia
cand-000906,matiere_synthetique_5;matiere_synthetique_13,9.2,"{""competence-techniques-informatiques-gestion"": 1, ""competence-electronique-systemes"": 4, ""competence-multimedia-telecommunications"": 2, ""competence-statistiques-informatique"": 5}",informatique;ecologie,,enseignement,terrain,parcours-isaia
cand-001080,matiere_synthetique_4;matiere_synthetique_17;matiere_synthetique_16,11.57,"{""competence-techniques-informatiques-gestion"": 0, ""competence-electronique-systemes"": 2, ""competence-multimedia-telecommunications"": 1, ""competence-statistiques-informatique"": 0}",tourisme;robotique,,fonction_publique,bureau,parcours-esiia
cand-001546,matiere_synthetique_2;matiere_synthetique_2;matiere_synthetique_14,10.47,"{""competence-techniques-informatiques-gestion"": 5, ""competence-electronique-systemes"": 2, ""competence-multimedia-telecommunications"": 4, ""competence-statistiques-informatique"": 3}",tourisme;informatique,,salariat,bureau,parcours-igglia
cand-000562,matiere_synthetique_12;matiere_synthetique_11,7.75,"{""competence-techniques-informatiques-gestion"": 1, ""competence-electronique-systemes"": 3, ""competence-multimedia-telecommunications"": 5, ""competence-statistiques-informatique"": 4}",agriculture;tourisme;informatique,,salariat,hybride,parcours-imticia
cand-001250,matiere_synthetique_16,11.5,"{""competence-techniques-informatiques-gestion"": 1, ""competence-electronique-systemes"": 5, ""competence-multimedia-telecommunications"": 3, ""competence-statistiques-informatique"": 5}",finance,projet_personnel_tech,entrepreneuriat,terrain,parcours-esiia
cand-001592,matiere_synthetique_14,12.24,"{""competence-techniques-informatiques-gestion"": 3, ""competence-electronique-systemes"": 4, ""competence-multimedia-telecommunications"": 2, ""competence-statistiques-informatique"": 5}",sante,,enseignement,terrain,parcours-isaia
cand-001558,matiere_synthetique_20;matiere_synthetique_2,16.4,"{""competence-techniques-informatiques-gestion"": 4, ""competence-electronique-systemes"": 5, ""competence-multimedia-telecommunications"": 2, ""competence-statistiques-informatique"": 2}",informatique;robotique;sante,,salariat,bureau,parcours-esiia
cand-000015,matiere_synthetique_18,8.51,"{""competence-techniques-informatiques-gestion"": 3, ""competence-electronique-systemes"": 5, ""competence-multimedia-telecommunications"": 5, ""competence-statistiques-informatique"": 2}",robotique;tourisme,,fonction_publique,bureau,parcours-esiia
cand-001536,matiere_synthetique_4;matiere_synthetique_20;matiere_synthetique_15,6.48,"{""competence-techniques-informatiques-gestion"": 4, ""competence-electronique-systemes"": 4, ""competence-multimedia-telecommunications"": 1, ""competence-statistiques-informatique"": 3}",ecologie,projet_personnel_tech,salariat,teletravail,parcours-igglia
cand-001257,matiere_synthetique_7,8.83,"{""competence-techniques-informatiques-gestion"": 4, ""competence-electronique-systemes"": 3, ""competence-multimedia-telecommunications"": 1, ""competence-statistiques-informatique"": 1}",sante;tourisme;finance,,enseignement,teletravail,parcours-igglia
cand-001400,matiere_synthetique_11,15.2,"{""competence-techniques-informatiques-gestion"": 5, ""competence-electronique-systemes"": 5, ""competence-multimedia-telecommunications"": 4, ""competence-statistiques-informatique"": 1}",design,projet_personnel_tech,entrepreneuriat,hybride,parcours-igglia
cand-000972,matiere_synthetique_3;matiere_synthetique_20,14.46,"{""competence-techniques-informatiques-gestion"": 2, ""competence-electronique-systemes"": 4, ""competence-multimedia-telecommunications"": 1, ""competence-statistiques-informatique"": 3}",agriculture;tourisme;management,projet_personnel_tech,recherche,teletravail,parcours-esiia
cand-000337,matiere_synthetique_19;matiere_synthetique_11,15.11,"{""competence-techniques-informatiques-gestion"": 5, ""competence-electronique-systemes"": 4, ""competence-multimedia-telecommunications"": 2, ""competence-statistiques-informatique"": 5}",ecologie;tourisme,projet_personnel_tech,recherche,bureau,parcours-igglia
cand-000338,matiere_synthetique_12,12.85,"{""competence-techniques-informatiques-gestion"": 3, ""competence-electronique-systemes"": 2, ""competence-multimedia-telecommunications"": 5, ""competence-statistiques-informatique"": 2}",sante,projet_personnel_tech,fonction_publique,terrain,parcours-imticia
cand-000124,matiere_synthetique_13,11.31,"{""competence-techniques-informatiques-gestion"": 0, ""competence-electronique-systemes"": 4, ""competence-multimedia-telecommunications"": 5, ""competence-statistiques-informatique"": 3}",management;informatique;robotique,projet_personnel_tech,fonction_publique,hybride,parcours-imticia
cand-000086,matiere_synthetique_14;matiere_synthetique_9;matiere_synthetique_2,7.82,"{""competence-techniques-informatiques-gestion"": 5, ""competence-electronique-systemes"": 1, ""competence-multimedia-telecommunications"": 4, ""competence-statistiques-informatique"": 0}",sante,,enseignement,bureau,parcours-igglia
cand-001948,matiere_synthetique_14;matiere_synthetique_11;matiere_synthetique_14,8.6,"{""competence-techniques-informatiques-gestion"": 5, ""competence-electronique-systemes"": 5, ""competence-multimedia-telecommunications"": 5, ""competence-statistiques-informatique"": 3}",ecologie,,recherche,teletravail,parcours-igglia
cand-000191,matiere_synthetique_7;matiere_synthetique_1;matiere_synthetique_1,16.47,"{""competence-techniques-informatiques-gestion"": 3, ""competence-electronique-systemes"": 1, ""competence-multimedia-telecommunications"": 3, ""competence-statistiques-informatique"": 1}",tourisme;finance,,recherche,hybride,parcours-igglia
cand-001861,matiere_synthetique_10,15.22,"{""competence-techniques-informatiques-gestion"": 5, ""competence-electronique-systemes"": 3, ""competence-multimedia-telecommunications"": 3, ""competence-statistiques-informatique"": 1}",robotique;sante,,enseignement,terrain,parcours-igglia
cand-001383,matiere_synthetique_10;matiere_synthetique_19,12.26,"{""competence-techniques-informatiques-gestion"": 5, ""competence-electronique-systemes"": 1, ""competence-multimedia-telecommunications"": 3, ""competence-statistiques-informatique"": 4}",ecologie;design,,enseignement,hybride,parcours-igglia
cand-001609,matiere_synthetique_10;matiere_synthetique_8;matiere_synthetique_12,16.45,"{""competence-techniques-informatiques-gestion"": 5, ""competence-electronique-systemes"": 5, ""competence-multimedia-telecommunications"": 5, ""competence-statistiques-informatique"": 4}",agriculture,,fonction_publique,teletravail,parcours-igglia
cand-001130,matiere_synthetique_3;matiere_synthetique_16;matiere_synthetique_9,16.28,"{""competence-techniques-informatiques-gestion"": 5, ""competence-electronique-systemes"": 2, ""competence-multimedia-telecommunications"": 2, ""competence-statistiques-informatique"": 5}",agriculture,projet_associatif,recherche,bureau,parcours-igglia
cand-001708,matiere_synthetique_9;matiere_synthetique_3,13.97,"{""competence-techniques-informatiques-gestion"": 3, ""competence-electronique-systemes"": 3, ""competence-multimedia-telecommunications"": 0, ""competence-statistiques-informatique"": 5}",sante,,salariat,bureau,parcours-isaia
cand-000351,matiere_synthetique_1,14.28,"{""competence-techniques-informatiques-gestion"": 5, ""competence-electronique-systemes"": 0, ""competence-multimedia-telecommunications"": 1, ""competence-statistiques-informatique"": 3}",management,projet_associatif,entrepreneuriat,bureau,parcours-igglia
cand-000855,matiere_synthetique_17;matiere_synthetique_14,9.19,"{""competence-techniques-informatiques-gestion"": 3, ""competence-electronique-systemes"": 1, ""competence-multimedia-telecommunications"": 5, ""competence-statistiques-informatique"": 4}",agriculture,,recherche,bureau,parcours-imticia
cand-001303,matiere_synthetique_14,17.17,"{""competence-techniques-informatiques-gestion"": 4, ""competence-electronique-systemes"": 2, ""competence-multimedia-telecommunications"": 3, ""competence-statistiques-informatique"": 4}",agriculture,,recherche,terrain,parcours-igglia
cand-000905,matiere_synthetique_1;matiere_synthetique_18,11.9,"{""competence-techniques-informatiques-gestion"": 1, ""competence-electronique-systemes"": 2, ""competence-multimedia-telecommunications"": 5, ""competence-statistiques-informatique"": 5}",finance;agriculture,projet_personnel_tech,fonction_publique,teletravail,parcours-imticia
cand-001375,matiere_synthetique_13;matiere_synthetique_2;matiere_synthetique_3,9.64,"{""competence-techniques-informatiques-gestion"": 5, ""competence-electronique-systemes"": 5, ""competence-multimedia-telecommunications"": 1, ""competence-statistiques-informatique"": 3}",sante;ecologie,projet_associatif,salariat,bureau,parcours-igglia
cand-000039,matiere_synthetique_13;matiere_synthetique_15;matiere_synthetique_15,11.92,"{""competence-techniques-informatiques-gestion"": 4, ""competence-electronique-systemes"": 1, ""competence-multimedia-telecommunications"": 1, ""competence-statistiques-informatique"": 5}",sante,projet_personnel_tech;projet_associatif,salariat,terrain,parcours-isaia
cand-000235,matiere_synthetique_18,10.69,"{""competence-techniques-informatiques-gestion"": 5, ""competence-electronique-systemes"": 5, ""competence-multimedia-telecommunications"": 3, ""competence-statistiques-informatique"": 2}",design;informatique,projet_personnel_tech,entrepreneuriat,bureau,parcours-igglia
cand-001157,matiere_synthetique_6;matiere_synthetique_13;matiere_synthetique_2,7.9,"{""competence-techniques-informatiques-gestion"": 3, ""competence-electronique-systemes"": 5, ""competence-multimedia-telecommunications"": 4, ""competence-statistiques-informatique"": 5}",ecologie;tourisme,,enseignement,teletravail,parcours-esiia
cand-001301,matiere_synthetique_9,13.6,"{""competence-techniques-informatiques-gestion"": 1, ""competence-electronique-systemes"": 2, ""competence-multimedia-telecommunications"": 4, ""competence-statistiques-informatique"": 5}",sante,projet_personnel_tech,recherche,teletravail,parcours-isaia
cand-000433,matiere_synthetique_3;matiere_synthetique_4;matiere_synthetique_5,14.08,"{""competence-techniques-informatiques-gestion"": 2, ""competence-electronique-systemes"": 4, ""competence-multimedia-telecommunications"": 3, ""competence-statistiques-informatique"": 2}",sante,,salariat,teletravail,parcours-esiia
cand-000130,matiere_synthetique_4;matiere_synthetique_5,12.33,"{""competence-techniques-informatiques-gestion"": 3, ""competence-electronique-systemes"": 4, ""competence-multimedia-telecommunications"": 5, ""competence-statistiques-informatique"": 5}",ecologie;tourisme;robotique,,enseignement,teletravail,parcours-imticia
cand-000380,matiere_synthetique_12;matiere_synthetique_20,19.38,"{""competence-techniques-informatiques-gestion"": 5, ""competence-electronique-systemes"": 0, ""competence-multimedia-telecommunications"": 4, ""competence-statistiques-informatique"": 4}",agriculture;ecologie;tourisme,projet_personnel_tech,salariat,hybride,parcours-igglia
cand-001061,matiere_synthetique_3,10.67,"{""competence-techniques-informatiques-gestion"": 1, ""competence-electronique-systemes"": 5, ""competence-multimedia-telecommunications"": 4, ""competence-statistiques-informatique"": 4}",tourisme;informatique,projet_personnel_tech,fonction_publique,teletravail,parcours-esiia
cand-001531,matiere_synthetique_17,10.8,"{""competence-techniques-informatiques-gestion"": 5, ""competence-electronique-systemes"": 3, ""competence-multimedia-telecommunications"": 5, ""competence-statistiques-informatique"": 5}",agriculture;design;management,projet_associatif,fonction_publique,hybride,parcours-igglia
cand-001702,matiere_synthetique_19,12.86,"{""competence-techniques-informatiques-gestion"": 5, ""competence-electronique-systemes"": 5, ""competence-multimedia-telecommunications"": 3, ""competence-statistiques-informatique"": 5}",sante,,enseignement,teletravail,parcours-igglia
cand-000292,matiere_synthetique_10;matiere_synthetique_7,13.91,"{""competence-techniques-informatiques-gestion"": 0, ""competence-electronique-systemes"": 1, ""competence-multimedia-telecommunications"": 1, ""competence-statistiques-informatique"": 5}",ecologie;sante;robotique,,fonction_publique,teletravail,parcours-isaia
cand-001422,matiere_synthetique_2;matiere_synthetique_16;matiere_synthetique_11,12.38,"{""competence-techniques-informatiques-gestion"": 5, ""competence-electronique-systemes"": 3, ""competence-multimedia-telecommunications"": 5, ""competence-statistiques-informatique"": 3}",finance;informatique;ecologie,projet_personnel_tech,entrepreneuriat,hybride,parcours-igglia
cand-000691,matiere_synthetique_17;matiere_synthetique_14,17.76,"{""competence-techniques-informatiques-gestion"": 2, ""competence-electronique-systemes"": 5, ""competence-multimedia-telecommunications"": 1, ""competence-statistiques-informatique"": 3}",management,projet_personnel_tech,salariat,hybride,parcours-esiia
cand-001161,matiere_synthetique_11;matiere_synthetique_14;matiere_synthetique_15,6.36,"{""competence-techniques-informatiques-gestion"": 4, ""competence-electronique-systemes"": 3, ""competence-multimedia-telecommunications"": 2, ""competence-statistiques-informatique"": 1}",informatique;sante;design,,salariat,hybride,parcours-igglia
cand-001297,matiere_synthetique_10;matiere_synthetique_5,12.41,"{""competence-techniques-informatiques-gestion"": 1, ""competence-electronique-systemes"": 1, ""competence-multimedia-telecommunications"": 4, ""competence-statistiques-informatique"": 5}",sante;robotique;design,,recherche,terrain,parcours-isaia
cand-001023,matiere_synthetique_4;matiere_synthetique_12,14.9,"{""competence-techniques-informatiques-gestion"": 5, ""competence-electronique-systemes"": 5, ""competence-multimedia-telecommunications"": 2, ""competence-statistiques-informatique"": 5}",design;tourisme,,enseignement,hybride,parcours-igglia
cand-000140,matiere_synthetique_16;matiere_synthetique_14,14.25,"{""competence-techniques-informatiques-gestion"": 2, ""competence-electronique-systemes"": 3, ""competence-multimedia-telecommunications"": 3, ""competence-statistiques-informatique"": 4}",finance;management;tourisme,projet_personnel_tech,recherche,bureau,parcours-isaia
cand-000673,matiere_synthetique_7;matiere_synthetique_9,12.22,"{""competence-techniques-informatiques-gestion"": 5, ""competence-electronique-systemes"": 0, ""competence-multimedia-telecommunications"": 4, ""competence-statistiques-informatique"": 4}",robotique,projet_personnel_tech,recherche,bureau,parcours-igglia
cand-000466,matiere_synthetique_17;matiere_synthetique_9;matiere_synthetique_16,11.91,"{""competence-techniques-informatiques-gestion"": 3, ""competence-electronique-systemes"": 5, ""competence-multimedia-telecommunications"": 5, ""competence-statistiques-informatique"": 5}",design;robotique;tourisme,projet_personnel_tech,recherche,bureau,parcours-esiia
cand-000732,matiere_synthetique_16;matiere_synthetique_13,12.98,"{""competence-techniques-informatiques-gestion"": 5, ""competence-electronique-systemes"": 4, ""competence-multimedia-telecommunications"": 2, ""competence-statistiques-informatique"": 1}",agriculture;robotique,,entrepreneuriat,terrain,parcours-igglia
cand-001393,matiere_synthetique_9;matiere_synthetique_10;matiere_synthetique_8,16.33,"{""competence-techniques-informatiques-gestion"": 5, ""competence-electronique-systemes"": 5, ""competence-multimedia-telecommunications"": 1, ""competence-statistiques-informatique"": 3}",informatique;agriculture,projet_associatif,salariat,teletravail,parcours-igglia
cand-000654,matiere_synthetique_1;matiere_synthetique_20,15.76,"{""competence-techniques-informatiques-gestion"": 5, ""competence-electronique-systemes"": 5, ""competence-multimedia-telecommunications"": 3, ""competence-statistiques-informatique"": 5}",ecologie,,salariat,teletravail,parcours-igglia
cand-001271,matiere_synthetique_8,8.71,"{""competence-techniques-informatiques-gestion"": 5, ""competence-electronique-systemes"": 4, ""competence-multimedia-telecommunications"": 1, ""competence-statistiques-informatique"": 5}",sante,,entrepreneuriat,bureau,parcours-igglia
cand-000863,matiere_synthetique_20,14.35,"{""competence-techniques-informatiques-gestion"": 2, ""competence-electronique-systemes"": 3, ""competence-multimedia-telecommunications"": 1, ""competence-statistiques-informatique"": 1}",tourisme;ecologie;robotique,,entrepreneuriat,teletravail,parcours-esiia
cand-000038,matiere_synthetique_4;matiere_synthetique_3,13.9,"{""competence-techniques-informatiques-gestion"": 2, ""competence-electronique-systemes"": 5, ""competence-multimedia-telecommunications"": 5, ""competence-statistiques-informatique"": 2}",robotique,,fonction_publique,terrain,parcours-esiia
cand-000465,matiere_synthetique_6;matiere_synthetique_3;matiere_synthetique_10,9.6,"{""competence-techniques-informatiques-gestion"": 1, ""competence-electronique-systemes"": 2, ""competence-multimedia-telecommunications"": 1, ""competence-statistiques-informatique"": 0}",informatique;robotique,projet_personnel_tech,entrepreneuriat,hybride,parcours-esiia
cand-000075,matiere_synthetique_17;matiere_synthetique_3;matiere_synthetique_14,14.35,"{""competence-techniques-informatiques-gestion"": 0, ""competence-electronique-systemes"": 2, ""competence-multimedia-telecommunications"": 4, ""competence-statistiques-informatique"": 2}",management,projet_personnel_tech,fonction_publique,bureau,parcours-imticia
cand-001218,matiere_synthetique_5;matiere_synthetique_18,14.72,"{""competence-techniques-informatiques-gestion"": 3, ""competence-electronique-systemes"": 5, ""competence-multimedia-telecommunications"": 2, ""competence-statistiques-informatique"": 5}",ecologie;tourisme;informatique,,salariat,bureau,parcours-esiia
cand-001113,matiere_synthetique_14;matiere_synthetique_5,8.59,"{""competence-techniques-informatiques-gestion"": 4, ""competence-electronique-systemes"": 5, ""competence-multimedia-telecommunications"": 1, ""competence-statistiques-informatique"": 4}",agriculture;informatique;finance,projet_personnel_tech,recherche,bureau,parcours-esiia
cand-001641,matiere_synthetique_16;matiere_synthetique_6;matiere_synthetique_8,14.16,"{""competence-techniques-informatiques-gestion"": 1, ""competence-electronique-systemes"": 2, ""competence-multimedia-telecommunications"": 4, ""competence-statistiques-informatique"": 4}",finance;agriculture,,enseignement,teletravail,parcours-imticia
cand-000873,matiere_synthetique_16;matiere_synthetique_14;matiere_synthetique_4,13.83,"{""competence-techniques-informatiques-gestion"": 2, ""competence-electronique-systemes"": 5, ""competence-multimedia-telecommunications"": 5, ""competence-statistiques-informatique"": 3}",tourisme,,enseignement,terrain,parcours-esiia
cand-001409,matiere_synthetique_20,11.36,"{""competence-techniques-informatiques-gestion"": 4, ""competence-electronique-systemes"": 0, ""competence-multimedia-telecommunications"": 1, ""competence-statistiques-informatique"": 2}",design;finance,,entrepreneuriat,terrain,parcours-igglia
cand-001129,matiere_synthetique_1;matiere_synthetique_5,16.58,"{""competence-techniques-informatiques-gestion"": 1, ""competence-electronique-systemes"": 2, ""competence-multimedia-telecommunications"": 5, ""competence-statistiques-informatique"": 4}",tourisme;informatique;management,,entrepreneuriat,teletravail,parcours-imticia
cand-000163,matiere_synthetique_13,15.01,"{""competence-techniques-informatiques-gestion"": 1, ""competence-electronique-systemes"": 3, ""competence-multimedia-telecommunications"": 5, ""competence-statistiques-informatique"": 1}",finance,projet_associatif,recherche,bureau,parcours-imticia
cand-001247,matiere_synthetique_18,16.05,"{""competence-techniques-informatiques-gestion"": 1, ""competence-electronique-systemes"": 2, ""competence-multimedia-telecommunications"": 0, ""competence-statistiques-informatique"": 1}",design,,salariat,teletravail,parcours-esiia
cand-001779,matiere_synthetique_17;matiere_synthetique_8,20.0,"{""competence-techniques-informatiques-gestion"": 4, ""competence-electronique-systemes"": 3, ""competence-multimedia-telecommunications"": 5, ""competence-statistiques-informatique"": 4}",design;robotique,,salariat,hybride,parcours-imticia
cand-001111,matiere_synthetique_6,9.32,"{""competence-techniques-informatiques-gestion"": 4, ""competence-electronique-systemes"": 5, ""competence-multimedia-telecommunications"": 5, ""competence-statistiques-informatique"": 1}",sante;ecologie,projet_associatif,fonction_publique,bureau,parcours-esiia
cand-000251,matiere_synthetique_18;matiere_synthetique_9,10.6,"{""competence-techniques-informatiques-gestion"": 5, ""competence-electronique-systemes"": 3, ""competence-multimedia-telecommunications"": 4, ""competence-statistiques-informatique"": 3}",finance;sante;ecologie,projet_personnel_tech;projet_associatif,fonction_publique,bureau,parcours-igglia
cand-000320,matiere_synthetique_15;matiere_synthetique_1;matiere_synthetique_2,10.14,"{""competence-techniques-informatiques-gestion"": 2, ""competence-electronique-systemes"": 5, ""competence-multimedia-telecommunications"": 4, ""competence-statistiques-informatique"": 5}",ecologie;sante;informatique,projet_personnel_tech;projet_associatif,entrepreneuriat,hybride,parcours-esiia
cand-000628,matiere_synthetique_15,15.0,"{""competence-techniques-informatiques-gestion"": 2, ""competence-electronique-systemes"": 1, ""competence-multimedia-telecommunications"": 3, ""competence-statistiques-informatique"": 5}",agriculture,,enseignement,hybride,parcours-isaia
cand-000213,matiere_synthetique_2;matiere_synthetique_10,15.81,"{""competence-techniques-informatiques-gestion"": 1, ""competence-electronique-systemes"": 5, ""competence-multimedia-telecommunications"": 1, ""competence-statistiques-informatique"": 2}",sante;design;finance,projet_personnel_tech,enseignement,bureau,parcours-esiia
cand-001731,matiere_synthetique_6,15.09,"{""competence-techniques-informatiques-gestion"": 5, ""competence-electronique-systemes"": 1, ""competence-multimedia-telecommunications"": 1, ""competence-statistiques-informatique"": 3}",finance;management,projet_associatif,recherche,bureau,parcours-igglia
cand-000888,matiere_synthetique_5;matiere_synthetique_10;matiere_synthetique_20,11.21,"{""competence-techniques-informatiques-gestion"": 1, ""competence-electronique-systemes"": 4, ""competence-multimedia-telecommunications"": 4, ""competence-statistiques-informatique"": 5}",finance,projet_personnel_tech,salariat,hybride,parcours-isaia
cand-001698,matiere_synthetique_11;matiere_synthetique_15;matiere_synthetique_13,17.43,"{""competence-techniques-informatiques-gestion"": 5, ""competence-electronique-systemes"": 5, ""competence-multimedia-telecommunications"": 5, ""competence-statistiques-informatique"": 5}",robotique;tourisme,projet_personnel_tech,recherche,terrain,parcours-igglia
cand-000630,matiere_synthetique_19;matiere_synthetique_3,12.94,"{""competence-techniques-informatiques-gestion"": 1, ""competence-electronique-systemes"": 1, ""competence-multimedia-telecommunications"": 5, ""competence-statistiques-informatique"": 5}",agriculture,,salariat,teletravail,parcours-imticia
cand-000912,matiere_synthetique_17;matiere_synthetique_17;matiere_synthetique_19,11.45,"{""competence-techniques-informatiques-gestion"": 5, ""competence-electronique-systemes"": 5, ""competence-multimedia-telecommunications"": 3, ""competence-statistiques-informatique"": 4}",informatique,projet_personnel_tech,recherche,terrain,parcours-igglia
cand-000461,matiere_synthetique_12;matiere_synthetique_2;matiere_synthetique_13,17.0,"{""competence-techniques-informatiques-gestion"": 5, ""competence-electronique-systemes"": 1, ""competence-multimedia-telecommunications"": 5, ""competence-statistiques-informatique"": 1}",ecologie;tourisme;finance,,recherche,terrain,parcours-igglia
cand-001762,matiere_synthetique_1,16.81,"{""competence-techniques-informatiques-gestion"": 4, ""competence-electronique-systemes"": 1, ""competence-multimedia-telecommunications"": 5, ""competence-statistiques-informatique"": 4}",tourisme,,entrepreneuriat,terrain,parcours-imticia
cand-001849,matiere_synthetique_10;matiere_synthetique_8;matiere_synthetique_9,12.54,"{""competence-techniques-informatiques-gestion"": 5, ""competence-electronique-systemes"": 5, ""competence-multimedia-telecommunications"": 5, ""competence-statistiques-informatique"": 5}",finance;informatique,projet_associatif,entrepreneuriat,terrain,parcours-igglia
cand-000456,matiere_synthetique_8;matiere_synthetique_7,15.24,"{""competence-techniques-informatiques-gestion"": 2, ""competence-electronique-systemes"": 4, ""competence-multimedia-telecommunications"": 2, ""competence-statistiques-informatique"": 1}",finance,projet_personnel_tech,salariat,terrain,parcours-esiia
cand-001237,matiere_synthetique_20;matiere_synthetique_12;matiere_synthetique_8,14.12,"{""competence-techniques-informatiques-gestion"": 2, ""competence-electronique-systemes"": 5, ""competence-multimedia-telecommunications"": 0, ""competence-statistiques-informatique"": 4}",ecologie,,enseignement,teletravail,parcours-esiia
cand-000108,matiere_synthetique_8;matiere_synthetique_2;matiere_synthetique_4,13.88,"{""competence-techniques-informatiques-gestion"": 5, ""competence-electronique-systemes"": 5, ""competence-multimedia-telecommunications"": 5, ""competence-statistiques-informatique"": 3}",sante;robotique,,enseignement,teletravail,parcours-igglia
cand-000204,matiere_synthetique_15;matiere_synthetique_19,18.73,"{""competence-techniques-informatiques-gestion"": 1, ""competence-electronique-systemes"": 4, ""competence-multimedia-telecommunications"": 5, ""competence-statistiques-informatique"": 2}",ecologie;robotique;informatique,,recherche,hybride,parcours-imticia
cand-001764,matiere_synthetique_8;matiere_synthetique_15,15.72,"{""competence-techniques-informatiques-gestion"": 0, ""competence-electronique-systemes"": 2, ""competence-multimedia-telecommunications"": 5, ""competence-statistiques-informatique"": 1}",design,,recherche,teletravail,parcours-imticia
cand-001244,matiere_synthetique_8;matiere_synthetique_7;matiere_synthetique_11,13.03,"{""competence-techniques-informatiques-gestion"": 4, ""competence-electronique-systemes"": 1, ""competence-multimedia-telecommunications"": 4, ""competence-statistiques-informatique"": 0}",sante,,enseignement,bureau,parcours-igglia
cand-000452,matiere_synthetique_11;matiere_synthetique_1,11.36,"{""competence-techniques-informatiques-gestion"": 5, ""competence-electronique-systemes"": 3, ""competence-multimedia-telecommunications"": 0, ""competence-statistiques-informatique"": 5}",tourisme;finance,projet_associatif,fonction_publique,terrain,parcours-igglia
cand-001720,matiere_synthetique_12;matiere_synthetique_14,15.22,"{""competence-techniques-informatiques-gestion"": 4, ""competence-electronique-systemes"": 1, ""competence-multimedia-telecommunications"": 1, ""competence-statistiques-informatique"": 0}",finance,,enseignement,terrain,parcours-igglia
cand-000018,matiere_synthetique_5;matiere_synthetique_2,13.24,"{""competence-techniques-informatiques-gestion"": 5, ""competence-electronique-systemes"": 5, ""competence-multimedia-telecommunications"": 2, ""competence-statistiques-informatique"": 3}",design;ecologie;management,,salariat,hybride,parcours-igglia
cand-001373,matiere_synthetique_3;matiere_synthetique_20,10.91,"{""competence-techniques-informatiques-gestion"": 4, ""competence-electronique-systemes"": 1, ""competence-multimedia-telecommunications"": 5, ""competence-statistiques-informatique"": 4}",design;tourisme;agriculture,,entrepreneuriat,terrain,parcours-imticia
cand-000303,matiere_synthetique_13;matiere_synthetique_14,11.16,"{""competence-techniques-informatiques-gestion"": 4, ""competence-electronique-systemes"": 4, ""competence-multimedia-telecommunications"": 5, ""competence-statistiques-informatique"": 4}",tourisme,,salariat,bureau,parcours-imticia
cand-001388,matiere_synthetique_20;matiere_synthetique_12;matiere_synthetique_5,19.49,"{""competence-techniques-informatiques-gestion"": 2, ""competence-electronique-systemes"": 5, ""competence-multimedia-telecommunications"": 1, ""competence-statistiques-informatique"": 1}",finance,projet_associatif,salariat,teletravail,parcours-esiia
cand-000398,matiere_synthetique_2;matiere_synthetique_15;matiere_synthetique_15,17.77,"{""competence-techniques-informatiques-gestion"": 5, ""competence-electronique-systemes"": 1, ""competence-multimedia-telecommunications"": 5, ""competence-statistiques-informatique"": 0}",ecologie,,recherche,terrain,parcours-igglia
cand-000187,matiere_synthetique_8;matiere_synthetique_18,14.26,"{""competence-techniques-informatiques-gestion"": 3, ""competence-electronique-systemes"": 2, ""competence-multimedia-telecommunications"": 5, ""competence-statistiques-informatique"": 5}",tourisme,projet_personnel_tech;projet_associatif,recherche,terrain,parcours-imticia
cand-001381,matiere_synthetique_13;matiere_synthetique_5,15.09,"{""competence-techniques-informatiques-gestion"": 2, ""competence-electronique-systemes"": 2, ""competence-multimedia-telecommunications"": 3, ""competence-statistiques-informatique"": 0}",design;ecologie;sante,,salariat,terrain,parcours-imticia
cand-000044,matiere_synthetique_18;matiere_synthetique_15;matiere_synthetique_14,6.46,"{""competence-techniques-informatiques-gestion"": 4, ""competence-electronique-systemes"": 5, ""competence-multimedia-telecommunications"": 2, ""competence-statistiques-informatique"": 5}",finance;management,projet_personnel_tech,salariat,terrain,parcours-esiia
cand-001584,matiere_synthetique_15;matiere_synthetique_8;matiere_synthetique_4,18.35,"{""competence-techniques-informatiques-gestion"": 4, ""competence-electronique-systemes"": 2, ""competence-multimedia-telecommunications"": 4, ""competence-statistiques-informatique"": 5}",sante,,recherche,hybride,parcours-isaia
cand-001646,matiere_synthetique_19;matiere_synthetique_4,10.68,"{""competence-techniques-informatiques-gestion"": 3, ""competence-electronique-systemes"": 5, ""competence-multimedia-telecommunications"": 5, ""competence-statistiques-informatique"": 5}",design;robotique,,recherche,terrain,parcours-esiia
cand-001593,matiere_synthetique_17;matiere_synthetique_7,12.35,"{""competence-techniques-informatiques-gestion"": 1, ""competence-electronique-systemes"": 4, ""competence-multimedia-telecommunications"": 1, ""competence-statistiques-informatique"": 5}",sante,,fonction_publique,terrain,parcours-isaia
cand-000952,matiere_synthetique_12,18.75,"{""competence-techniques-informatiques-gestion"": 4, ""competence-electronique-systemes"": 5, ""competence-multimedia-telecommunications"": 0, ""competence-statistiques-informatique"": 5}",informatique;management;sante,,enseignement,hybride,parcours-esiia
cand-000437,matiere_synthetique_14;matiere_synthetique_14,12.29,"{""competence-techniques-informatiques-gestion"": 3, ""competence-electronique-systemes"": 2, ""competence-multimedia-telecommunications"": 3, ""competence-statistiques-informatique"": 3}",tourisme,,entrepreneuriat,teletravail,parcours-igglia
cand-001654,matiere_synthetique_1;matiere_synthetique_14,11.35,"{""competence-techniques-informatiques-gestion"": 2, ""competence-electronique-systemes"": 1, ""competence-multimedia-telecommunications"": 2, ""competence-statistiques-informatique"": 3}",sante,projet_personnel_tech,salariat,hybride,parcours-isaia
cand-001043,matiere_synthetique_11;matiere_synthetique_13;matiere_synthetique_13,8.15,"{""competence-techniques-informatiques-gestion"": 3, ""competence-electronique-systemes"": 0, ""competence-multimedia-telecommunications"": 2, ""competence-statistiques-informatique"": 4}",ecologie,projet_personnel_tech,recherche,hybride,parcours-isaia
cand-001246,matiere_synthetique_2;matiere_synthetique_6,17.85,"{""competence-techniques-informatiques-gestion"": 5, ""competence-electronique-systemes"": 5, ""competence-multimedia-telecommunications"": 5, ""competence-statistiques-informatique"": 5}",design;ecologie,projet_personnel_tech,salariat,terrain,parcours-igglia
cand-001830,matiere_synthetique_12;matiere_synthetique_19;matiere_synthetique_3,14.26,"{""competence-techniques-informatiques-gestion"": 1, ""competence-electronique-systemes"": 2, ""competence-multimedia-telecommunications"": 5, ""competence-statistiques-informatique"": 4}",robotique,,recherche,bureau,parcours-imticia
cand-000077,matiere_synthetique_19;matiere_synthetique_15,13.4,"{""competence-techniques-informatiques-gestion"": 4, ""competence-electronique-systemes"": 4, ""competence-multimedia-telecommunications"": 5, ""competence-statistiques-informatique"": 5}",ecologie;tourisme;informatique,,fonction_publique,bureau,parcours-imticia
cand-001228,matiere_synthetique_9;matiere_synthetique_1;matiere_synthetique_15,14.83,"{""competence-techniques-informatiques-gestion"": 3, ""competence-electronique-systemes"": 4, ""competence-multimedia-telecommunications"": 4, ""competence-statistiques-informatique"": 5}",sante,,enseignement,terrain,parcours-isaia
cand-001522,matiere_synthetique_2,14.54,"{""competence-techniques-informatiques-gestion"": 4, ""competence-electronique-systemes"": 3, ""competence-multimedia-telecommunications"": 4, ""competence-statistiques-informatique"": 4}",ecologie,,recherche,teletravail,parcours-igglia
cand-001408,matiere_synthetique_7;matiere_synthetique_2,10.45,"{""competence-techniques-informatiques-gestion"": 5, ""competence-electronique-systemes"": 0, ""competence-multimedia-telecommunications"": 5, ""competence-statistiques-informatique"": 2}",finance;informatique;management,,recherche,bureau,parcours-igglia
cand-001909,matiere_synthetique_1,6.75,"{""competence-techniques-informatiques-gestion"": 4, ""competence-electronique-systemes"": 3, ""competence-multimedia-telecommunications"": 4, ""competence-statistiques-informatique"": 3}",agriculture,projet_associatif,recherche,bureau,parcours-igglia
cand-000464,matiere_synthetique_10;matiere_synthetique_14;matiere_synthetique_6,10.08,"{""competence-techniques-informatiques-gestion"": 1, ""competence-electronique-systemes"": 2, ""competence-multimedia-telecommunications"": 1, ""competence-statistiques-informatique"": 5}",tourisme,,enseignement,bureau,parcours-isaia
cand-000339,matiere_synthetique_9;matiere_synthetique_12,9.28,"{""competence-techniques-informatiques-gestion"": 1, ""competence-electronique-systemes"": 3, ""competence-multimedia-telecommunications"": 4, ""competence-statistiques-informatique"": 2}",tourisme;management;informatique,,salariat,hybride,parcours-imticia
cand-000002,matiere_synthetique_10;matiere_synthetique_20;matiere_synthetique_12,13.64,"{""competence-techniques-informatiques-gestion"": 3, ""competence-electronique-systemes"": 5, ""competence-multimedia-telecommunications"": 5, ""competence-statistiques-informatique"": 5}",tourisme;finance,,recherche,teletravail,parcours-esiia
cand-001382,matiere_synthetique_14;matiere_synthetique_14,13.32,"{""competence-techniques-informatiques-gestion"": 2, ""competence-electronique-systemes"": 4, ""competence-multimedia-telecommunications"": 4, ""competence-statistiques-informatique"": 5}",ecologie;robotique,,fonction_publique,bureau,parcours-isaia
cand-001024,matiere_synthetique_11,12.36,"{""competence-techniques-informatiques-gestion"": 5, ""competence-electronique-systemes"": 5, ""competence-multimedia-telecommunications"": 5, ""competence-statistiques-informatique"": 5}",ecologie,,entrepreneuriat,teletravail,parcours-igglia
cand-000313,matiere_synthetique_17,11.03,"{""competence-techniques-informatiques-gestion"": 2, ""competence-electronique-systemes"": 5, ""competence-multimedia-telecommunications"": 1, ""competence-statistiques-informatique"": 0}",informatique,,salariat,bureau,parcours-esiia
cand-000666,matiere_synthetique_15;matiere_synthetique_4;matiere_synthetique_6,11.17,"{""competence-techniques-informatiques-gestion"": 2, ""competence-electronique-systemes"": 4, ""competence-multimedia-telecommunications"": 1, ""competence-statistiques-informatique"": 5}",agriculture;ecologie,projet_personnel_tech;projet_associatif,salariat,terrain,parcours-isaia
cand-001036,matiere_synthetique_19,15.13,"{""competence-techniques-informatiques-gestion"": 4, ""competence-electronique-systemes"": 5, ""competence-multimedia-telecommunications"": 3, ""competence-statistiques-informatique"": 2}",design;sante,,entrepreneuriat,teletravail,parcours-esiia
cand-000280,matiere_synthetique_2;matiere_synthetique_18;matiere_synthetique_13,12.84,"{""competence-techniques-informatiques-gestion"": 4, ""competence-electronique-systemes"": 5, ""competence-multimedia-telecommunications"": 5, ""competence-statistiques-informatique"": 2}",tourisme;informatique,,enseignement,hybride,parcours-esiia
cand-001419,matiere_synthetique_13;matiere_synthetique_18,18.49,"{""competence-techniques-informatiques-gestion"": 4, ""competence-electronique-systemes"": 5, ""competence-multimedia-telecommunications"": 2, ""competence-statistiques-informatique"": 0}",robotique;sante,,salariat,hybride,parcours-esiia
cand-001286,matiere_synthetique_17,13.08,"{""competence-techniques-informatiques-gestion"": 3, ""competence-electronique-systemes"": 5, ""competence-multimedia-telecommunications"": 3, ""competence-statistiques-informatique"": 5}",finance;design;agriculture,,recherche,terrain,parcours-esiia
cand-000692,matiere_synthetique_8,12.75,"{""competence-techniques-informatiques-gestion"": 2, ""competence-electronique-systemes"": 5, ""competence-multimedia-telecommunications"": 3, ""competence-statistiques-informatique"": 4}",ecologie,projet_personnel_tech;projet_associatif,recherche,teletravail,parcours-esiia
cand-000649,matiere_synthetique_11;matiere_synthetique_11,11.27,"{""competence-techniques-informatiques-gestion"": 4, ""competence-electronique-systemes"": 5, ""competence-multimedia-telecommunications"": 2, ""competence-statistiques-informatique"": 3}",informatique;management,,recherche,bureau,parcours-esiia
cand-001213,matiere_synthetique_2;matiere_synthetique_13,10.03,"{""competence-techniques-informatiques-gestion"": 4, ""competence-electronique-systemes"": 1, ""competence-multimedia-telecommunications"": 3, ""competence-statistiques-informatique"": 4}",ecologie;robotique;agriculture,projet_personnel_tech,fonction_publique,hybride,parcours-igglia
cand-000240,matiere_synthetique_8;matiere_synthetique_19,7.73,"{""competence-techniques-informatiques-gestion"": 5, ""competence-electronique-systemes"": 0, ""competence-multimedia-telecommunications"": 2, ""competence-statistiques-informatique"": 1}",robotique;finance;ecologie,projet_associatif,salariat,hybride,parcours-igglia
cand-001833,matiere_synthetique_20,17.08,"{""competence-techniques-informatiques-gestion"": 5, ""competence-electronique-systemes"": 1, ""competence-multimedia-telecommunications"": 1, ""competence-statistiques-informatique"": 1}",management;finance;informatique,projet_personnel_tech,salariat,hybride,parcours-igglia
cand-000397,matiere_synthetique_2;matiere_synthetique_3;matiere_synthetique_11,14.25,"{""competence-techniques-informatiques-gestion"": 1, ""competence-electronique-systemes"": 4, ""competence-multimedia-telecommunications"": 3, ""competence-statistiques-informatique"": 5}",robotique,projet_personnel_tech,fonction_publique,bureau,parcours-isaia
cand-001974,matiere_synthetique_14;matiere_synthetique_16;matiere_synthetique_13,12.15,"{""competence-techniques-informatiques-gestion"": 5, ""competence-electronique-systemes"": 4, ""competence-multimedia-telecommunications"": 5, ""competence-statistiques-informatique"": 1}",ecologie;management;sante,,enseignement,hybride,parcours-igglia
cand-001199,matiere_synthetique_7;matiere_synthetique_19,11.04,"{""competence-techniques-informatiques-gestion"": 2, ""competence-electronique-systemes"": 4, ""competence-multimedia-telecommunications"": 5, ""competence-statistiques-informatique"": 0}",agriculture;informatique,,fonction_publique,terrain,parcours-imticia
cand-001870,matiere_synthetique_16,17.04,"{""competence-techniques-informatiques-gestion"": 2, ""competence-electronique-systemes"": 1, ""competence-multimedia-telecommunications"": 5, ""competence-statistiques-informatique"": 5}",design;ecologie;management,projet_personnel_tech,recherche,teletravail,parcours-imticia
cand-001679,matiere_synthetique_4;matiere_synthetique_17;matiere_synthetique_16,10.63,"{""competence-techniques-informatiques-gestion"": 1, ""competence-electronique-systemes"": 2, ""competence-multimedia-telecommunications"": 5, ""competence-statistiques-informatique"": 0}",tourisme,,recherche,hybride,parcours-imticia
cand-001166,matiere_synthetique_1;matiere_synthetique_2;matiere_synthetique_10,14.23,"{""competence-techniques-informatiques-gestion"": 3, ""competence-electronique-systemes"": 5, ""competence-multimedia-telecommunications"": 2, ""competence-statistiques-informatique"": 5}",ecologie;tourisme,,salariat,bureau,parcours-esiia
cand-000948,matiere_synthetique_13;matiere_synthetique_13,14.34,"{""competence-techniques-informatiques-gestion"": 5, ""competence-electronique-systemes"": 4, ""competence-multimedia-telecommunications"": 1, ""competence-statistiques-informatique"": 4}",ecologie;informatique,,recherche,hybride,parcours-igglia
cand-001907,matiere_synthetique_8,15.21,"{""competence-techniques-informatiques-gestion"": 3, ""competence-electronique-systemes"": 1, ""competence-multimedia-telecommunications"": 2, ""competence-statistiques-informatique"": 3}",robotique;finance;ecologie,projet_personnel_tech,fonction_publique,bureau,parcours-igglia
cand-000245,matiere_synthetique_20;matiere_synthetique_10,13.86,"{""competence-techniques-informatiques-gestion"": 5, ""competence-electronique-systemes"": 5, ""competence-multimedia-telecommunications"": 3, ""competence-statistiques-informatique"": 4}",management,projet_personnel_tech,recherche,teletravail,parcours-igglia
cand-000821,matiere_synthetique_14,11.7,"{""competence-techniques-informatiques-gestion"": 1, ""competence-electronique-systemes"": 5, ""competence-multimedia-telecommunications"": 1, ""competence-statistiques-informatique"": 2}",informatique,projet_associatif,recherche,terrain,parcours-esiia
cand-000689,matiere_synthetique_10;matiere_synthetique_5;matiere_synthetique_12,9.21,"{""competence-techniques-informatiques-gestion"": 1, ""competence-electronique-systemes"": 5, ""competence-multimedia-telecommunications"": 5, ""competence-statistiques-informatique"": 2}",sante,,recherche,terrain,parcours-esiia
cand-000082,matiere_synthetique_16;matiere_synthetique_2,15.5,"{""competence-techniques-informatiques-gestion"": 0, ""competence-electronique-systemes"": 5, ""competence-multimedia-telecommunications"": 1, ""competence-statistiques-informatique"": 5}",agriculture;ecologie;informatique,,salariat,hybride,parcours-esiia
cand-000869,matiere_synthetique_19;matiere_synthetique_8;matiere_synthetique_5,10.18,"{""competence-techniques-informatiques-gestion"": 1, ""competence-electronique-systemes"": 5, ""competence-multimedia-telecommunications"": 5, ""competence-statistiques-informatique"": 2}",sante,projet_personnel_tech,salariat,teletravail,parcours-esiia
cand-001360,matiere_synthetique_11;matiere_synthetique_12,13.74,"{""competence-techniques-informatiques-gestion"": 0, ""competence-electronique-systemes"": 5, ""competence-multimedia-telecommunications"": 3, ""competence-statistiques-informatique"": 4}",finance,,recherche,bureau,parcours-esiia
cand-001212,matiere_synthetique_9;matiere_synthetique_1,19.68,"{""competence-techniques-informatiques-gestion"": 2, ""competence-electronique-systemes"": 4, ""competence-multimedia-telecommunications"": 5, ""competence-statistiques-informatique"": 3}",design;robotique,projet_personnel_tech,salariat,terrain,parcours-imticia
cand-001078,matiere_synthetique_8;matiere_synthetique_1,12.05,"{""competence-techniques-informatiques-gestion"": 5, ""competence-electronique-systemes"": 0, ""competence-multimedia-telecommunications"": 3, ""competence-statistiques-informatique"": 5}",design;management;tourisme,,recherche,terrain,parcours-igglia
cand-000050,matiere_synthetique_10,19.6,"{""competence-techniques-informatiques-gestion"": 3, ""competence-electronique-systemes"": 2, ""competence-multimedia-telecommunications"": 2, ""competence-statistiques-informatique"": 1}",design;sante;finance,projet_associatif,enseignement,teletravail,parcours-igglia
cand-001693,matiere_synthetique_11;matiere_synthetique_15;matiere_synthetique_1,19.2,"{""competence-techniques-informatiques-gestion"": 3, ""competence-electronique-systemes"": 0, ""competence-multimedia-telecommunications"": 5, ""competence-statistiques-informatique"": 4}",agriculture;informatique;tourisme,projet_personnel_tech,recherche,bureau,parcours-imticia
cand-001600,matiere_synthetique_13;matiere_synthetique_15,17.33,"{""competence-techniques-informatiques-gestion"": 5, ""competence-electronique-systemes"": 2, ""competence-multimedia-telecommunications"": 1, ""competence-statistiques-informatique"": 5}",informatique;agriculture;sante,projet_associatif,fonction_publique,terrain,parcours-igglia
cand-001047,matiere_synthetique_5,5.03,"{""competence-techniques-informatiques-gestion"": 1, ""competence-electronique-systemes"": 1, ""competence-multimedia-telecommunications"": 2, ""competence-statistiques-informatique"": 4}",finance;management,projet_associatif,enseignement,hybride,parcours-isaia
cand-000241,matiere_synthetique_4;matiere_synthetique_11;matiere_synthetique_12,13.87,"{""competence-techniques-informatiques-gestion"": 3, ""competence-electronique-systemes"": 4, ""competence-multimedia-telecommunications"": 5, ""competence-statistiques-informatique"": 2}",design;sante,,recherche,hybride,parcours-imticia
cand-000014,matiere_synthetique_20;matiere_synthetique_2;matiere_synthetique_20,7.76,"{""competence-techniques-informatiques-gestion"": 3, ""competence-electronique-systemes"": 3, ""competence-multimedia-telecommunications"": 4, ""competence-statistiques-informatique"": 3}",agriculture;management,projet_personnel_tech,fonction_publique,bureau,parcours-imticia
cand-000526,matiere_synthetique_12;matiere_synthetique_17,17.83,"{""competence-techniques-informatiques-gestion"": 4, ""competence-electronique-systemes"": 1, ""competence-multimedia-telecommunications"": 1, ""competence-statistiques-informatique"": 5}",robotique,projet_personnel_tech,recherche,hybride,parcours-isaia
cand-001134,matiere_synthetique_9;matiere_synthetique_10;matiere_synthetique_13,16.51,"{""competence-techniques-informatiques-gestion"": 2, ""competence-electronique-systemes"": 5, ""competence-multimedia-telecommunications"": 2, ""competence-statistiques-informatique"": 5}",design;informatique,projet_personnel_tech;projet_associatif,salariat,bureau,parcours-esiia
cand-000403,matiere_synthetique_3;matiere_synthetique_2,12.09,"{""competence-techniques-informatiques-gestion"": 2, ""competence-electronique-systemes"": 3, ""competence-multimedia-telecommunications"": 3, ""competence-statistiques-informatique"": 2}",informatique,,recherche,terrain,parcours-esiia
cand-000161,matiere_synthetique_12;matiere_synthetique_7;matiere_synthetique_15,8.33,"{""competence-techniques-informatiques-gestion"": 1, ""competence-electronique-systemes"": 3, ""competence-multimedia-telecommunications"": 5, ""competence-statistiques-informatique"": 1}",agriculture,projet_personnel_tech,recherche,hybride,parcours-imticia
cand-000831,matiere_synthetique_8;matiere_synthetique_2;matiere_synthetique_14,8.55,"{""competence-techniques-informatiques-gestion"": 2, ""competence-electronique-systemes"": 5, ""competence-multimedia-telecommunications"": 2, ""competence-statistiques-informatique"": 4}",tourisme;robotique;management,,enseignement,teletravail,parcours-esiia
cand-000825,matiere_synthetique_5,17.83,"{""competence-techniques-informatiques-gestion"": 1, ""competence-electronique-systemes"": 4, ""competence-multimedia-telecommunications"": 3, ""competence-statistiques-informatique"": 1}",agriculture;sante;ecologie,,entrepreneuriat,bureau,parcours-esiia
cand-000042,matiere_synthetique_9;matiere_synthetique_1;matiere_synthetique_3,8.93,"{""competence-techniques-informatiques-gestion"": 1, ""competence-electronique-systemes"": 5, ""competence-multimedia-telecommunications"": 3, ""competence-statistiques-informatique"": 2}",robotique;finance,,fonction_publique,hybride,parcours-esiia
cand-001740,matiere_synthetique_14;matiere_synthetique_19,10.67,"{""competence-techniques-informatiques-gestion"": 0, ""competence-electronique-systemes"": 3, ""competence-multimedia-telecommunications"": 5, ""competence-statistiques-informatique"": 5}",design,,enseignement,teletravail,parcours-imticia
cand-000300,matiere_synthetique_19,13.65,"{""competence-techniques-informatiques-gestion"": 3, ""competence-electronique-systemes"": 5, ""competence-multimedia-telecommunications"": 1, ""competence-statistiques-informatique"": 4}",finance;informatique,projet_personnel_tech,fonction_publique,bureau,parcours-esiia
cand-000567,matiere_synthetique_12;matiere_synthetique_14,13.88,"{""competence-techniques-informatiques-gestion"": 5, ""competence-electronique-systemes"": 1, ""competence-multimedia-telecommunications"": 5, ""competence-statistiques-informatique"": 2}",tourisme;sante;robotique,projet_associatif,fonction_publique,teletravail,parcours-igglia
cand-000016,matiere_synthetique_18;matiere_synthetique_10;matiere_synthetique_4,17.88,"{""competence-techniques-informatiques-gestion"": 2, ""competence-electronique-systemes"": 2, ""competence-multimedia-telecommunications"": 5, ""competence-statistiques-informatique"": 3}",finance;tourisme;design,projet_personnel_tech,recherche,bureau,parcours-imticia
cand-000249,matiere_synthetique_18;matiere_synthetique_10;matiere_synthetique_12,14.34,"{""competence-techniques-informatiques-gestion"": 1, ""competence-electronique-systemes"": 3, ""competence-multimedia-telecommunications"": 2, ""competence-statistiques-informatique"": 1}",ecologie;agriculture;robotique,projet_associatif,enseignement,hybride,parcours-esiia
cand-001209,matiere_synthetique_7;matiere_synthetique_9,9.83,"{""competence-techniques-informatiques-gestion"": 4, ""competence-electronique-systemes"": 2, ""competence-multimedia-telecommunications"": 3, ""competence-statistiques-informatique"": 5}",finance;informatique;robotique,projet_personnel_tech,recherche,terrain,parcours-isaia
cand-000406,matiere_synthetique_3;matiere_synthetique_12,13.2,"{""competence-techniques-informatiques-gestion"": 5, ""competence-electronique-systemes"": 5, ""competence-multimedia-telecommunications"": 4, ""competence-statistiques-informatique"": 5}",finance;design;robotique,projet_personnel_tech,enseignement,hybride,parcours-igglia
cand-000943,matiere_synthetique_11;matiere_synthetique_2,18.64,"{""competence-techniques-informatiques-gestion"": 3, ""competence-electronique-systemes"": 0, ""competence-multimedia-telecommunications"": 4, ""competence-statistiques-informatique"": 5}",finance;management,projet_associatif,recherche,bureau,parcours-isaia
cand-000710,matiere_synthetique_11,15.05,"{""competence-techniques-informatiques-gestion"": 1, ""competence-electronique-systemes"": 5, ""competence-multimedia-telecommunications"": 4, ""competence-statistiques-informatique"": 2}",management;ecologie,,enseignement,terrain,parcours-esiia
cand-001044,matiere_synthetique_6;matiere_synthetique_9,11.9,"{""competence-techniques-informatiques-gestion"": 4, ""competence-electronique-systemes"": 5, ""competence-multimedia-telecommunications"": 4, ""competence-statistiques-informatique"": 5}",informatique;robotique;tourisme,,recherche,terrain,parcours-esiia
cand-000218,matiere_synthetique_18;matiere_synthetique_3;matiere_synthetique_10,14.71,"{""competence-techniques-informatiques-gestion"": 3, ""competence-electronique-systemes"": 2, ""competence-multimedia-telecommunications"": 1, ""competence-statistiques-informatique"": 5}",finance;robotique,,fonction_publique,terrain,parcours-isaia
cand-000478,matiere_synthetique_11;matiere_synthetique_19;matiere_synthetique_14,16.63,"{""competence-techniques-informatiques-gestion"": 0, ""competence-electronique-systemes"": 4, ""competence-multimedia-telecommunications"": 2, ""competence-statistiques-informatique"": 4}",management;finance;design,,enseignement,teletravail,parcours-esiia
cand-000404,matiere_synthetique_14;matiere_synthetique_17,10.45,"{""competence-techniques-informatiques-gestion"": 3, ""competence-electronique-systemes"": 1, ""competence-multimedia-telecommunications"": 1, ""competence-statistiques-informatique"": 2}",robotique;sante;ecologie,projet_personnel_tech,fonction_publique,terrain,parcours-igglia
cand-000296,matiere_synthetique_15;matiere_synthetique_2;matiere_synthetique_5,8.69,"{""competence-techniques-informatiques-gestion"": 1, ""competence-electronique-systemes"": 2, ""competence-multimedia-telecommunications"": 5, ""competence-statistiques-informatique"": 5}",finance;agriculture;ecologie,,fonction_publique,bureau,parcours-imticia
cand-000829,matiere_synthetique_11;matiere_synthetique_9;matiere_synthetique_2,7.78,"{""competence-techniques-informatiques-gestion"": 1, ""competence-electronique-systemes"": 4, ""competence-multimedia-telecommunications"": 0, ""competence-statistiques-informatique"": 5}",robotique;management,projet_personnel_tech,fonction_publique,terrain,parcours-isaia
cand-000853,matiere_synthetique_3,10.33,"{""competence-techniques-informatiques-gestion"": 5, ""competence-electronique-systemes"": 5, ""competence-multimedia-telecommunications"": 5, ""competence-statistiques-informatique"": 1}",robotique;informatique;ecologie,,salariat,hybride,parcours-igglia
cand-000449,matiere_synthetique_1;matiere_synthetique_9;matiere_synthetique_5,12.07,"{""competence-techniques-informatiques-gestion"": 1, ""competence-electronique-systemes"": 5, ""competence-multimedia-telecommunications"": 4, ""competence-statistiques-informatique"": 1}",tourisme;finance,projet_personnel_tech;projet_associatif,enseignement,terrain,parcours-esiia
cand-001725,matiere_synthetique_17,17.5,"{""competence-techniques-informatiques-gestion"": 0, ""competence-electronique-systemes"": 4, ""competence-multimedia-telecommunications"": 1, ""competence-statistiques-informatique"": 4}",tourisme;finance;sante,projet_personnel_tech,fonction_publique,terrain,parcours-esiia
cand-001745,matiere_synthetique_10;matiere_synthetique_2;matiere_synthetique_6,8.46,"{""competence-techniques-informatiques-gestion"": 4, ""competence-electronique-systemes"": 5, ""competence-multimedia-telecommunications"": 2, ""competence-statistiques-informatique"": 3}",sante,,enseignement,bureau,parcours-esiia
cand-001843,matiere_synthetique_10,16.77,"{""competence-techniques-informatiques-gestion"": 2, ""competence-electronique-systemes"": 1, ""competence-multimedia-telecommunications"": 3, ""competence-statistiques-informatique"": 1}",ecologie;finance;management,projet_personnel_tech,entrepreneuriat,terrain,parcours-imticia
cand-001358,matiere_synthetique_9,14.27,"{""competence-techniques-informatiques-gestion"": 2, ""competence-electronique-systemes"": 1, ""competence-multimedia-telecommunications"": 3, ""competence-statistiques-informatique"": 1}",agriculture;informatique,projet_associatif,fonction_publique,bureau,parcours-imticia
cand-001337,matiere_synthetique_5;matiere_synthetique_20;matiere_synthetique_11,15.96,"{""competence-techniques-informatiques-gestion"": 2, ""competence-electronique-systemes"": 5, ""competence-multimedia-telecommunications"": 5, ""competence-statistiques-informatique"": 2}",design;sante;informatique,projet_personnel_tech,salariat,hybride,parcours-esiia
cand-000615,matiere_synthetique_15,13.86,"{""competence-techniques-informatiques-gestion"": 3, ""competence-electronique-systemes"": 1, ""competence-multimedia-telecommunications"": 2, ""competence-statistiques-informatique"": 4}",sante;management;finance,,fonction_publique,terrain,parcours-isaia
cand-001338,matiere_synthetique_6;matiere_synthetique_20,13.36,"{""competence-techniques-informatiques-gestion"": 2, ""competence-electronique-systemes"": 2, ""competence-multimedia-telecommunications"": 0, ""competence-statistiques-informatique"": 4}",ecologie;management;robotique,,enseignement,hybride,parcours-isaia
cand-001796,matiere_synthetique_19;matiere_synthetique_5;matiere_synthetique_9,10.78,"{""competence-techniques-informatiques-gestion"": 5, ""competence-electronique-systemes"": 0, ""competence-multimedia-telecommunications"": 5, ""competence-statistiques-informatique"": 3}",agriculture;sante,,fonction_publique,bureau,parcours-igglia
cand-001018,matiere_synthetique_17;matiere_synthetique_2,9.88,"{""competence-techniques-informatiques-gestion"": 2, ""competence-electronique-systemes"": 2, ""competence-multimedia-telecommunications"": 2, ""competence-statistiques-informatique"": 1}",tourisme;sante;robotique,projet_associatif,salariat,hybride,parcours-igglia
cand-000051,matiere_synthetique_9;matiere_synthetique_1,17.75,"{""competence-techniques-informatiques-gestion"": 3, ""competence-electronique-systemes"": 2, ""competence-multimedia-telecommunications"": 3, ""competence-statistiques-informatique"": 5}",design;tourisme,,enseignement,hybride,parcours-isaia
cand-001563,matiere_synthetique_19,15.13,"{""competence-techniques-informatiques-gestion"": 5, ""competence-electronique-systemes"": 3, ""competence-multimedia-telecommunications"": 2, ""competence-statistiques-informatique"": 0}",ecologie,projet_personnel_tech;projet_associatif,recherche,teletravail,parcours-igglia
cand-000891,matiere_synthetique_2;matiere_synthetique_9,15.3,"{""competence-techniques-informatiques-gestion"": 3, ""competence-electronique-systemes"": 5, ""competence-multimedia-telecommunications"": 3, ""competence-statistiques-informatique"": 1}",management,projet_personnel_tech,salariat,teletravail,parcours-esiia
cand-000305,matiere_synthetique_8;matiere_synthetique_6,10.79,"{""competence-techniques-informatiques-gestion"": 0, ""competence-electronique-systemes"": 2, ""competence-multimedia-telecommunications"": 5, ""competence-statistiques-informatique"": 3}",informatique,,entrepreneuriat,hybride,parcours-imticia
cand-000215,matiere_synthetique_20;matiere_synthetique_3;matiere_synthetique_19,8.59,"{""competence-techniques-informatiques-gestion"": 5, ""competence-electronique-systemes"": 1, ""competence-multimedia-telecommunications"": 3, ""competence-statistiques-informatique"": 3}",design;robotique,projet_associatif,salariat,terrain,parcours-igglia
cand-000299,matiere_synthetique_19;matiere_synthetique_14,11.5,"{""competence-techniques-informatiques-gestion"": 2, ""competence-electronique-systemes"": 5, ""competence-multimedia-telecommunications"": 3, ""competence-statistiques-informatique"": 4}",agriculture;sante,projet_personnel_tech,fonction_publique,hybride,parcours-esiia
cand-000395,matiere_synthetique_17,10.81,"{""competence-techniques-informatiques-gestion"": 5, ""competence-electronique-systemes"": 4, ""competence-multimedia-telecommunications"": 3, ""competence-statistiques-informatique"": 5}",design;agriculture,,salariat,terrain,parcours-igglia
cand-001792,matiere_synthetique_2;matiere_synthetique_19;matiere_synthetique_8,20.0,"{""competence-techniques-informatiques-gestion"": 3, ""competence-electronique-systemes"": 5, ""competence-multimedia-telecommunications"": 3, ""competence-statistiques-informatique"": 4}",finance;sante;tourisme,,salariat,teletravail,parcours-esiia
cand-001844,matiere_synthetique_19;matiere_synthetique_12,11.57,"{""competence-techniques-informatiques-gestion"": 5, ""competence-electronique-systemes"": 2, ""competence-multimedia-telecommunications"": 4, ""competence-statistiques-informatique"": 4}",robotique,,enseignement,teletravail,parcours-igglia
cand-000982,matiere_synthetique_6;matiere_synthetique_7,13.62,"{""competence-techniques-informatiques-gestion"": 0, ""competence-electronique-systemes"": 5, ""competence-multimedia-telecommunications"": 5, ""competence-statistiques-informatique"": 1}",tourisme;informatique,,salariat,bureau,parcours-esiia
cand-000669,matiere_synthetique_2;matiere_synthetique_14,15.03,"{""competence-techniques-informatiques-gestion"": 5, ""competence-electronique-systemes"": 5, ""competence-multimedia-telecommunications"": 5, ""competence-statistiques-informatique"": 0}",sante;robotique;agriculture,,recherche,bureau,parcours-igglia
cand-000176,matiere_synthetique_9;matiere_synthetique_3,13.32,"{""competence-techniques-informatiques-gestion"": 2, ""competence-electronique-systemes"": 3, ""competence-multimedia-telecommunications"": 3, ""competence-statistiques-informatique"": 3}",informatique;ecologie;design,projet_associatif,recherche,hybride,parcours-esiia
cand-001640,matiere_synthetique_2;matiere_synthetique_11;matiere_synthetique_3,10.66,"{""competence-techniques-informatiques-gestion"": 0, ""competence-electronique-systemes"": 1, ""competence-multimedia-telecommunications"": 5, ""competence-statistiques-informatique"": 3}",ecologie,projet_personnel_tech;projet_associatif,recherche,teletravail,parcours-imticia
cand-001490,matiere_synthetique_7;matiere_synthetique_18;matiere_synthetique_8,15.85,"{""competence-techniques-informatiques-gestion"": 5, ""competence-electronique-systemes"": 1, ""competence-multimedia-telecommunications"": 5, ""competence-statistiques-informatique"": 4}",sante;agriculture,,recherche,teletravail,parcours-igglia
cand-001197,matiere_synthetique_2;matiere_synthetique_11,16.58,"{""competence-techniques-informatiques-gestion"": 2, ""competence-electronique-systemes"": 4, ""competence-multimedia-telecommunications"": 2, ""competence-statistiques-informatique"": 4}",finance;sante,projet_personnel_tech,entrepreneuriat,terrain,parcours-esiia
cand-001483,matiere_synthetique_12;matiere_synthetique_11,13.62,"{""competence-techniques-informatiques-gestion"": 4, ""competence-electronique-systemes"": 4, ""competence-multimedia-telecommunications"": 5, ""competence-statistiques-informatique"": 1}",tourisme;design;agriculture,,enseignement,hybride,parcours-imticia
cand-001290,matiere_synthetique_16,15.64,"{""competence-techniques-informatiques-gestion"": 3, ""competence-electronique-systemes"": 5, ""competence-multimedia-telecommunications"": 3, ""competence-statistiques-informatique"": 0}",sante,projet_personnel_tech,entrepreneuriat,hybride,parcours-esiia
cand-001734,matiere_synthetique_5,18.14,"{""competence-techniques-informatiques-gestion"": 2, ""competence-electronique-systemes"": 3, ""competence-multimedia-telecommunications"": 2, ""competence-statistiques-informatique"": 0}",informatique;robotique,,enseignement,bureau,parcours-esiia
cand-000094,matiere_synthetique_11;matiere_synthetique_12,18.74,"{""competence-techniques-informatiques-gestion"": 3, ""competence-electronique-systemes"": 1, ""competence-multimedia-telecommunications"": 2, ""competence-statistiques-informatique"": 1}",design;robotique,projet_personnel_tech,salariat,teletravail,parcours-igglia
cand-000686,matiere_synthetique_15;matiere_synthetique_19;matiere_synthetique_17,14.35,"{""competence-techniques-informatiques-gestion"": 5, ""competence-electronique-systemes"": 3, ""competence-multimedia-telecommunications"": 1, ""competence-statistiques-informatique"": 5}",informatique;sante,projet_associatif,entrepreneuriat,terrain,parcours-igglia
cand-001324,matiere_synthetique_2;matiere_synthetique_3;matiere_synthetique_10,15.91,"{""competence-techniques-informatiques-gestion"": 5, ""competence-electronique-systemes"": 0, ""competence-multimedia-telecommunications"": 5, ""competence-statistiques-informatique"": 4}",tourisme,projet_personnel_tech,enseignement,bureau,parcours-igglia
cand-001289,matiere_synthetique_2,8.36,"{""competence-techniques-informatiques-gestion"": 5, ""competence-electronique-systemes"": 2, ""competence-multimedia-telecommunications"": 1, ""competence-statistiques-informatique"": 2}",finance;design;tourisme,projet_personnel_tech,recherche,bureau,parcours-igglia
cand-001506,matiere_synthetique_13,10.18,"{""competence-techniques-informatiques-gestion"": 2, ""competence-electronique-systemes"": 5, ""competence-multimedia-telecommunications"": 5, ""competence-statistiques-informatique"": 5}",agriculture;finance,,recherche,hybride,parcours-esiia
cand-000436,matiere_synthetique_10,11.62,"{""competence-techniques-informatiques-gestion"": 5, ""competence-electronique-systemes"": 1, ""competence-multimedia-telecommunications"": 1, ""competence-statistiques-informatique"": 3}",informatique,,enseignement,hybride,parcours-igglia
cand-001610,matiere_synthetique_4,11.1,"{""competence-techniques-informatiques-gestion"": 5, ""competence-electronique-systemes"": 4, ""competence-multimedia-telecommunications"": 5, ""competence-statistiques-informatique"": 2}",informatique;sante,projet_personnel_tech,fonction_publique,bureau,parcours-igglia
cand-001625,matiere_synthetique_2,13.83,"{""competence-techniques-informatiques-gestion"": 1, ""competence-electronique-systemes"": 3, ""competence-multimedia-telecommunications"": 3, ""competence-statistiques-informatique"": 4}",management;ecologie,projet_personnel_tech,fonction_publique,bureau,parcours-isaia
cand-000759,matiere_synthetique_1;matiere_synthetique_10;matiere_synthetique_1,10.63,"{""competence-techniques-informatiques-gestion"": 3, ""competence-electronique-systemes"": 4, ""competence-multimedia-telecommunications"": 5, ""competence-statistiques-informatique"": 4}",ecologie;finance;sante,,salariat,bureau,parcours-imticia
cand-000389,matiere_synthetique_17,8.57,"{""competence-techniques-informatiques-gestion"": 1, ""competence-electronique-systemes"": 3, ""competence-multimedia-telecommunications"": 1, ""competence-statistiques-informatique"": 5}",management,,salariat,hybride,parcours-isaia
cand-000559,matiere_synthetique_19;matiere_synthetique_1,13.29,"{""competence-techniques-informatiques-gestion"": 1, ""competence-electronique-systemes"": 0, ""competence-multimedia-telecommunications"": 0, ""competence-statistiques-informatique"": 3}",robotique,,entrepreneuriat,bureau,parcours-isaia
cand-000679,matiere_synthetique_7,8.39,"{""competence-techniques-informatiques-gestion"": 3, ""competence-electronique-systemes"": 5, ""competence-multimedia-telecommunications"": 2, ""competence-statistiques-informatique"": 1}",agriculture;finance;ecologie,,entrepreneuriat,bureau,parcours-esiia
cand-001163,matiere_synthetique_6;matiere_synthetique_2,17.56,"{""competence-techniques-informatiques-gestion"": 3, ""competence-electronique-systemes"": 3, ""competence-multimedia-telecommunications"": 5, ""competence-statistiques-informatique"": 2}",agriculture,projet_personnel_tech;projet_associatif,enseignement,bureau,parcours-imticia
cand-001201,matiere_synthetique_1;matiere_synthetique_16;matiere_synthetique_7,18.22,"{""competence-techniques-informatiques-gestion"": 2, ""competence-electronique-systemes"": 5, ""competence-multimedia-telecommunications"": 1, ""competence-statistiques-informatique"": 2}",management;ecologie,,salariat,terrain,parcours-esiia
cand-000798,matiere_synthetique_14;matiere_synthetique_6;matiere_synthetique_17,16.87,"{""competence-techniques-informatiques-gestion"": 3, ""competence-electronique-systemes"": 5, ""competence-multimedia-telecommunications"": 4, ""competence-statistiques-informatique"": 3}",informatique;agriculture,,salariat,hybride,parcours-esiia
cand-001210,matiere_synthetique_6;matiere_synthetique_12,8.51,"{""competence-techniques-informatiques-gestion"": 5, ""competence-electronique-systemes"": 2, ""competence-multimedia-telecommunications"": 2, ""competence-statistiques-informatique"": 0}",tourisme;finance;sante,,entrepreneuriat,terrain,parcours-igglia
cand-001292,matiere_synthetique_11;matiere_synthetique_12;matiere_synthetique_19,14.47,"{""competence-techniques-informatiques-gestion"": 3, ""competence-electronique-systemes"": 5, ""competence-multimedia-telecommunications"": 1, ""competence-statistiques-informatique"": 0}",agriculture;informatique;management,,entrepreneuriat,terrain,parcours-esiia
cand-000334,matiere_synthetique_11,11.68,"{""competence-techniques-informatiques-gestion"": 5, ""competence-electronique-systemes"": 2, ""competence-multimedia-telecommunications"": 5, ""competence-statistiques-informatique"": 5}",agriculture;tourisme,,entrepreneuriat,bureau,parcours-igglia
cand-000195,matiere_synthetique_16;matiere_synthetique_7;matiere_synthetique_16,10.8,"{""competence-techniques-informatiques-gestion"": 0, ""competence-electronique-systemes"": 1, ""competence-multimedia-telecommunications"": 5, ""competence-statistiques-informatique"": 2}",robotique,projet_personnel_tech,recherche,terrain,parcours-imticia
cand-001229,matiere_synthetique_2,17.44,"{""competence-techniques-informatiques-gestion"": 4, ""competence-electronique-systemes"": 1, ""competence-multimedia-telecommunications"": 1, ""competence-statistiques-informatique"": 5}",finance;informatique,,fonction_publique,hybride,parcours-isaia
cand-000441,matiere_synthetique_11,13.16,"{""competence-techniques-informatiques-gestion"": 5, ""competence-electronique-systemes"": 5, ""competence-multimedia-telecommunications"": 4, ""competence-statistiques-informatique"": 5}",design,projet_personnel_tech,enseignement,bureau,parcours-igglia
cand-000772,matiere_synthetique_13;matiere_synthetique_11,10.81,"{""competence-techniques-informatiques-gestion"": 4, ""competence-electronique-systemes"": 4, ""competence-multimedia-telecommunications"": 2, ""competence-statistiques-informatique"": 1}",finance;management;tourisme,projet_personnel_tech,fonction_publique,hybride,parcours-igglia
cand-000517,matiere_synthetique_16,15.66,"{""competence-techniques-informatiques-gestion"": 5, ""competence-electronique-systemes"": 3, ""competence-multimedia-telecommunications"": 3, ""competence-statistiques-informatique"": 1}",management;ecologie,projet_personnel_tech,fonction_publique,terrain,parcours-igglia
cand-000162,matiere_synthetique_2;matiere_synthetique_10;matiere_synthetique_9,17.9,"{""competence-techniques-informatiques-gestion"": 5, ""competence-electronique-systemes"": 2, ""competence-multimedia-telecommunications"": 1, ""competence-statistiques-informatique"": 5}",management,projet_personnel_tech,salariat,terrain,parcours-igglia
cand-000738,matiere_synthetique_11;matiere_synthetique_4;matiere_synthetique_20,8.94,"{""competence-techniques-informatiques-gestion"": 5, ""competence-electronique-systemes"": 1, ""competence-multimedia-telecommunications"": 5, ""competence-statistiques-informatique"": 4}",sante;robotique;informatique,,fonction_publique,terrain,parcours-igglia
cand-001096,matiere_synthetique_18;matiere_synthetique_4,13.94,"{""competence-techniques-informatiques-gestion"": 5, ""competence-electronique-systemes"": 5, ""competence-multimedia-telecommunications"": 3, ""competence-statistiques-informatique"": 1}",ecologie;management;sante,projet_associatif,recherche,terrain,parcours-igglia
cand-000230,matiere_synthetique_1,15.57,"{""competence-techniques-informatiques-gestion"": 1, ""competence-electronique-systemes"": 2, ""competence-multimedia-telecommunications"": 3, ""competence-statistiques-informatique"": 1}",design,,fonction_publique,hybride,parcours-imticia
cand-001744,matiere_synthetique_1;matiere_synthetique_7,9.91,"{""competence-techniques-informatiques-gestion"": 5, ""competence-electronique-systemes"": 5, ""competence-multimedia-telecommunications"": 4, ""competence-statistiques-informatique"": 1}",design,,enseignement,hybride,parcours-igglia
cand-001442,matiere_synthetique_18,9.72,"{""competence-techniques-informatiques-gestion"": 5, ""competence-electronique-systemes"": 5, ""competence-multimedia-telecommunications"": 4, ""competence-statistiques-informatique"": 4}",finance;tourisme,,entrepreneuriat,hybride,parcours-igglia
cand-000817,matiere_synthetique_19;matiere_synthetique_18;matiere_synthetique_10,10.77,"{""competence-techniques-informatiques-gestion"": 5, ""competence-electronique-systemes"": 0, ""competence-multimedia-telecommunications"": 4, ""competence-statistiques-informatique"": 1}",design;finance,,salariat,teletravail,parcours-igglia
cand-000782,matiere_synthetique_19;matiere_synthetique_18,15.49,"{""competence-techniques-informatiques-gestion"": 4, ""competence-electronique-systemes"": 4, ""competence-multimedia-telecommunications"": 5, ""competence-statistiques-informatique"": 1}",tourisme;robotique,,salariat,teletravail,parcours-imticia
cand-001420,matiere_synthetique_8;matiere_synthetique_3;matiere_synthetique_12,15.32,"{""competence-techniques-informatiques-gestion"": 5, ""competence-electronique-systemes"": 5, ""competence-multimedia-telecommunications"": 5, ""competence-statistiques-informatique"": 2}",informatique;design,,entrepreneuriat,bureau,parcours-igglia
cand-000267,matiere_synthetique_17;matiere_synthetique_8,6.21,"{""competence-techniques-informatiques-gestion"": 4, ""competence-electronique-systemes"": 5, ""competence-multimedia-telecommunications"": 5, ""competence-statistiques-informatique"": 1}",design,projet_personnel_tech,salariat,teletravail,parcours-esiia
cand-001631,matiere_synthetique_3;matiere_synthetique_20;matiere_synthetique_6,13.26,"{""competence-techniques-informatiques-gestion"": 2, ""competence-electronique-systemes"": 3, ""competence-multimedia-telecommunications"": 4, ""competence-statistiques-informatique"": 2}",informatique;robotique,projet_associatif,salariat,terrain,parcours-imticia
cand-000981,matiere_synthetique_10;matiere_synthetique_13,17.82,"{""competence-techniques-informatiques-gestion"": 3, ""competence-electronique-systemes"": 4, ""competence-multimedia-telecommunications"": 5, ""competence-statistiques-informatique"": 5}",informatique;design;ecologie,,entrepreneuriat,teletravail,parcours-imticia
cand-000889,matiere_synthetique_13;matiere_synthetique_16,8.17,"{""competence-techniques-informatiques-gestion"": 5, ""competence-electronique-systemes"": 1, ""competence-multimedia-telecommunications"": 5, ""competence-statistiques-informatique"": 4}",management,,enseignement,hybride,parcours-igglia
cand-000551,matiere_synthetique_11;matiere_synthetique_20,17.97,"{""competence-techniques-informatiques-gestion"": 2, ""competence-electronique-systemes"": 5, ""competence-multimedia-telecommunications"": 1, ""competence-statistiques-informatique"": 2}",design;finance;agriculture,projet_personnel_tech,fonction_publique,hybride,parcours-esiia
cand-000325,matiere_synthetique_12;matiere_synthetique_18;matiere_synthetique_17,8.79,"{""competence-techniques-informatiques-gestion"": 5, ""competence-electronique-systemes"": 3, ""competence-multimedia-telecommunications"": 1, ""competence-statistiques-informatique"": 5}",finance;robotique;management,projet_personnel_tech,entrepreneuriat,teletravail,parcours-igglia
cand-001834,matiere_synthetique_13;matiere_synthetique_6;matiere_synthetique_17,10.68,"{""competence-techniques-informatiques-gestion"": 4, ""competence-electronique-systemes"": 4, ""competence-multimedia-telecommunications"": 5, ""competence-statistiques-informatique"": 5}",tourisme,,enseignement,terrain,parcours-imticia
cand-000627,matiere_synthetique_16;matiere_synthetique_20;matiere_synthetique_15,13.52,"{""competence-techniques-informatiques-gestion"": 1, ""competence-electronique-systemes"": 0, ""competence-multimedia-telecommunications"": 0, ""competence-statistiques-informatique"": 5}",ecologie,projet_associatif,enseignement,bureau,parcours-isaia
cand-001634,matiere_synthetique_1;matiere_synthetique_14;matiere_synthetique_9,12.01,"{""competence-techniques-informatiques-gestion"": 5, ""competence-electronique-systemes"": 3, ""competence-multimedia-telecommunications"": 4, ""competence-statistiques-informatique"": 3}",finance;tourisme,projet_personnel_tech;projet_associatif,fonction_publique,teletravail,parcours-igglia
cand-000872,matiere_synthetique_19;matiere_synthetique_20;matiere_synthetique_14,8.64,"{""competence-techniques-informatiques-gestion"": 3, ""competence-electronique-systemes"": 2, ""competence-multimedia-telecommunications"": 3, ""competence-statistiques-informatique"": 4}",design;agriculture;sante,,salariat,bureau,parcours-isaia
cand-001380,matiere_synthetique_19;matiere_synthetique_4;matiere_synthetique_10,8.44,"{""competence-techniques-informatiques-gestion"": 5, ""competence-electronique-systemes"": 5, ""competence-multimedia-telecommunications"": 1, ""competence-statistiques-informatique"": 5}",design,,entrepreneuriat,hybride,parcours-igglia
cand-000376,matiere_synthetique_19;matiere_synthetique_11;matiere_synthetique_10,9.17,"{""competence-techniques-informatiques-gestion"": 5, ""competence-electronique-systemes"": 5, ""competence-multimedia-telecommunications"": 5, ""competence-statistiques-informatique"": 1}",sante;management;robotique,projet_personnel_tech,salariat,bureau,parcours-igglia
cand-000875,matiere_synthetique_3;matiere_synthetique_2,10.83,"{""competence-techniques-informatiques-gestion"": 5, ""competence-electronique-systemes"": 2, ""competence-multimedia-telecommunications"": 2, ""competence-statistiques-informatique"": 5}",informatique;robotique,,entrepreneuriat,teletravail,parcours-igglia
cand-001957,matiere_synthetique_17,16.21,"{""competence-techniques-informatiques-gestion"": 3, ""competence-electronique-systemes"": 1, ""competence-multimedia-telecommunications"": 3, ""competence-statistiques-informatique"": 2}",sante;management;tourisme,projet_personnel_tech;projet_associatif,enseignement,terrain,parcours-igglia
cand-001482,matiere_synthetique_16;matiere_synthetique_17,9.34,"{""competence-techniques-informatiques-gestion"": 5, ""competence-electronique-systemes"": 3, ""competence-multimedia-telecommunications"": 5, ""competence-statistiques-informatique"": 4}",ecologie;management,projet_personnel_tech,entrepreneuriat,hybride,parcours-igglia
cand-001317,matiere_synthetique_3,12.24,"{""competence-techniques-informatiques-gestion"": 1, ""competence-electronique-systemes"": 1, ""competence-multimedia-telecommunications"": 4, ""competence-statistiques-informatique"": 3}",management;robotique,projet_associatif,salariat,bureau,parcours-imticia
cand-001632,matiere_synthetique_15;matiere_synthetique_15;matiere_synthetique_9,10.06,"{""competence-techniques-informatiques-gestion"": 3, ""competence-electronique-systemes"": 4, ""competence-multimedia-telecommunications"": 5, ""competence-statistiques-informatique"": 5}",informatique,,fonction_publique,bureau,parcours-imticia
cand-000718,matiere_synthetique_1;matiere_synthetique_14;matiere_synthetique_14,12.31,"{""competence-techniques-informatiques-gestion"": 5, ""competence-electronique-systemes"": 1, ""competence-multimedia-telecommunications"": 4, ""competence-statistiques-informatique"": 0}",ecologie;sante,projet_personnel_tech;projet_associatif,salariat,hybride,parcours-igglia
cand-001259,matiere_synthetique_5;matiere_synthetique_14;matiere_synthetique_3,9.91,"{""competence-techniques-informatiques-gestion"": 1, ""competence-electronique-systemes"": 3, ""competence-multimedia-telecommunications"": 5, ""competence-statistiques-informatique"": 5}",robotique;design;ecologie,,fonction_publique,hybride,parcours-imticia
cand-000767,matiere_synthetique_18;matiere_synthetique_2;matiere_synthetique_17,7.74,"{""competence-techniques-informatiques-gestion"": 0, ""competence-electronique-systemes"": 5, ""competence-multimedia-telecommunications"": 2, ""competence-statistiques-informatique"": 5}",agriculture;finance;informatique,,recherche,hybride,parcours-esiia
cand-001599,matiere_synthetique_3;matiere_synthetique_19,17.58,"{""competence-techniques-informatiques-gestion"": 5, ""competence-electronique-systemes"": 4, ""competence-multimedia-telecommunications"": 1, ""competence-statistiques-informatique"": 4}",sante;design;robotique,projet_personnel_tech,enseignement,terrain,parcours-igglia
cand-001307,matiere_synthetique_7;matiere_synthetique_10,13.07,"{""competence-techniques-informatiques-gestion"": 4, ""competence-electronique-systemes"": 1, ""competence-multimedia-telecommunications"": 1, ""competence-statistiques-informatique"": 2}",finance;sante,,fonction_publique,bureau,parcours-igglia
cand-000401,matiere_synthetique_5;matiere_synthetique_1,13.76,"{""competence-techniques-informatiques-gestion"": 1, ""competence-electronique-systemes"": 3, ""competence-multimedia-telecommunications"": 2, ""competence-statistiques-informatique"": 4}",ecologie,projet_associatif,fonction_publique,teletravail,parcours-isaia
cand-000000,matiere_synthetique_4;matiere_synthetique_1;matiere_synthetique_9,10.9,"{""competence-techniques-informatiques-gestion"": 5, ""competence-electronique-systemes"": 4, ""competence-multimedia-telecommunications"": 0, ""competence-statistiques-informatique"": 2}",informatique;sante;agriculture,,salariat,hybride,parcours-igglia
cand-000961,matiere_synthetique_20;matiere_synthetique_2;matiere_synthetique_10,18.74,"{""competence-techniques-informatiques-gestion"": 2, ""competence-electronique-systemes"": 5, ""competence-multimedia-telecommunications"": 4, ""competence-statistiques-informatique"": 3}",sante;informatique,,fonction_publique,hybride,parcours-esiia
cand-000970,matiere_synthetique_1;matiere_synthetique_20,11.0,"{""competence-techniques-informatiques-gestion"": 3, ""competence-electronique-systemes"": 2, ""competence-multimedia-telecommunications"": 3, ""competence-statistiques-informatique"": 5}",informatique;agriculture;management,,recherche,teletravail,parcours-isaia
cand-001613,matiere_synthetique_7,19.55,"{""competence-techniques-informatiques-gestion"": 5, ""competence-electronique-systemes"": 5, ""competence-multimedia-telecommunications"": 3, ""competence-statistiques-informatique"": 5}",design;ecologie,,entrepreneuriat,bureau,parcours-igglia
cand-001119,matiere_synthetique_13,9.5,"{""competence-techniques-informatiques-gestion"": 1, ""competence-electronique-systemes"": 1, ""competence-multimedia-telecommunications"": 4, ""competence-statistiques-informatique"": 4}",tourisme;design;ecologie,,fonction_publique,hybride,parcours-imticia
cand-001671,matiere_synthetique_20,15.03,"{""competence-techniques-informatiques-gestion"": 3, ""competence-electronique-systemes"": 5, ""competence-multimedia-telecommunications"": 3, ""competence-statistiques-informatique"": 5}",ecologie;informatique,projet_associatif,salariat,hybride,parcours-esiia
cand-000287,matiere_synthetique_14;matiere_synthetique_17;matiere_synthetique_7,15.66,"{""competence-techniques-informatiques-gestion"": 1, ""competence-electronique-systemes"": 1, ""competence-multimedia-telecommunications"": 3, ""competence-statistiques-informatique"": 3}",robotique;agriculture,,enseignement,hybride,parcours-imticia
cand-001789,matiere_synthetique_20;matiere_synthetique_20,15.69,"{""competence-techniques-informatiques-gestion"": 3, ""competence-electronique-systemes"": 1, ""competence-multimedia-telecommunications"": 5, ""competence-statistiques-informatique"": 4}",sante;robotique,projet_personnel_tech,salariat,terrain,parcours-imticia
cand-000183,matiere_synthetique_4;matiere_synthetique_1;matiere_synthetique_8,12.67,"{""competence-techniques-informatiques-gestion"": 2, ""competence-electronique-systemes"": 5, ""competence-multimedia-telecommunications"": 3, ""competence-statistiques-informatique"": 3}",management;tourisme;informatique,,fonction_publique,terrain,parcours-esiia
cand-000158,matiere_synthetique_14,6.18,"{""competence-techniques-informatiques-gestion"": 1, ""competence-electronique-systemes"": 5, ""competence-multimedia-telecommunications"": 0, ""competence-statistiques-informatique"": 3}",sante,,enseignement,bureau,parcours-esiia
cand-000625,matiere_synthetique_12;matiere_synthetique_6;matiere_synthetique_1,17.63,"{""competence-techniques-informatiques-gestion"": 5, ""competence-electronique-systemes"": 5, ""competence-multimedia-telecommunications"": 4, ""competence-statistiques-informatique"": 2}",agriculture;ecologie,,salariat,hybride,parcours-igglia
cand-001126,matiere_synthetique_9;matiere_synthetique_13,13.66,"{""competence-techniques-informatiques-gestion"": 5, ""competence-electronique-systemes"": 5, ""competence-multimedia-telecommunications"": 2, ""competence-statistiques-informatique"": 1}",sante,projet_associatif,entrepreneuriat,bureau,parcours-igglia
cand-001128,matiere_synthetique_7;matiere_synthetique_11,15.36,"{""competence-techniques-informatiques-gestion"": 4, ""competence-electronique-systemes"": 5, ""competence-multimedia-telecommunications"": 3, ""competence-statistiques-informatique"": 3}",design;finance,projet_personnel_tech;projet_associatif,entrepreneuriat,terrain,parcours-esiia
cand-000584,matiere_synthetique_20,10.78,"{""competence-techniques-informatiques-gestion"": 2, ""competence-electronique-systemes"": 3, ""competence-multimedia-telecommunications"": 5, ""competence-statistiques-informatique"": 5}",tourisme;agriculture,,salariat,teletravail,parcours-imticia
cand-001910,matiere_synthetique_20;matiere_synthetique_15,9.78,"{""competence-techniques-informatiques-gestion"": 4, ""competence-electronique-systemes"": 2, ""competence-multimedia-telecommunications"": 3, ""competence-statistiques-informatique"": 1}",ecologie;informatique,,salariat,teletravail,parcours-igglia
cand-001461,matiere_synthetique_15;matiere_synthetique_17,12.17,"{""competence-techniques-informatiques-gestion"": 3, ""competence-electronique-systemes"": 5, ""competence-multimedia-telecommunications"": 5, ""competence-statistiques-informatique"": 0}",tourisme;robotique,projet_personnel_tech,salariat,terrain,parcours-esiia
cand-000925,matiere_synthetique_15;matiere_synthetique_4,9.97,"{""competence-techniques-informatiques-gestion"": 2, ""competence-electronique-systemes"": 1, ""competence-multimedia-telecommunications"": 5, ""competence-statistiques-informatique"": 3}",tourisme;sante,,salariat,bureau,parcours-imticia
cand-000189,matiere_synthetique_10;matiere_synthetique_14;matiere_synthetique_2,15.42,"{""competence-techniques-informatiques-gestion"": 2, ""competence-electronique-systemes"": 4, ""competence-multimedia-telecommunications"": 2, ""competence-statistiques-informatique"": 5}",agriculture;ecologie,projet_associatif,enseignement,teletravail,parcours-isaia
cand-001198,matiere_synthetique_6,13.5,"{""competence-techniques-informatiques-gestion"": 3, ""competence-electronique-systemes"": 5, ""competence-multimedia-telecommunications"": 4, ""competence-statistiques-informatique"": 4}",sante;agriculture,,entrepreneuriat,hybride,parcours-esiia
cand-001339,matiere_synthetique_7;matiere_synthetique_16;matiere_synthetique_1,12.2,"{""competence-techniques-informatiques-gestion"": 5, ""competence-electronique-systemes"": 5, ""competence-multimedia-telecommunications"": 5, ""competence-statistiques-informatique"": 5}",sante,,recherche,teletravail,parcours-igglia
cand-000712,matiere_synthetique_7;matiere_synthetique_20,8.52,"{""competence-techniques-informatiques-gestion"": 4, ""competence-electronique-systemes"": 5, ""competence-multimedia-telecommunications"": 5, ""competence-statistiques-informatique"": 1}",sante;agriculture,projet_personnel_tech,enseignement,terrain,parcours-esiia
cand-000757,matiere_synthetique_18;matiere_synthetique_12,12.56,"{""competence-techniques-informatiques-gestion"": 2, ""competence-electronique-systemes"": 5, ""competence-multimedia-telecommunications"": 2, ""competence-statistiques-informatique"": 3}",management;tourisme,,fonction_publique,hybride,parcours-esiia
cand-001148,matiere_synthetique_15;matiere_synthetique_17,8.87,"{""competence-techniques-informatiques-gestion"": 5, ""competence-electronique-systemes"": 2, ""competence-multimedia-telecommunications"": 4, ""competence-statistiques-informatique"": 5}",management,projet_associatif,enseignement,hybride,parcours-igglia
cand-001817,matiere_synthetique_14;matiere_synthetique_7,11.0,"{""competence-techniques-informatiques-gestion"": 1, ""competence-electronique-systemes"": 5, ""competence-multimedia-telecommunications"": 2, ""competence-statistiques-informatique"": 1}",informatique;management,,entrepreneuriat,teletravail,parcours-esiia
cand-001329,matiere_synthetique_18,6.6,"{""competence-techniques-informatiques-gestion"": 3, ""competence-electronique-systemes"": 3, ""competence-multimedia-telecommunications"": 5, ""competence-statistiques-informatique"": 5}",sante;tourisme,projet_personnel_tech,salariat,bureau,parcours-imticia
cand-001008,matiere_synthetique_8;matiere_synthetique_7,14.66,"{""competence-techniques-informatiques-gestion"": 5, ""competence-electronique-systemes"": 5, ""competence-multimedia-telecommunications"": 4, ""competence-statistiques-informatique"": 5}",agriculture,,salariat,terrain,parcours-igglia
cand-001784,matiere_synthetique_19,9.74,"{""competence-techniques-informatiques-gestion"": 3, ""competence-electronique-systemes"": 5, ""competence-multimedia-telecommunications"": 2, ""competence-statistiques-informatique"": 5}",finance,,entrepreneuriat,teletravail,parcours-esiia
cand-001622,matiere_synthetique_18;matiere_synthetique_7;matiere_synthetique_13,14.43,"{""competence-techniques-informatiques-gestion"": 5, ""competence-electronique-systemes"": 1, ""competence-multimedia-telecommunications"": 2, ""competence-statistiques-informatique"": 3}",robotique,,salariat,terrain,parcours-igglia
cand-000480,matiere_synthetique_11,10.88,"{""competence-techniques-informatiques-gestion"": 1, ""competence-electronique-systemes"": 4, ""competence-multimedia-telecommunications"": 1, ""competence-statistiques-informatique"": 5}",management,projet_personnel_tech,salariat,bureau,parcours-isaia
cand-000968,matiere_synthetique_16;matiere_synthetique_2;matiere_synthetique_17,12.86,"{""competence-techniques-informatiques-gestion"": 4, ""competence-electronique-systemes"": 3, ""competence-multimedia-telecommunications"": 4, ""competence-statistiques-informatique"": 4}",design,,fonction_publique,terrain,parcours-igglia
cand-001320,matiere_synthetique_10;matiere_synthetique_6;matiere_synthetique_8,15.31,"{""competence-techniques-informatiques-gestion"": 0, ""competence-electronique-systemes"": 5, ""competence-multimedia-telecommunications"": 3, ""competence-statistiques-informatique"": 1}",design;ecologie,,recherche,teletravail,parcours-esiia
cand-000966,matiere_synthetique_6;matiere_synthetique_1,13.14,"{""competence-techniques-informatiques-gestion"": 5, ""competence-electronique-systemes"": 4, ""competence-multimedia-telecommunications"": 5, ""competence-statistiques-informatique"": 1}",design;robotique,projet_associatif,entrepreneuriat,hybride,parcours-igglia
cand-001311,matiere_synthetique_20,11.51,"{""competence-techniques-informatiques-gestion"": 3, ""competence-electronique-systemes"": 0, ""competence-multimedia-telecommunications"": 3, ""competence-statistiques-informatique"": 1}",management;ecologie;agriculture,,recherche,hybride,parcours-igglia
cand-001902,matiere_synthetique_17,19.31,"{""competence-techniques-informatiques-gestion"": 5, ""competence-electronique-systemes"": 4, ""competence-multimedia-telecommunications"": 5, ""competence-statistiques-informatique"": 2}",tourisme;sante,,enseignement,terrain,parcours-igglia
cand-000256,matiere_synthetique_16,6.37,"{""competence-techniques-informatiques-gestion"": 5, ""competence-electronique-systemes"": 1, ""competence-multimedia-telecommunications"": 2, ""competence-statistiques-informatique"": 5}",ecologie,,fonction_publique,teletravail,parcours-igglia
cand-001942,matiere_synthetique_3;matiere_synthetique_10,18.14,"{""competence-techniques-informatiques-gestion"": 2, ""competence-electronique-systemes"": 5, ""competence-multimedia-telecommunications"": 0, ""competence-statistiques-informatique"": 5}",agriculture;management,projet_personnel_tech,recherche,terrain,parcours-esiia
cand-000593,matiere_synthetique_12;matiere_synthetique_16,18.18,"{""competence-techniques-informatiques-gestion"": 1, ""competence-electronique-systemes"": 1, ""competence-multimedia-telecommunications"": 2, ""competence-statistiques-informatique"": 5}",management,,fonction_publique,teletravail,parcours-isaia
cand-001883,matiere_synthetique_16;matiere_synthetique_3,12.66,"{""competence-techniques-informatiques-gestion"": 3, ""competence-electronique-systemes"": 4, ""competence-multimedia-telecommunications"": 3, ""competence-statistiques-informatique"": 4}",tourisme,,entrepreneuriat,bureau,parcours-esiia
cand-001726,matiere_synthetique_9;matiere_synthetique_8,14.9,"{""competence-techniques-informatiques-gestion"": 3, ""competence-electronique-systemes"": 1, ""competence-multimedia-telecommunications"": 3, ""competence-statistiques-informatique"": 2}",robotique,,enseignement,teletravail,parcours-igglia
cand-001685,matiere_synthetique_5,16.01,"{""competence-techniques-informatiques-gestion"": 5, ""competence-electronique-systemes"": 5, ""competence-multimedia-telecommunications"": 5, ""competence-statistiques-informatique"": 3}",agriculture;tourisme;ecologie,,salariat,bureau,parcours-igglia
cand-001138,matiere_synthetique_10;matiere_synthetique_17;matiere_synthetique_19,12.57,"{""competence-techniques-informatiques-gestion"": 3, ""competence-electronique-systemes"": 5, ""competence-multimedia-telecommunications"": 3, ""competence-statistiques-informatique"": 5}",design;ecologie;informatique,projet_personnel_tech,enseignement,teletravail,parcours-esiia
cand-000980,matiere_synthetique_14,12.31,"{""competence-techniques-informatiques-gestion"": 1, ""competence-electronique-systemes"": 5, ""competence-multimedia-telecommunications"": 2, ""competence-statistiques-informatique"": 5}",tourisme;sante,,recherche,terrain,parcours-esiia
cand-000399,matiere_synthetique_10;matiere_synthetique_15;matiere_synthetique_17,8.92,"{""competence-techniques-informatiques-gestion"": 5, ""competence-electronique-systemes"": 3, ""competence-multimedia-telecommunications"": 2, ""competence-statistiques-informatique"": 2}",design;informatique,projet_personnel_tech,recherche,teletravail,parcours-igglia
cand-000687,matiere_synthetique_13,11.13,"{""competence-techniques-informatiques-gestion"": 4, ""competence-electronique-systemes"": 5, ""competence-multimedia-telecommunications"": 4, ""competence-statistiques-informatique"": 2}",tourisme;finance,projet_personnel_tech,fonction_publique,teletravail,parcours-esiia
cand-000537,matiere_synthetique_2;matiere_synthetique_1,10.41,"{""competence-techniques-informatiques-gestion"": 5, ""competence-electronique-systemes"": 5, ""competence-multimedia-telecommunications"": 3, ""competence-statistiques-informatique"": 4}",robotique,,enseignement,bureau,parcours-igglia
cand-000681,matiere_synthetique_6,14.48,"{""competence-techniques-informatiques-gestion"": 2, ""competence-electronique-systemes"": 4, ""competence-multimedia-telecommunications"": 5, ""competence-statistiques-informatique"": 2}",tourisme;agriculture;robotique,,salariat,terrain,parcours-imticia
cand-000112,matiere_synthetique_13;matiere_synthetique_15,17.91,"{""competence-techniques-informatiques-gestion"": 2, ""competence-electronique-systemes"": 3, ""competence-multimedia-telecommunications"": 4, ""competence-statistiques-informatique"": 2}",informatique,,fonction_publique,hybride,parcours-imticia
cand-001438,matiere_synthetique_13,13.33,"{""competence-techniques-informatiques-gestion"": 2, ""competence-electronique-systemes"": 3, ""competence-multimedia-telecommunications"": 2, ""competence-statistiques-informatique"": 5}",sante;finance,,fonction_publique,hybride,parcours-isaia
cand-000090,matiere_synthetique_3;matiere_synthetique_3;matiere_synthetique_10,11.63,"{""competence-techniques-informatiques-gestion"": 4, ""competence-electronique-systemes"": 5, ""competence-multimedia-telecommunications"": 3, ""competence-statistiques-informatique"": 4}",robotique;agriculture,projet_personnel_tech,fonction_publique,terrain,parcours-esiia
cand-001069,matiere_synthetique_20,7.74,"{""competence-techniques-informatiques-gestion"": 2, ""competence-electronique-systemes"": 2, ""competence-multimedia-telecommunications"": 1, ""competence-statistiques-informatique"": 3}",informatique;design;sante,projet_associatif,entrepreneuriat,hybride,parcours-isaia
cand-001697,matiere_synthetique_7;matiere_synthetique_18;matiere_synthetique_8,14.9,"{""competence-techniques-informatiques-gestion"": 4, ""competence-electronique-systemes"": 5, ""competence-multimedia-telecommunications"": 1, ""competence-statistiques-informatique"": 4}",finance,,salariat,teletravail,parcours-esiia
cand-001589,matiere_synthetique_2,8.69,"{""competence-techniques-informatiques-gestion"": 1, ""competence-electronique-systemes"": 4, ""competence-multimedia-telecommunications"": 3, ""competence-statistiques-informatique"": 5}",robotique;management;finance,,entrepreneuriat,bureau,parcours-isaia
cand-000275,matiere_synthetique_5;matiere_synthetique_3;matiere_synthetique_13,13.05,"{""competence-techniques-informatiques-gestion"": 2, ""competence-electronique-systemes"": 2, ""competence-multimedia-telecommunications"": 3, ""competence-statistiques-informatique"": 5}",finance;ecologie,projet_personnel_tech;projet_associatif,fonction_publique,terrain,parcours-isaia
cand-001487,matiere_synthetique_7,9.58,"{""competence-techniques-informatiques-gestion"": 1, ""competence-electronique-systemes"": 3, ""competence-multimedia-telecommunications"": 5, ""competence-statistiques-informatique"": 2}",robotique;design,,entrepreneuriat,teletravail,parcours-imticia
cand-001667,matiere_synthetique_13,9.46,"{""competence-techniques-informatiques-gestion"": 3, ""competence-electronique-systemes"": 1, ""competence-multimedia-telecommunications"": 1, ""competence-statistiques-informatique"": 0}",informatique;management;ecologie,,recherche,terrain,parcours-igglia
cand-001984,matiere_synthetique_16;matiere_synthetique_19,9.35,"{""competence-techniques-informatiques-gestion"": 4, ""competence-electronique-systemes"": 5, ""competence-multimedia-telecommunications"": 3, ""competence-statistiques-informatique"": 2}",informatique,projet_associatif,recherche,hybride,parcours-esiia
cand-000007,matiere_synthetique_18,16.18,"{""competence-techniques-informatiques-gestion"": 5, ""competence-electronique-systemes"": 5, ""competence-multimedia-telecommunications"": 4, ""competence-statistiques-informatique"": 0}",tourisme;sante,projet_personnel_tech,entrepreneuriat,bureau,parcours-igglia
cand-000816,matiere_synthetique_2;matiere_synthetique_1,13.67,"{""competence-techniques-informatiques-gestion"": 1, ""competence-electronique-systemes"": 2, ""competence-multimedia-telecommunications"": 3, ""competence-statistiques-informatique"": 3}",design;sante;finance,,entrepreneuriat,hybride,parcours-imticia
cand-000548,matiere_synthetique_4;matiere_synthetique_4,10.92,"{""competence-techniques-informatiques-gestion"": 1, ""competence-electronique-systemes"": 1, ""competence-multimedia-telecommunications"": 5, ""competence-statistiques-informatique"": 4}",robotique,projet_associatif,entrepreneuriat,bureau,parcours-imticia
cand-000196,matiere_synthetique_10;matiere_synthetique_9,13.4,"{""competence-techniques-informatiques-gestion"": 0, ""competence-electronique-systemes"": 3, ""competence-multimedia-telecommunications"": 1, ""competence-statistiques-informatique"": 1}",ecologie,,recherche,hybride,parcours-esiia
cand-001136,matiere_synthetique_6;matiere_synthetique_13;matiere_synthetique_15,14.97,"{""competence-techniques-informatiques-gestion"": 5, ""competence-electronique-systemes"": 3, ""competence-multimedia-telecommunications"": 5, ""competence-statistiques-informatique"": 5}",ecologie,projet_personnel_tech;projet_associatif,fonction_publique,hybride,parcours-igglia
cand-001618,matiere_synthetique_11;matiere_synthetique_15,14.12,"{""competence-techniques-informatiques-gestion"": 5, ""competence-electronique-systemes"": 1, ""competence-multimedia-telecommunications"": 2, ""competence-statistiques-informatique"": 5}",design,,recherche,terrain,parcours-igglia
cand-000653,matiere_synthetique_6;matiere_synthetique_4;matiere_synthetique_13,11.84,"{""competence-techniques-informatiques-gestion"": 4, ""competence-electronique-systemes"": 1, ""competence-multimedia-telecommunications"": 2, ""competence-statistiques-informatique"": 1}",design;informatique;ecologie,,enseignement,bureau,parcours-igglia
cand-000911,matiere_synthetique_5,8.61,"{""competence-techniques-informatiques-gestion"": 1, ""competence-electronique-systemes"": 3, ""competence-multimedia-telecommunications"": 1, ""competence-statistiques-informatique"": 2}",informatique,projet_personnel_tech,fonction_publique,hybride,parcours-esiia
cand-001468,matiere_synthetique_1;matiere_synthetique_15,14.42,"{""competence-techniques-informatiques-gestion"": 5, ""competence-electronique-systemes"": 4, ""competence-multimedia-telecommunications"": 3, ""competence-statistiques-informatique"": 3}",finance;design,,salariat,teletravail,parcours-igglia
cand-001325,matiere_synthetique_1,16.7,"{""competence-techniques-informatiques-gestion"": 5, ""competence-electronique-systemes"": 1, ""competence-multimedia-telecommunications"": 1, ""competence-statistiques-informatique"": 2}",finance,,entrepreneuriat,bureau,parcours-igglia
cand-001766,matiere_synthetique_16;matiere_synthetique_12,12.45,"{""competence-techniques-informatiques-gestion"": 3, ""competence-electronique-systemes"": 3, ""competence-multimedia-telecommunications"": 5, ""competence-statistiques-informatique"": 3}",robotique,projet_personnel_tech,fonction_publique,teletravail,parcours-imticia
cand-001344,matiere_synthetique_6;matiere_synthetique_16,14.51,"{""competence-techniques-informatiques-gestion"": 0, ""competence-electronique-systemes"": 1, ""competence-multimedia-telecommunications"": 5, ""competence-statistiques-informatique"": 4}",informatique;design;agriculture,projet_personnel_tech,entrepreneuriat,terrain,parcours-imticia
cand-000078,matiere_synthetique_17;matiere_synthetique_4;matiere_synthetique_10,9.71,"{""competence-techniques-informatiques-gestion"": 4, ""competence-electronique-systemes"": 2, ""competence-multimedia-telecommunications"": 5, ""competence-statistiques-informatique"": 5}",design,projet_personnel_tech,salariat,hybride,parcours-imticia
cand-001695,matiere_synthetique_10;matiere_synthetique_20,14.1,"{""competence-techniques-informatiques-gestion"": 3, ""competence-electronique-systemes"": 1, ""competence-multimedia-telecommunications"": 5, ""competence-statistiques-informatique"": 5}",agriculture;design,projet_personnel_tech,fonction_publique,bureau,parcours-imticia
cand-000054,matiere_synthetique_5,16.89,"{""competence-techniques-informatiques-gestion"": 3, ""competence-electronique-systemes"": 5, ""competence-multimedia-telecommunications"": 4, ""competence-statistiques-informatique"": 5}",agriculture;management,projet_associatif,salariat,hybride,parcours-esiia
cand-000462,matiere_synthetique_19;matiere_synthetique_6;matiere_synthetique_1,11.15,"{""competence-techniques-informatiques-gestion"": 1, ""competence-electronique-systemes"": 2, ""competence-multimedia-telecommunications"": 5, ""competence-statistiques-informatique"": 4}",tourisme;design,,entrepreneuriat,bureau,parcours-imticia
cand-000328,matiere_synthetique_20,11.93,"{""competence-techniques-informatiques-gestion"": 5, ""competence-electronique-systemes"": 3, ""competence-multimedia-telecommunications"": 2, ""competence-statistiques-informatique"": 0}",informatique;tourisme;management,projet_personnel_tech,enseignement,terrain,parcours-igglia
cand-001869,matiere_synthetique_18;matiere_synthetique_4;matiere_synthetique_5,11.22,"{""competence-techniques-informatiques-gestion"": 2, ""competence-electronique-systemes"": 3, ""competence-multimedia-telecommunications"": 3, ""competence-statistiques-informatique"": 5}",management,,recherche,hybride,parcours-isaia
cand-001681,matiere_synthetique_13,14.51,"{""competence-techniques-informatiques-gestion"": 4, ""competence-electronique-systemes"": 0, ""competence-multimedia-telecommunications"": 4, ""competence-statistiques-informatique"": 5}",management;robotique;agriculture,,entrepreneuriat,teletravail,parcours-isaia
cand-000368,matiere_synthetique_1,11.24,"{""competence-techniques-informatiques-gestion"": 4, ""competence-electronique-systemes"": 1, ""competence-multimedia-telecommunications"": 3, ""competence-statistiques-informatique"": 3}",robotique;ecologie,projet_associatif,enseignement,bureau,parcours-igglia
cand-000973,matiere_synthetique_2;matiere_synthetique_11,12.82,"{""competence-techniques-informatiques-gestion"": 1, ""competence-electronique-systemes"": 5, ""competence-multimedia-telecommunications"": 3, ""competence-statistiques-informatique"": 1}",informatique;robotique;finance,,recherche,hybride,parcours-esiia
cand-001369,matiere_synthetique_19;matiere_synthetique_19;matiere_synthetique_16,6.98,"{""competence-techniques-informatiques-gestion"": 4, ""competence-electronique-systemes"": 4, ""competence-multimedia-telecommunications"": 4, ""competence-statistiques-informatique"": 1}",design;sante;management,projet_personnel_tech,entrepreneuriat,teletravail,parcours-igglia
cand-001092,matiere_synthetique_8;matiere_synthetique_19,10.52,"{""competence-techniques-informatiques-gestion"": 3, ""competence-electronique-systemes"": 1, ""competence-multimedia-telecommunications"": 4, ""competence-statistiques-informatique"": 3}",ecologie;tourisme,,fonction_publique,teletravail,parcours-imticia
cand-000154,matiere_synthetique_5;matiere_synthetique_9,17.7,"{""competence-techniques-informatiques-gestion"": 4, ""competence-electronique-systemes"": 1, ""competence-multimedia-telecommunications"": 1, ""competence-statistiques-informatique"": 3}",finance,,salariat,teletravail,parcours-igglia
cand-001268,matiere_synthetique_1,13.03,"{""competence-techniques-informatiques-gestion"": 4, ""competence-electronique-systemes"": 3, ""competence-multimedia-telecommunications"": 4, ""competence-statistiques-informatique"": 2}",design,projet_personnel_tech,fonction_publique,hybride,parcours-igglia
cand-000553,matiere_synthetique_7;matiere_synthetique_16,9.12,"{""competence-techniques-informatiques-gestion"": 3, ""competence-electronique-systemes"": 5, ""competence-multimedia-telecommunications"": 4, ""competence-statistiques-informatique"": 1}",sante,,enseignement,terrain,parcours-esiia
cand-000211,matiere_synthetique_17,8.1,"{""competence-techniques-informatiques-gestion"": 4, ""competence-electronique-systemes"": 4, ""competence-multimedia-telecommunications"": 2, ""competence-statistiques-informatique"": 5}",agriculture;robotique;ecologie,projet_personnel_tech,fonction_publique,hybride,parcours-isaia
cand-001473,matiere_synthetique_11;matiere_synthetique_20;matiere_synthetique_16,17.41,"{""competence-techniques-informatiques-gestion"": 2, ""competence-electronique-systemes"": 1, ""competence-multimedia-telecommunications"": 3, ""competence-statistiques-informatique"": 3}",informatique,,entrepreneuriat,terrain,parcours-imticia
cand-000704,matiere_synthetique_12;matiere_synthetique_8,8.85,"{""competence-techniques-informatiques-gestion"": 2, ""competence-electronique-systemes"": 5, ""competence-multimedia-telecommunications"": 1, ""competence-statistiques-informatique"": 5}",finance;agriculture;informatique,,recherche,terrain,parcours-esiia
cand-001446,matiere_synthetique_14;matiere_synthetique_3;matiere_synthetique_16,15.43,"{""competence-techniques-informatiques-gestion"": 4, ""competence-electronique-systemes"": 1, ""competence-multimedia-telecommunications"": 5, ""competence-statistiques-informatique"": 2}",agriculture;finance;sante,,recherche,bureau,parcours-imticia
cand-001208,matiere_synthetique_19;matiere_synthetique_4,16.3,"{""competence-techniques-informatiques-gestion"": 4, ""competence-electronique-systemes"": 2, ""competence-multimedia-telecommunications"": 0, ""competence-statistiques-informatique"": 0}",informatique,projet_personnel_tech;projet_associatif,entrepreneuriat,terrain,parcours-igglia
cand-001802,matiere_synthetique_14;matiere_synthetique_6,15.88,"{""competence-techniques-informatiques-gestion"": 5, ""competence-electronique-systemes"": 3, ""competence-multimedia-telecommunications"": 5, ""competence-statistiques-informatique"": 5}",design;robotique,,fonction_publique,teletravail,parcours-igglia
cand-000763,matiere_synthetique_15;matiere_synthetique_14,8.12,"{""competence-techniques-informatiques-gestion"": 0, ""competence-electronique-systemes"": 5, ""competence-multimedia-telecommunications"": 3, ""competence-statistiques-informatique"": 5}",finance;sante;design,projet_personnel_tech,salariat,terrain,parcours-esiia
cand-001823,matiere_synthetique_14,12.62,"{""competence-techniques-informatiques-gestion"": 1, ""competence-electronique-systemes"": 5, ""competence-multimedia-telecommunications"": 5, ""competence-statistiques-informatique"": 1}",finance;sante,,recherche,terrain,parcours-esiia
cand-000306,matiere_synthetique_3;matiere_synthetique_5;matiere_synthetique_17,20.0,"{""competence-techniques-informatiques-gestion"": 1, ""competence-electronique-systemes"": 1, ""competence-multimedia-telecommunications"": 1, ""competence-statistiques-informatique"": 3}",informatique;agriculture;tourisme,,fonction_publique,hybride,parcours-isaia
cand-000640,matiere_synthetique_8,9.77,"{""competence-techniques-informatiques-gestion"": 3, ""competence-electronique-systemes"": 2, ""competence-multimedia-telecommunications"": 3, ""competence-statistiques-informatique"": 4}",tourisme,,salariat,hybride,parcours-isaia
cand-000254,matiere_synthetique_7;matiere_synthetique_16;matiere_synthetique_13,14.31,"{""competence-techniques-informatiques-gestion"": 1, ""competence-electronique-systemes"": 5, ""competence-multimedia-telecommunications"": 1, ""competence-statistiques-informatique"": 3}",agriculture,,salariat,bureau,parcours-esiia
cand-001827,matiere_synthetique_7;matiere_synthetique_8,6.35,"{""competence-techniques-informatiques-gestion"": 3, ""competence-electronique-systemes"": 2, ""competence-multimedia-telecommunications"": 1, ""competence-statistiques-informatique"": 0}",tourisme;management;sante,,enseignement,hybride,parcours-igglia
cand-001172,matiere_synthetique_10;matiere_synthetique_11,15.8,"{""competence-techniques-informatiques-gestion"": 5, ""competence-electronique-systemes"": 3, ""competence-multimedia-telecommunications"": 2, ""competence-statistiques-informatique"": 2}",ecologie,projet_personnel_tech,salariat,hybride,parcours-igglia
cand-000940,matiere_synthetique_13;matiere_synthetique_18;matiere_synthetique_17,11.83,"{""competence-techniques-informatiques-gestion"": 5, ""competence-electronique-systemes"": 2, ""competence-multimedia-telecommunications"": 5, ""competence-statistiques-informatique"": 5}",management;design,projet_personnel_tech,entrepreneuriat,teletravail,parcours-igglia
cand-000813,matiere_synthetique_3;matiere_synthetique_10;matiere_synthetique_11,19.19,"{""competence-techniques-informatiques-gestion"": 4, ""competence-electronique-systemes"": 1, ""competence-multimedia-telecommunications"": 5, ""competence-statistiques-informatique"": 3}",sante;finance;agriculture,projet_personnel_tech,salariat,teletravail,parcours-imticia
cand-000496,matiere_synthetique_10;matiere_synthetique_10,12.94,"{""competence-techniques-informatiques-gestion"": 2, ""competence-electronique-systemes"": 1, ""competence-multimedia-telecommunications"": 5, ""competence-statistiques-informatique"": 5}",design,projet_personnel_tech,entrepreneuriat,terrain,parcours-imticia
cand-000882,matiere_synthetique_18;matiere_synthetique_4,19.32,"{""competence-techniques-informatiques-gestion"": 2, ""competence-electronique-systemes"": 5, ""competence-multimedia-telecommunications"": 2, ""competence-statistiques-informatique"": 4}",robotique;ecologie;informatique,,enseignement,terrain,parcours-esiia
cand-001741,matiere_synthetique_13;matiere_synthetique_14,16.95,"{""competence-techniques-informatiques-gestion"": 3, ""competence-electronique-systemes"": 1, ""competence-multimedia-telecommunications"": 2, ""competence-statistiques-informatique"": 3}",tourisme,projet_personnel_tech,entrepreneuriat,teletravail,parcours-igglia
cand-001691,matiere_synthetique_9;matiere_synthetique_11,11.74,"{""competence-techniques-informatiques-gestion"": 3, ""competence-electronique-systemes"": 4, ""competence-multimedia-telecommunications"": 0, ""competence-statistiques-informatique"": 1}",management,,salariat,terrain,parcours-esiia
cand-000719,matiere_synthetique_6,12.56,"{""competence-techniques-informatiques-gestion"": 3, ""competence-electronique-systemes"": 5, ""competence-multimedia-telecommunications"": 5, ""competence-statistiques-informatique"": 3}",tourisme;robotique;design,projet_associatif,entrepreneuriat,hybride,parcours-esiia
cand-000876,matiere_synthetique_10,16.5,"{""competence-techniques-informatiques-gestion"": 4, ""competence-electronique-systemes"": 5, ""competence-multimedia-telecommunications"": 5, ""competence-statistiques-informatique"": 4}",design;ecologie;informatique,,recherche,teletravail,parcours-esiia
cand-001964,matiere_synthetique_19;matiere_synthetique_4;matiere_synthetique_6,17.1,"{""competence-techniques-informatiques-gestion"": 1, ""competence-electronique-systemes"": 2, ""competence-multimedia-telecommunications"": 1, ""competence-statistiques-informatique"": 2}",agriculture;ecologie;robotique,,salariat,bureau,parcours-esiia
cand-000265,matiere_synthetique_2,12.6,"{""competence-techniques-informatiques-gestion"": 3, ""competence-electronique-systemes"": 2, ""competence-multimedia-telecommunications"": 3, ""competence-statistiques-informatique"": 4}",sante;management;agriculture,,enseignement,bureau,parcours-isaia
cand-000947,matiere_synthetique_19;matiere_synthetique_9;matiere_synthetique_11,13.29,"{""competence-techniques-informatiques-gestion"": 4, ""competence-electronique-systemes"": 0, ""competence-multimedia-telecommunications"": 0, ""competence-statistiques-informatique"": 3}",tourisme,,salariat,bureau,parcours-igglia
cand-000596,matiere_synthetique_18;matiere_synthetique_17,7.65,"{""competence-techniques-informatiques-gestion"": 4, ""competence-electronique-systemes"": 2, ""competence-multimedia-telecommunications"": 5, ""competence-statistiques-informatique"": 4}",ecologie;tourisme;design,projet_personnel_tech,entrepreneuriat,hybride,parcours-imticia
cand-001141,matiere_synthetique_4,16.98,"{""competence-techniques-informatiques-gestion"": 2, ""competence-electronique-systemes"": 5, ""competence-multimedia-telecommunications"": 2, ""competence-statistiques-informatique"": 3}",ecologie,projet_personnel_tech;projet_associatif,enseignement,bureau,parcours-esiia
cand-001972,matiere_synthetique_16,15.83,"{""competence-techniques-informatiques-gestion"": 1, ""competence-electronique-systemes"": 5, ""competence-multimedia-telecommunications"": 4, ""competence-statistiques-informatique"": 3}",design;robotique,,entrepreneuriat,terrain,parcours-esiia
cand-001219,matiere_synthetique_6;matiere_synthetique_8;matiere_synthetique_11,16.74,"{""competence-techniques-informatiques-gestion"": 0, ""competence-electronique-systemes"": 5, ""competence-multimedia-telecommunications"": 5, ""competence-statistiques-informatique"": 1}",tourisme;design;management,,fonction_publique,bureau,parcours-esiia
cand-000516,matiere_synthetique_5;matiere_synthetique_13;matiere_synthetique_1,14.52,"{""competence-techniques-informatiques-gestion"": 1, ""competence-electronique-systemes"": 2, ""competence-multimedia-telecommunications"": 0, ""competence-statistiques-informatique"": 1}",management,projet_personnel_tech,enseignement,terrain,parcours-esiia
cand-000207,matiere_synthetique_17,5.95,"{""competence-techniques-informatiques-gestion"": 1, ""competence-electronique-systemes"": 2, ""competence-multimedia-telecommunications"": 2, ""competence-statistiques-informatique"": 5}",tourisme;ecologie;design,projet_personnel_tech,salariat,bureau,parcours-isaia
cand-001105,matiere_synthetique_11;matiere_synthetique_12,8.76,"{""competence-techniques-informatiques-gestion"": 5, ""competence-electronique-systemes"": 5, ""competence-multimedia-telecommunications"": 5, ""competence-statistiques-informatique"": 4}",finance,projet_personnel_tech,salariat,bureau,parcours-igglia
cand-001405,matiere_synthetique_14,17.93,"{""competence-techniques-informatiques-gestion"": 1, ""competence-electronique-systemes"": 5, ""competence-multimedia-telecommunications"": 2, ""competence-statistiques-informatique"": 4}",management;robotique,,fonction_publique,bureau,parcours-esiia
cand-001445,matiere_synthetique_17;matiere_synthetique_11;matiere_synthetique_1,17.95,"{""competence-techniques-informatiques-gestion"": 5, ""competence-electronique-systemes"": 1, ""competence-multimedia-telecommunications"": 4, ""competence-statistiques-informatique"": 2}",agriculture;tourisme,projet_personnel_tech,recherche,terrain,parcours-igglia
cand-000841,matiere_synthetique_9,17.76,"{""competence-techniques-informatiques-gestion"": 2, ""competence-electronique-systemes"": 0, ""competence-multimedia-telecommunications"": 2, ""competence-statistiques-informatique"": 1}",sante;design,projet_associatif,fonction_publique,terrain,parcours-igglia
cand-001173,matiere_synthetique_1,15.76,"{""competence-techniques-informatiques-gestion"": 0, ""competence-electronique-systemes"": 2, ""competence-multimedia-telecommunications"": 3, ""competence-statistiques-informatique"": 5}",ecologie,projet_associatif,recherche,hybride,parcours-isaia
cand-001616,matiere_synthetique_20;matiere_synthetique_5;matiere_synthetique_15,10.16,"{""competence-techniques-informatiques-gestion"": 1, ""competence-electronique-systemes"": 5, ""competence-multimedia-telecommunications"": 5, ""competence-statistiques-informatique"": 4}",robotique;agriculture;design,projet_personnel_tech,fonction_publique,hybride,parcours-esiia
cand-001114,matiere_synthetique_15,9.22,"{""competence-techniques-informatiques-gestion"": 5, ""competence-electronique-systemes"": 2, ""competence-multimedia-telecommunications"": 1, ""competence-statistiques-informatique"": 4}",informatique;finance;robotique,,salariat,bureau,parcours-igglia
cand-001362,matiere_synthetique_13;matiere_synthetique_14;matiere_synthetique_17,19.25,"{""competence-techniques-informatiques-gestion"": 4, ""competence-electronique-systemes"": 2, ""competence-multimedia-telecommunications"": 2, ""competence-statistiques-informatique"": 4}",agriculture,,fonction_publique,terrain,parcours-igglia
cand-000377,matiere_synthetique_20;matiere_synthetique_14,14.49,"{""competence-techniques-informatiques-gestion"": 3, ""competence-electronique-systemes"": 1, ""competence-multimedia-telecommunications"": 0, ""competence-statistiques-informatique"": 4}",finance;management;robotique,,recherche,teletravail,parcours-isaia
cand-000664,matiere_synthetique_3;matiere_synthetique_7;matiere_synthetique_16,10.03,"{""competence-techniques-informatiques-gestion"": 2, ""competence-electronique-systemes"": 3, ""competence-multimedia-telecommunications"": 4, ""competence-statistiques-informatique"": 5}",finance,,fonction_publique,hybride,parcours-isaia
cand-001412,matiere_synthetique_18,13.34,"{""competence-techniques-informatiques-gestion"": 5, ""competence-electronique-systemes"": 2, ""competence-multimedia-telecommunications"": 5, ""competence-statistiques-informatique"": 4}",robotique;tourisme;agriculture,,entrepreneuriat,bureau,parcours-igglia
cand-000506,matiere_synthetique_13;matiere_synthetique_9;matiere_synthetique_20,13.94,"{""competence-techniques-informatiques-gestion"": 4, ""competence-electronique-systemes"": 2, ""competence-multimedia-telecommunications"": 5, ""competence-statistiques-informatique"": 2}",management;finance,projet_personnel_tech,salariat,terrain,parcours-imticia
cand-000430,matiere_synthetique_16,11.26,"{""competence-techniques-informatiques-gestion"": 2, ""competence-electronique-systemes"": 3, ""competence-multimedia-telecommunications"": 5, ""competence-statistiques-informatique"": 4}",informatique,projet_associatif,entrepreneuriat,bureau,parcours-imticia
cand-000822,matiere_synthetique_15,8.53,"{""competence-techniques-informatiques-gestion"": 1, ""competence-electronique-systemes"": 3, ""competence-multimedia-telecommunications"": 5, ""competence-statistiques-informatique"": 1}",ecologie;design,,recherche,bureau,parcours-imticia
cand-000993,matiere_synthetique_9;matiere_synthetique_8;matiere_synthetique_1,9.07,"{""competence-techniques-informatiques-gestion"": 5, ""competence-electronique-systemes"": 4, ""competence-multimedia-telecommunications"": 2, ""competence-statistiques-informatique"": 1}",agriculture;finance,,fonction_publique,hybride,parcours-igglia
cand-000438,matiere_synthetique_4,7.98,"{""competence-techniques-informatiques-gestion"": 3, ""competence-electronique-systemes"": 3, ""competence-multimedia-telecommunications"": 2, ""competence-statistiques-informatique"": 5}",robotique;tourisme;informatique,,recherche,hybride,parcours-isaia
cand-001221,matiere_synthetique_9;matiere_synthetique_4,15.15,"{""competence-techniques-informatiques-gestion"": 1, ""competence-electronique-systemes"": 4, ""competence-multimedia-telecommunications"": 3, ""competence-statistiques-informatique"": 5}",informatique,projet_personnel_tech,salariat,terrain,parcours-isaia
cand-000909,matiere_synthetique_15;matiere_synthetique_16,8.1,"{""competence-techniques-informatiques-gestion"": 5, ""competence-electronique-systemes"": 1, ""competence-multimedia-telecommunications"": 3, ""competence-statistiques-informatique"": 5}",finance;management;robotique,,fonction_publique,hybride,parcours-igglia
cand-000076,matiere_synthetique_11;matiere_synthetique_20;matiere_synthetique_5,14.51,"{""competence-techniques-informatiques-gestion"": 2, ""competence-electronique-systemes"": 5, ""competence-multimedia-telecommunications"": 0, ""competence-statistiques-informatique"": 2}",tourisme;finance,projet_personnel_tech,enseignement,terrain,parcours-esiia
cand-000352,matiere_synthetique_7;matiere_synthetique_19;matiere_synthetique_7,9.46,"{""competence-techniques-informatiques-gestion"": 5, ""competence-electronique-systemes"": 5, ""competence-multimedia-telecommunications"": 5, ""competence-statistiques-informatique"": 2}",sante;management;informatique,,fonction_publique,terrain,parcours-igglia
cand-000556,matiere_synthetique_10,10.43,"{""competence-techniques-informatiques-gestion"": 4, ""competence-electronique-systemes"": 1, ""competence-multimedia-telecommunications"": 1, ""competence-statistiques-informatique"": 1}",tourisme,projet_personnel_tech,recherche,terrain,parcours-igglia
cand-001395,matiere_synthetique_1;matiere_synthetique_3;matiere_synthetique_14,9.46,"{""competence-techniques-informatiques-gestion"": 3, ""competence-electronique-systemes"": 1, ""competence-multimedia-telecommunications"": 1, ""competence-statistiques-informatique"": 3}",ecologie,projet_associatif,salariat,teletravail,parcours-igglia
cand-001714,matiere_synthetique_9;matiere_synthetique_12;matiere_synthetique_13,15.12,"{""competence-techniques-informatiques-gestion"": 1, ""competence-electronique-systemes"": 2, ""competence-multimedia-telecommunications"": 3, ""competence-statistiques-informatique"": 5}",management;finance;sante,,entrepreneuriat,hybride,parcours-isaia
cand-001117,matiere_synthetique_6;matiere_synthetique_7,17.61,"{""competence-techniques-informatiques-gestion"": 1, ""competence-electronique-systemes"": 1, ""competence-multimedia-telecommunications"": 3, ""competence-statistiques-informatique"": 5}",finance;ecologie,projet_associatif,salariat,hybride,parcours-isaia
cand-001280,matiere_synthetique_13,12.11,"{""competence-techniques-informatiques-gestion"": 5, ""competence-electronique-systemes"": 5, ""competence-multimedia-telecommunications"": 5, ""competence-statistiques-informatique"": 1}",finance;robotique;tourisme,projet_associatif,salariat,terrain,parcours-igglia
cand-000443,matiere_synthetique_17;matiere_synthetique_3,13.41,"{""competence-techniques-informatiques-gestion"": 1, ""competence-electronique-systemes"": 4, ""competence-multimedia-telecommunications"": 1, ""competence-statistiques-informatique"": 4}",management;design,,salariat,terrain,parcours-esiia
cand-000753,matiere_synthetique_19;matiere_synthetique_19,8.18,"{""competence-techniques-informatiques-gestion"": 2, ""competence-electronique-systemes"": 1, ""competence-multimedia-telecommunications"": 1, ""competence-statistiques-informatique"": 2}",agriculture,,enseignement,teletravail,parcours-igglia
cand-001761,matiere_synthetique_18,10.73,"{""competence-techniques-informatiques-gestion"": 2, ""competence-electronique-systemes"": 5, ""competence-multimedia-telecommunications"": 2, ""competence-statistiques-informatique"": 3}",ecologie;design,projet_personnel_tech,fonction_publique,terrain,parcours-esiia
cand-000114,matiere_synthetique_2,12.13,"{""competence-techniques-informatiques-gestion"": 5, ""competence-electronique-systemes"": 3, ""competence-multimedia-telecommunications"": 3, ""competence-statistiques-informatique"": 3}",tourisme,,fonction_publique,terrain,parcours-igglia
cand-001098,matiere_synthetique_4,9.33,"{""competence-techniques-informatiques-gestion"": 0, ""competence-electronique-systemes"": 5, ""competence-multimedia-telecommunications"": 4, ""competence-statistiques-informatique"": 3}",management;sante,projet_associatif,entrepreneuriat,teletravail,parcours-esiia
cand-001404,matiere_synthetique_9,8.39,"{""competence-techniques-informatiques-gestion"": 2, ""competence-electronique-systemes"": 1, ""competence-multimedia-telecommunications"": 3, ""competence-statistiques-informatique"": 1}",tourisme;robotique;management,,salariat,teletravail,parcours-imticia
cand-001585,matiere_synthetique_8;matiere_synthetique_20,11.43,"{""competence-techniques-informatiques-gestion"": 4, ""competence-electronique-systemes"": 1, ""competence-multimedia-telecommunications"": 1, ""competence-statistiques-informatique"": 5}",tourisme,,enseignement,hybride,parcours-isaia
cand-000374,matiere_synthetique_6,13.59,"{""competence-techniques-informatiques-gestion"": 3, ""competence-electronique-systemes"": 1, ""competence-multimedia-telecommunications"": 5, ""competence-statistiques-informatique"": 2}",finance;ecologie;informatique,,recherche,bureau,parcours-imticia
cand-001139,matiere_synthetique_12;matiere_synthetique_6;matiere_synthetique_12,11.37,"{""competence-techniques-informatiques-gestion"": 5, ""competence-electronique-systemes"": 0, ""competence-multimedia-telecommunications"": 3, ""competence-statistiques-informatique"": 5}",management;robotique;informatique,,salariat,bureau,parcours-igglia
cand-000115,matiere_synthetique_10;matiere_synthetique_9,9.65,"{""competence-techniques-informatiques-gestion"": 5, ""competence-electronique-systemes"": 5, ""competence-multimedia-telecommunications"": 5, ""competence-statistiques-informatique"": 4}",finance;informatique;ecologie,,fonction_publique,teletravail,parcours-igglia
cand-001122,matiere_synthetique_17,10.21,"{""competence-techniques-informatiques-gestion"": 3, ""competence-electronique-systemes"": 2, ""competence-multimedia-telecommunications"": 5, ""competence-statistiques-informatique"": 0}",ecologie,projet_personnel_tech,salariat,bureau,parcours-imticia
cand-000049,matiere_synthetique_3;matiere_synthetique_11;matiere_synthetique_18,10.17,"{""competence-techniques-informatiques-gestion"": 4, ""competence-electronique-systemes"": 5, ""competence-multimedia-telecommunications"": 0, ""competence-statistiques-informatique"": 3}",management,projet_associatif,entrepreneuriat,hybride,parcours-esiia
cand-001713,matiere_synthetique_19;matiere_synthetique_10;matiere_synthetique_5,16.58,"{""competence-techniques-informatiques-gestion"": 1, ""competence-electronique-systemes"": 4, ""competence-multimedia-telecommunications"": 0, ""competence-statistiques-informatique"": 2}",management,,fonction_publique,terrain,parcours-esiia
cand-000618,matiere_synthetique_18,12.93,"{""competence-techniques-informatiques-gestion"": 5, ""competence-electronique-systemes"": 5, ""competence-multimedia-telecommunications"": 5, ""competence-statistiques-informatique"": 3}",agriculture;ecologie;management,projet_personnel_tech,fonction_publique,teletravail,parcours-igglia
cand-001774,matiere_synthetique_16;matiere_synthetique_2,10.21,"{""competence-techniques-informatiques-gestion"": 5, ""competence-electronique-systemes"": 3, ""competence-multimedia-telecommunications"": 3, ""competence-statistiques-informatique"": 5}",finance;design;sante,,recherche,hybride,parcours-igglia
cand-001082,matiere_synthetique_20;matiere_synthetique_20,11.07,"{""competence-techniques-informatiques-gestion"": 2, ""competence-electronique-systemes"": 2, ""competence-multimedia-telecommunications"": 1, ""competence-statistiques-informatique"": 2}",tourisme;finance;design,projet_personnel_tech,enseignement,hybride,parcours-igglia
cand-000737,matiere_synthetique_3,12.78,"{""competence-techniques-informatiques-gestion"": 2, ""competence-electronique-systemes"": 5, ""competence-multimedia-telecommunications"": 5, ""competence-statistiques-informatique"": 0}",agriculture,,salariat,hybride,parcours-esiia
cand-000142,matiere_synthetique_19;matiere_synthetique_12;matiere_synthetique_20,14.74,"{""competence-techniques-informatiques-gestion"": 2, ""competence-electronique-systemes"": 5, ""competence-multimedia-telecommunications"": 3, ""competence-statistiques-informatique"": 2}",tourisme;robotique,,fonction_publique,bureau,parcours-esiia
cand-000330,matiere_synthetique_11,12.94,"{""competence-techniques-informatiques-gestion"": 5, ""competence-electronique-systemes"": 5, ""competence-multimedia-telecommunications"": 5, ""competence-statistiques-informatique"": 1}",finance,,enseignement,hybride,parcours-igglia
cand-000149,matiere_synthetique_15;matiere_synthetique_7;matiere_synthetique_3,16.27,"{""competence-techniques-informatiques-gestion"": 1, ""competence-electronique-systemes"": 4, ""competence-multimedia-telecommunications"": 4, ""competence-statistiques-informatique"": 2}",tourisme,,fonction_publique,teletravail,parcours-esiia
cand-000544,matiere_synthetique_7,15.8,"{""competence-techniques-informatiques-gestion"": 3, ""competence-electronique-systemes"": 2, ""competence-multimedia-telecommunications"": 5, ""competence-statistiques-informatique"": 4}",tourisme;agriculture,,enseignement,terrain,parcours-imticia
cand-000530,matiere_synthetique_3;matiere_synthetique_10,15.25,"{""competence-techniques-informatiques-gestion"": 3, ""competence-electronique-systemes"": 1, ""competence-multimedia-telecommunications"": 4, ""competence-statistiques-informatique"": 3}",sante,,enseignement,terrain,parcours-imticia
cand-000843,matiere_synthetique_7,8.32,"{""competence-techniques-informatiques-gestion"": 4, ""competence-electronique-systemes"": 2, ""competence-multimedia-telecommunications"": 0, ""competence-statistiques-informatique"": 5}",sante;agriculture;finance,,enseignement,terrain,parcours-isaia
cand-001149,matiere_synthetique_12;matiere_synthetique_15;matiere_synthetique_9,13.0,"{""competence-techniques-informatiques-gestion"": 4, ""competence-electronique-systemes"": 5, ""competence-multimedia-telecommunications"": 3, ""competence-statistiques-informatique"": 1}",agriculture,,salariat,bureau,parcours-esiia
cand-000694,matiere_synthetique_13,16.31,"{""competence-techniques-informatiques-gestion"": 2, ""competence-electronique-systemes"": 5, ""competence-multimedia-telecommunications"": 4, ""competence-statistiques-informatique"": 5}",robotique,projet_personnel_tech,fonction_publique,teletravail,parcours-esiia
cand-001530,matiere_synthetique_19;matiere_synthetique_5;matiere_synthetique_6,11.77,"{""competence-techniques-informatiques-gestion"": 0, ""competence-electronique-systemes"": 5, ""competence-multimedia-telecommunications"": 3, ""competence-statistiques-informatique"": 4}",ecologie,,fonction_publique,hybride,parcours-esiia
cand-000826,matiere_synthetique_10,16.96,"{""competence-techniques-informatiques-gestion"": 5, ""competence-electronique-systemes"": 5, ""competence-multimedia-telecommunications"": 4, ""competence-statistiques-informatique"": 5}",agriculture;management;sante,,entrepreneuriat,bureau,parcours-igglia
cand-001443,matiere_synthetique_1;matiere_synthetique_14;matiere_synthetique_19,9.49,"{""competence-techniques-informatiques-gestion"": 5, ""competence-electronique-systemes"": 1, ""competence-multimedia-telecommunications"": 2, ""competence-statistiques-informatique"": 5}",finance;management,,recherche,hybride,parcours-igglia
cand-000736,matiere_synthetique_17;matiere_synthetique_14,10.11,"{""competence-techniques-informatiques-gestion"": 5, ""competence-electronique-systemes"": 4, ""competence-multimedia-telecommunications"": 1, ""competence-statistiques-informatique"": 5}",management;agriculture;design,projet_associatif,salariat,bureau,parcours-igglia
cand-001406,matiere_synthetique_15;matiere_synthetique_20;matiere_synthetique_5,12.17,"{""competence-techniques-informatiques-gestion"": 4, ""competence-electronique-systemes"": 2, ""competence-multimedia-telecommunications"": 4, ""competence-statistiques-informatique"": 1}",informatique;finance;management,,entrepreneuriat,terrain,parcours-igglia
cand-001822,matiere_synthetique_11;matiere_synthetique_5,15.17,"{""competence-techniques-informatiques-gestion"": 4, ""competence-electronique-systemes"": 4, ""competence-multimedia-telecommunications"": 5, ""competence-statistiques-informatique"": 3}",informatique,projet_personnel_tech,enseignement,hybride,parcours-imticia
cand-000181,matiere_synthetique_4;matiere_synthetique_8,10.96,"{""competence-techniques-informatiques-gestion"": 5, ""competence-electronique-systemes"": 3, ""competence-multimedia-telecommunications"": 4, ""competence-statistiques-informatique"": 1}",finance,projet_personnel_tech,enseignement,teletravail,parcours-igglia
cand-001973,matiere_synthetique_2;matiere_synthetique_15,12.81,"{""competence-techniques-informatiques-gestion"": 3, ""competence-electronique-systemes"": 1, ""competence-multimedia-telecommunications"": 5, ""competence-statistiques-informatique"": 1}",informatique;management;robotique,,recherche,teletravail,parcours-imticia
cand-000364,matiere_synthetique_10;matiere_synthetique_12;matiere_synthetique_14,7.34,"{""competence-techniques-informatiques-gestion"": 2, ""competence-electronique-systemes"": 1, ""competence-multimedia-telecommunications"": 4, ""competence-statistiques-informatique"": 5}",management;robotique;tourisme,projet_associatif,fonction_publique,hybride,parcours-isaia
cand-001637,matiere_synthetique_16;matiere_synthetique_19,15.23,"{""competence-techniques-informatiques-gestion"": 2, ""competence-electronique-systemes"": 2, ""competence-multimedia-telecommunications"": 5, ""competence-statistiques-informatique"": 5}",ecologie;agriculture,projet_personnel_tech,recherche,bureau,parcours-imticia
cand-000234,matiere_synthetique_2,13.52,"{""competence-techniques-informatiques-gestion"": 1, ""competence-electronique-systemes"": 1, ""competence-multimedia-telecommunications"": 5, ""competence-statistiques-informatique"": 3}",agriculture;design,,entrepreneuriat,bureau,parcours-imticia
cand-001852,matiere_synthetique_1;matiere_synthetique_5;matiere_synthetique_17,13.91,"{""competence-techniques-informatiques-gestion"": 4, ""competence-electronique-systemes"": 3, ""competence-multimedia-telecommunications"": 4, ""competence-statistiques-informatique"": 1}",agriculture;finance;tourisme,projet_personnel_tech;projet_associatif,recherche,terrain,parcours-igglia
cand-000954,matiere_synthetique_4;matiere_synthetique_6;matiere_synthetique_2,10.02,"{""competence-techniques-informatiques-gestion"": 5, ""competence-electronique-systemes"": 4, ""competence-multimedia-telecommunications"": 4, ""competence-statistiques-informatique"": 5}",informatique;finance;tourisme,,salariat,teletravail,parcours-igglia
cand-000762,matiere_synthetique_1,8.87,"{""competence-techniques-informatiques-gestion"": 5, ""competence-electronique-systemes"": 3, ""competence-multimedia-telecommunications"": 4, ""competence-statistiques-informatique"": 2}",management,,entrepreneuriat,hybride,parcours-igglia
cand-001717,matiere_synthetique_4,13.15,"{""competence-techniques-informatiques-gestion"": 4, ""competence-electronique-systemes"": 5, ""competence-multimedia-telecommunications"": 5, ""competence-statistiques-informatique"": 5}",informatique;ecologie;finance,projet_personnel_tech,fonction_publique,hybride,parcours-esiia
cand-001306,matiere_synthetique_19,12.91,"{""competence-techniques-informatiques-gestion"": 4, ""competence-electronique-systemes"": 2, ""competence-multimedia-telecommunications"": 3, ""competence-statistiques-informatique"": 2}",finance;design;management,,salariat,teletravail,parcours-igglia
cand-000372,matiere_synthetique_20;matiere_synthetique_2;matiere_synthetique_2,15.17,"{""competence-techniques-informatiques-gestion"": 3, ""competence-electronique-systemes"": 3, ""competence-multimedia-telecommunications"": 5, ""competence-statistiques-informatique"": 2}",design;informatique,,recherche,teletravail,parcours-imticia
cand-000714,matiere_synthetique_7;matiere_synthetique_10,16.01,"{""competence-techniques-informatiques-gestion"": 1, ""competence-electronique-systemes"": 3, ""competence-multimedia-telecommunications"": 4, ""competence-statistiques-informatique"": 3}",informatique;robotique;management,,fonction_publique,terrain,parcours-imticia
cand-000264,matiere_synthetique_15;matiere_synthetique_15,18.0,"{""competence-techniques-informatiques-gestion"": 1, ""competence-electronique-systemes"": 3, ""competence-multimedia-telecommunications"": 0, ""competence-statistiques-informatique"": 5}",agriculture,projet_personnel_tech,recherche,terrain,parcours-isaia
cand-000488,matiere_synthetique_14;matiere_synthetique_17,19.44,"{""competence-techniques-informatiques-gestion"": 1, ""competence-electronique-systemes"": 5, ""competence-multimedia-telecommunications"": 3, ""competence-statistiques-informatique"": 5}",management;robotique;agriculture,projet_personnel_tech;projet_associatif,fonction_publique,bureau,parcours-esiia
cand-000939,matiere_synthetique_13,8.25,"{""competence-techniques-informatiques-gestion"": 5, ""competence-electronique-systemes"": 2, ""competence-multimedia-telecommunications"": 5, ""competence-statistiques-informatique"": 2}",robotique,,salariat,teletravail,parcours-igglia
cand-001982,matiere_synthetique_4;matiere_synthetique_12;matiere_synthetique_3,12.8,"{""competence-techniques-informatiques-gestion"": 4, ""competence-electronique-systemes"": 2, ""competence-multimedia-telecommunications"": 5, ""competence-statistiques-informatique"": 3}",robotique,,enseignement,terrain,parcours-imticia
cand-000590,matiere_synthetique_15;matiere_synthetique_1,8.59,"{""competence-techniques-informatiques-gestion"": 2, ""competence-electronique-systemes"": 1, ""competence-multimedia-telecommunications"": 3, ""competence-statistiques-informatique"": 5}",ecologie;tourisme,,enseignement,terrain,parcours-isaia
cand-001995,matiere_synthetique_12;matiere_synthetique_8,10.32,"{""competence-techniques-informatiques-gestion"": 5, ""competence-electronique-systemes"": 4, ""competence-multimedia-telecommunications"": 5, ""competence-statistiques-informatique"": 5}",agriculture;informatique;design,,recherche,teletravail,parcours-igglia
cand-001947,matiere_synthetique_14;matiere_synthetique_7,10.84,"{""competence-techniques-informatiques-gestion"": 4, ""competence-electronique-systemes"": 1, ""competence-multimedia-telecommunications"": 5, ""competence-statistiques-informatique"": 1}",finance;design;tourisme,,fonction_publique,teletravail,parcours-imticia
cand-001112,matiere_synthetique_7,10.38,"{""competence-techniques-informatiques-gestion"": 1, ""competence-electronique-systemes"": 2, ""competence-multimedia-telecommunications"": 4, ""competence-statistiques-informatique"": 2}",ecologie,projet_associatif,recherche,terrain,parcours-imticia
cand-000065,matiere_synthetique_9,16.85,"{""competence-techniques-informatiques-gestion"": 3, ""competence-electronique-systemes"": 2, ""competence-multimedia-telecommunications"": 5, ""competence-statistiques-informatique"": 4}",ecologie,,entrepreneuriat,terrain,parcours-imticia
cand-000476,matiere_synthetique_18;matiere_synthetique_13;matiere_synthetique_4,9.34,"{""competence-techniques-informatiques-gestion"": 5, ""competence-electronique-systemes"": 5, ""competence-multimedia-telecommunications"": 5, ""competence-statistiques-informatique"": 2}",ecologie;finance;agriculture,,salariat,terrain,parcours-igglia
cand-001561,matiere_synthetique_4;matiere_synthetique_3,14.1,"{""competence-techniques-informatiques-gestion"": 1, ""competence-electronique-systemes"": 3, ""competence-multimedia-telecommunications"": 5, ""competence-statistiques-informatique"": 3}",management,,enseignement,terrain,parcours-imticia
cand-001895,matiere_synthetique_10;matiere_synthetique_13;matiere_synthetique_1,15.04,"{""competence-techniques-informatiques-gestion"": 1, ""competence-electronique-systemes"": 5, ""competence-multimedia-telecommunications"": 4, ""competence-statistiques-informatique"": 3}",agriculture;sante,projet_associatif,enseignement,bureau,parcours-esiia
cand-001492,matiere_synthetique_4;matiere_synthetique_10,14.56,"{""competence-techniques-informatiques-gestion"": 3, ""competence-electronique-systemes"": 2, ""competence-multimedia-telecommunications"": 2, ""competence-statistiques-informatique"": 3}",finance;tourisme;sante,,recherche,bureau,parcours-igglia
cand-000892,matiere_synthetique_9;matiere_synthetique_9,8.18,"{""competence-techniques-informatiques-gestion"": 2, ""competence-electronique-systemes"": 3, ""competence-multimedia-telecommunications"": 2, ""competence-statistiques-informatique"": 2}",robotique;tourisme;design,,salariat,bureau,parcours-esiia
cand-001614,matiere_synthetique_1;matiere_synthetique_18,14.8,"{""competence-techniques-informatiques-gestion"": 4, ""competence-electronique-systemes"": 5, ""competence-multimedia-telecommunications"": 0, ""competence-statistiques-informatique"": 5}",ecologie;robotique,projet_personnel_tech,enseignement,hybride,parcours-esiia
cand-000678,matiere_synthetique_1;matiere_synthetique_15,17.3,"{""competence-techniques-informatiques-gestion"": 0, ""competence-electronique-systemes"": 2, ""competence-multimedia-telecommunications"": 4, ""competence-statistiques-informatique"": 1}",ecologie,,fonction_publique,bureau,parcours-imticia
cand-000957,matiere_synthetique_1,9.62,"{""competence-techniques-informatiques-gestion"": 5, ""competence-electronique-systemes"": 2, ""competence-multimedia-telecommunications"": 5, ""competence-statistiques-informatique"": 5}",informatique;robotique,projet_associatif,enseignement,terrain,parcours-igglia
cand-001709,matiere_synthetique_14,17.64,"{""competence-techniques-informatiques-gestion"": 2, ""competence-electronique-systemes"": 2, ""competence-multimedia-telecommunications"": 5, ""competence-statistiques-informatique"": 3}",ecologie;agriculture,,entrepreneuriat,bureau,parcours-imticia
cand-000777,matiere_synthetique_18;matiere_synthetique_12,13.84,"{""competence-techniques-informatiques-gestion"": 2, ""competence-electronique-systemes"": 1, ""competence-multimedia-telecommunications"": 2, ""competence-statistiques-informatique"": 3}",design,projet_personnel_tech;projet_associatif,entrepreneuriat,bureau,parcours-isaia
cand-001476,matiere_synthetique_17;matiere_synthetique_17;matiere_synthetique_15,14.12,"{""competence-techniques-informatiques-gestion"": 5, ""competence-electronique-systemes"": 5, ""competence-multimedia-telecommunications"": 2, ""competence-statistiques-informatique"": 4}",informatique;design;agriculture,projet_personnel_tech,fonction_publique,bureau,parcours-igglia
cand-001663,matiere_synthetique_11;matiere_synthetique_11,12.09,"{""competence-techniques-informatiques-gestion"": 2, ""competence-electronique-systemes"": 5, ""competence-multimedia-telecommunications"": 5, ""competence-statistiques-informatique"": 5}",informatique;tourisme,projet_personnel_tech,fonction_publique,bureau,parcours-esiia
cand-001705,matiere_synthetique_1,16.2,"{""competence-techniques-informatiques-gestion"": 4, ""competence-electronique-systemes"": 0, ""competence-multimedia-telecommunications"": 5, ""competence-statistiques-informatique"": 1}",informatique;sante,,fonction_publique,hybride,parcours-imticia
cand-001798,matiere_synthetique_17,13.93,"{""competence-techniques-informatiques-gestion"": 5, ""competence-electronique-systemes"": 4, ""competence-multimedia-telecommunications"": 1, ""competence-statistiques-informatique"": 3}",agriculture;tourisme,,enseignement,hybride,parcours-igglia
cand-001085,matiere_synthetique_6;matiere_synthetique_14,12.9,"{""competence-techniques-informatiques-gestion"": 2, ""competence-electronique-systemes"": 3, ""competence-multimedia-telecommunications"": 5, ""competence-statistiques-informatique"": 3}",ecologie,,recherche,terrain,parcours-imticia
cand-001178,matiere_synthetique_4;matiere_synthetique_10;matiere_synthetique_8,17.45,"{""competence-techniques-informatiques-gestion"": 4, ""competence-electronique-systemes"": 3, ""competence-multimedia-telecommunications"": 2, ""competence-statistiques-informatique"": 3}",ecologie,,salariat,teletravail,parcours-igglia
cand-000542,matiere_synthetique_11,15.88,"{""competence-techniques-informatiques-gestion"": 2, ""competence-electronique-systemes"": 3, ""competence-multimedia-telecommunications"": 5, ""competence-statistiques-informatique"": 1}",informatique;ecologie;management,projet_associatif,salariat,bureau,parcours-imticia
cand-000500,matiere_synthetique_12;matiere_synthetique_19,11.78,"{""competence-techniques-informatiques-gestion"": 4, ""competence-electronique-systemes"": 1, ""competence-multimedia-telecommunications"": 1, ""competence-statistiques-informatique"": 0}",sante;robotique;agriculture,projet_associatif,fonction_publique,teletravail,parcours-igglia
cand-001459,matiere_synthetique_17,16.06,"{""competence-techniques-informatiques-gestion"": 2, ""competence-electronique-systemes"": 5, ""competence-multimedia-telecommunications"": 1, ""competence-statistiques-informatique"": 5}",ecologie;finance;sante,,recherche,teletravail,parcours-esiia
cand-000387,matiere_synthetique_4;matiere_synthetique_12,15.7,"{""competence-techniques-informatiques-gestion"": 4, ""competence-electronique-systemes"": 4, ""competence-multimedia-telecommunications"": 4, ""competence-statistiques-informatique"": 5}",ecologie;design;agriculture,projet_associatif,recherche,hybride,parcours-isaia
cand-000896,matiere_synthetique_7,12.66,"{""competence-techniques-informatiques-gestion"": 1, ""competence-electronique-systemes"": 3, ""competence-multimedia-telecommunications"": 3, ""competence-statistiques-informatique"": 3}",management;agriculture,,salariat,terrain,parcours-esiia
cand-000427,matiere_synthetique_11;matiere_synthetique_19;matiere_synthetique_7,7.36,"{""competence-techniques-informatiques-gestion"": 0, ""competence-electronique-systemes"": 5, ""competence-multimedia-telecommunications"": 2, ""competence-statistiques-informatique"": 5}",robotique,projet_personnel_tech,fonction_publique,hybride,parcours-esiia
cand-001423,matiere_synthetique_4,10.4,"{""competence-techniques-informatiques-gestion"": 5, ""competence-electronique-systemes"": 5, ""competence-multimedia-telecommunications"": 5, ""competence-statistiques-informatique"": 1}",robotique;management;informatique,,recherche,hybride,parcours-igglia
cand-000013,matiere_synthetique_19,13.07,"{""competence-techniques-informatiques-gestion"": 5, ""competence-electronique-systemes"": 1, ""competence-multimedia-telecommunications"": 5, ""competence-statistiques-informatique"": 2}",management,,entrepreneuriat,terrain,parcours-igglia
cand-000856,matiere_synthetique_13,15.63,"{""competence-techniques-informatiques-gestion"": 2, ""competence-electronique-systemes"": 1, ""competence-multimedia-telecommunications"": 4, ""competence-statistiques-informatique"": 4}",tourisme;informatique,,recherche,terrain,parcours-imticia
cand-000695,matiere_synthetique_16,18.47,"{""competence-techniques-informatiques-gestion"": 5, ""competence-electronique-systemes"": 1, ""competence-multimedia-telecommunications"": 5, ""competence-statistiques-informatique"": 3}",robotique;agriculture,,recherche,bureau,parcours-igglia
cand-000243,matiere_synthetique_14,12.7,"{""competence-techniques-informatiques-gestion"": 5, ""competence-electronique-systemes"": 5, ""competence-multimedia-telecommunications"": 3, ""competence-statistiques-informatique"": 5}",tourisme;informatique,,entrepreneuriat,terrain,parcours-igglia
cand-000190,matiere_synthetique_6,15.19,"{""competence-techniques-informatiques-gestion"": 5, ""competence-electronique-systemes"": 4, ""competence-multimedia-telecommunications"": 4, ""competence-statistiques-informatique"": 4}",informatique;robotique,,entrepreneuriat,teletravail,parcours-igglia
cand-000964,matiere_synthetique_17,11.18,"{""competence-techniques-informatiques-gestion"": 5, ""competence-electronique-systemes"": 4, ""competence-multimedia-telecommunications"": 5, ""competence-statistiques-informatique"": 1}",sante;agriculture,projet_associatif,entrepreneuriat,terrain,parcours-igglia
cand-000639,matiere_synthetique_10;matiere_synthetique_14,14.61,"{""competence-techniques-informatiques-gestion"": 3, ""competence-electronique-systemes"": 1, ""competence-multimedia-telecommunications"": 2, ""competence-statistiques-informatique"": 5}",agriculture;robotique,projet_associatif,fonction_publique,hybride,parcours-isaia
cand-000515,matiere_synthetique_16;matiere_synthetique_5;matiere_synthetique_4,8.03,"{""competence-techniques-informatiques-gestion"": 2, ""competence-electronique-systemes"": 2, ""competence-multimedia-telecommunications"": 5, ""competence-statistiques-informatique"": 4}",sante,projet_associatif,salariat,bureau,parcours-imticia
cand-001894,matiere_synthetique_2;matiere_synthetique_2,10.95,"{""competence-techniques-informatiques-gestion"": 2, ""competence-electronique-systemes"": 4, ""competence-multimedia-telecommunications"": 4, ""competence-statistiques-informatique"": 3}",finance,,fonction_publique,teletravail,parcours-esiia
cand-001120,matiere_synthetique_7,15.91,"{""competence-techniques-informatiques-gestion"": 3, ""competence-electronique-systemes"": 3, ""competence-multimedia-telecommunications"": 0, ""competence-statistiques-informatique"": 5}",robotique;management,projet_associatif,entrepreneuriat,hybride,parcours-isaia
cand-000276,matiere_synthetique_10,17.53,"{""competence-techniques-informatiques-gestion"": 2, ""competence-electronique-systemes"": 2, ""competence-multimedia-telecommunications"": 1, ""competence-statistiques-informatique"": 2}",informatique;agriculture;sante,,recherche,terrain,parcours-igglia
cand-000936,matiere_synthetique_20,13.05,"{""competence-techniques-informatiques-gestion"": 4, ""competence-electronique-systemes"": 4, ""competence-multimedia-telecommunications"": 1, ""competence-statistiques-informatique"": 3}",management,projet_personnel_tech,fonction_publique,hybride,parcours-igglia
cand-001070,matiere_synthetique_12;matiere_synthetique_19;matiere_synthetique_6,9.56,"{""competence-techniques-informatiques-gestion"": 3, ""competence-electronique-systemes"": 1, ""competence-multimedia-telecommunications"": 4, ""competence-statistiques-informatique"": 4}",finance,,recherche,hybride,parcours-imticia
cand-001980,matiere_synthetique_6;matiere_synthetique_17,14.0,"{""competence-techniques-informatiques-gestion"": 1, ""competence-electronique-systemes"": 3, ""competence-multimedia-telecommunications"": 1, ""competence-statistiques-informatique"": 5}",tourisme;sante;ecologie,,entrepreneuriat,bureau,parcours-isaia
cand-000454,matiere_synthetique_8;matiere_synthetique_17;matiere_synthetique_19,15.36,"{""competence-techniques-informatiques-gestion"": 5, ""competence-electronique-systemes"": 2, ""competence-multimedia-telecommunications"": 5, ""competence-statistiques-informatique"": 5}",management;informatique;robotique,,salariat,hybride,parcours-igglia
cand-000543,matiere_synthetique_5;matiere_synthetique_8,9.04,"{""competence-techniques-informatiques-gestion"": 2, ""competence-electronique-systemes"": 4, ""competence-multimedia-telecommunications"": 1, ""competence-statistiques-informatique"": 3}",finance;design,,salariat,teletravail,parcours-esiia
cand-000159,matiere_synthetique_9,8.38,"{""competence-techniques-informatiques-gestion"": 5, ""competence-electronique-systemes"": 5, ""competence-multimedia-telecommunications"": 3, ""competence-statistiques-informatique"": 1}",management;ecologie;agriculture,projet_associatif,fonction_publique,bureau,parcours-igglia
cand-000060,matiere_synthetique_3;matiere_synthetique_16;matiere_synthetique_15,15.06,"{""competence-techniques-informatiques-gestion"": 1, ""competence-electronique-systemes"": 5, ""competence-multimedia-telecommunications"": 5, ""competence-statistiques-informatique"": 3}",informatique;robotique,,enseignement,bureau,parcours-esiia
cand-000233,matiere_synthetique_13;matiere_synthetique_13;matiere_synthetique_20,15.36,"{""competence-techniques-informatiques-gestion"": 1, ""competence-electronique-systemes"": 5, ""competence-multimedia-telecommunications"": 5, ""competence-statistiques-informatique"": 4}",sante,,fonction_publique,teletravail,parcours-esiia
cand-000895,matiere_synthetique_20,9.79,"{""competence-techniques-informatiques-gestion"": 3, ""competence-electronique-systemes"": 5, ""competence-multimedia-telecommunications"": 2, ""competence-statistiques-informatique"": 1}",robotique;management;design,projet_personnel_tech,enseignement,terrain,parcours-esiia
cand-001519,matiere_synthetique_18;matiere_synthetique_19;matiere_synthetique_11,9.16,"{""competence-techniques-informatiques-gestion"": 3, ""competence-electronique-systemes"": 4, ""competence-multimedia-telecommunications"": 5, ""competence-statistiques-informatique"": 4}",design;informatique;finance,,recherche,hybride,parcours-imticia
cand-001855,matiere_synthetique_17;matiere_synthetique_10;matiere_synthetique_10,11.76,"{""competence-techniques-informatiques-gestion"": 5, ""competence-electronique-systemes"": 4, ""competence-multimedia-telecommunications"": 3, ""competence-statistiques-informatique"": 2}",ecologie;management,projet_personnel_tech,recherche,bureau,parcours-igglia
cand-001048,matiere_synthetique_1;matiere_synthetique_15,17.63,"{""competence-techniques-informatiques-gestion"": 3, ""competence-electronique-systemes"": 1, ""competence-multimedia-telecommunications"": 3, ""competence-statistiques-informatique"": 1}",sante,,recherche,hybride,parcours-igglia
cand-000621,matiere_synthetique_9,10.84,"{""competence-techniques-informatiques-gestion"": 5, ""competence-electronique-systemes"": 3, ""competence-multimedia-telecommunications"": 4, ""competence-statistiques-informatique"": 5}",robotique;sante;informatique,projet_associatif,salariat,teletravail,parcours-igglia
cand-001582,matiere_synthetique_14;matiere_synthetique_15;matiere_synthetique_9,10.51,"{""competence-techniques-informatiques-gestion"": 4, ""competence-electronique-systemes"": 5, ""competence-multimedia-telecommunications"": 5, ""competence-statistiques-informatique"": 2}",management,,salariat,terrain,parcours-esiia
cand-000953,matiere_synthetique_5;matiere_synthetique_7;matiere_synthetique_3,7.52,"{""competence-techniques-informatiques-gestion"": 3, ""competence-electronique-systemes"": 1, ""competence-multimedia-telecommunications"": 5, ""competence-statistiques-informatique"": 2}",design;tourisme;robotique,projet_personnel_tech,entrepreneuriat,terrain,parcours-imticia
cand-001171,matiere_synthetique_6,8.56,"{""competence-techniques-informatiques-gestion"": 2, ""competence-electronique-systemes"": 2, ""competence-multimedia-telecommunications"": 1, ""competence-statistiques-informatique"": 0}",agriculture;robotique,projet_associatif,fonction_publique,terrain,parcours-igglia
cand-001480,matiere_synthetique_18,8.75,"{""competence-techniques-informatiques-gestion"": 5, ""competence-electronique-systemes"": 4, ""competence-multimedia-telecommunications"": 5, ""competence-statistiques-informatique"": 2}",ecologie;agriculture;design,,salariat,terrain,parcours-igglia
cand-001675,matiere_synthetique_7,15.02,"{""competence-techniques-informatiques-gestion"": 5, ""competence-electronique-systemes"": 5, ""competence-multimedia-telecommunications"": 3, ""competence-statistiques-informatique"": 2}",design,,enseignement,hybride,parcours-igglia
cand-001624,matiere_synthetique_5,17.73,"{""competence-techniques-informatiques-gestion"": 4, ""competence-electronique-systemes"": 5, ""competence-multimedia-telecommunications"": 1, ""competence-statistiques-informatique"": 3}",agriculture;robotique,,entrepreneuriat,terrain,parcours-esiia
cand-000721,matiere_synthetique_12;matiere_synthetique_15;matiere_synthetique_5,12.43,"{""competence-techniques-informatiques-gestion"": 5, ""competence-electronique-systemes"": 2, ""competence-multimedia-telecommunications"": 5, ""competence-statistiques-informatique"": 5}",informatique,,recherche,terrain,parcours-igglia
cand-000139,matiere_synthetique_5;matiere_synthetique_19;matiere_synthetique_13,14.6,"{""competence-techniques-informatiques-gestion"": 2, ""competence-electronique-systemes"": 4, ""competence-multimedia-telecommunications"": 2, ""competence-statistiques-informatique"": 4}",informatique;agriculture;robotique,,enseignement,hybride,parcours-esiia
cand-001919,matiere_synthetique_1,12.38,"{""competence-techniques-informatiques-gestion"": 5, ""competence-electronique-systemes"": 3, ""competence-multimedia-telecommunications"": 5, ""competence-statistiques-informatique"": 4}",informatique,,entrepreneuriat,hybride,parcours-igglia
cand-000073,matiere_synthetique_11,17.3,"{""competence-techniques-informatiques-gestion"": 2, ""competence-electronique-systemes"": 0, ""competence-multimedia-telecommunications"": 5, ""competence-statistiques-informatique"": 5}",robotique;ecologie;finance,,enseignement,teletravail,parcours-imticia
cand-001770,matiere_synthetique_20;matiere_synthetique_19,11.06,"{""competence-techniques-informatiques-gestion"": 1, ""competence-electronique-systemes"": 4, ""competence-multimedia-telecommunications"": 2, ""competence-statistiques-informatique"": 5}",ecologie;design,,entrepreneuriat,teletravail,parcours-isaia
cand-001719,matiere_synthetique_6;matiere_synthetique_5,10.52,"{""competence-techniques-informatiques-gestion"": 4, ""competence-electronique-systemes"": 4, ""competence-multimedia-telecommunications"": 4, ""competence-statistiques-informatique"": 3}",agriculture;tourisme;informatique,projet_personnel_tech,recherche,teletravail,parcours-igglia
cand-001887,matiere_synthetique_17,18.25,"{""competence-techniques-informatiques-gestion"": 3, ""competence-electronique-systemes"": 4, ""competence-multimedia-telecommunications"": 2, ""competence-statistiques-informatique"": 4}",sante;ecologie,,enseignement,teletravail,parcours-esiia
cand-000415,matiere_synthetique_16,11.86,"{""competence-techniques-informatiques-gestion"": 1, ""competence-electronique-systemes"": 1, ""competence-multimedia-telecommunications"": 2, ""competence-statistiques-informatique"": 4}",management;sante,projet_associatif,fonction_publique,terrain,parcours-isaia
cand-001495,matiere_synthetique_9;matiere_synthetique_15,14.6,"{""competence-techniques-informatiques-gestion"": 3, ""competence-electronique-systemes"": 3, ""competence-multimedia-telecommunications"": 1, ""competence-statistiques-informatique"": 5}",tourisme;finance;management,projet_personnel_tech,enseignement,teletravail,parcours-isaia
cand-001312,matiere_synthetique_20,12.44,"{""competence-techniques-informatiques-gestion"": 2, ""competence-electronique-systemes"": 2, ""competence-multimedia-telecommunications"": 1, ""competence-statistiques-informatique"": 4}",ecologie,,entrepreneuriat,bureau,parcours-isaia
cand-001121,matiere_synthetique_20;matiere_synthetique_19,9.29,"{""competence-techniques-informatiques-gestion"": 1, ""competence-electronique-systemes"": 2, ""competence-multimedia-telecommunications"": 2, ""competence-statistiques-informatique"": 5}",sante;tourisme,,recherche,hybride,parcours-isaia
cand-000349,matiere_synthetique_5,11.01,"{""competence-techniques-informatiques-gestion"": 5, ""competence-electronique-systemes"": 5, ""competence-multimedia-telecommunications"": 1, ""competence-statistiques-informatique"": 1}",ecologie,,recherche,teletravail,parcours-igglia
cand-001648,matiere_synthetique_5,13.81,"{""competence-techniques-informatiques-gestion"": 4, ""competence-electronique-systemes"": 2, ""competence-multimedia-telecommunications"": 0, ""competence-statistiques-informatique"": 5}",robotique;ecologie,,enseignement,bureau,parcours-isaia
cand-001541,matiere_synthetique_19;matiere_synthetique_2;matiere_synthetique_8,8.71,"{""competence-techniques-informatiques-gestion"": 1, ""competence-electronique-systemes"": 2, ""competence-multimedia-telecommunications"": 4, ""competence-statistiques-informatique"": 5}",informatique;robotique;tourisme,projet_personnel_tech,enseignement,teletravail,parcours-isaia
cand-000521,matiere_synthetique_19;matiere_synthetique_2;matiere_synthetique_19,16.11,"{""competence-techniques-informatiques-gestion"": 1, ""competence-electronique-systemes"": 3, ""competence-multimedia-telecommunications"": 0, ""competence-statistiques-informatique"": 3}",robotique;sante,,recherche,terrain,parcours-esiia
cand-001620,matiere_synthetique_20;matiere_synthetique_19,15.73,"{""competence-techniques-informatiques-gestion"": 2, ""competence-electronique-systemes"": 5, ""competence-multimedia-telecommunications"": 4, ""competence-statistiques-informatique"": 1}",finance;tourisme,,recherche,bureau,parcours-esiia
cand-000832,matiere_synthetique_20;matiere_synthetique_16;matiere_synthetique_1,16.97,"{""competence-techniques-informatiques-gestion"": 2, ""competence-electronique-systemes"": 1, ""competence-multimedia-telecommunications"": 5, ""competence-statistiques-informatique"": 1}",sante,,enseignement,terrain,parcours-imticia
cand-000079,matiere_synthetique_12,11.63,"{""competence-techniques-informatiques-gestion"": 1, ""competence-electronique-systemes"": 5, ""competence-multimedia-telecommunications"": 2, ""competence-statistiques-informatique"": 3}",ecologie;finance,projet_associatif,entrepreneuriat,bureau,parcours-esiia
cand-000107,matiere_synthetique_13,15.38,"{""competence-techniques-informatiques-gestion"": 2, ""competence-electronique-systemes"": 2, ""competence-multimedia-telecommunications"": 0, ""competence-statistiques-informatique"": 4}",agriculture;tourisme,,recherche,teletravail,parcours-isaia
cand-000887,matiere_synthetique_5,17.39,"{""competence-techniques-informatiques-gestion"": 0, ""competence-electronique-systemes"": 1, ""competence-multimedia-telecommunications"": 5, ""competence-statistiques-informatique"": 2}",robotique;design;agriculture,,fonction_publique,teletravail,parcours-imticia
cand-000844,matiere_synthetique_3;matiere_synthetique_6;matiere_synthetique_16,11.97,"{""competence-techniques-informatiques-gestion"": 4, ""competence-electronique-systemes"": 2, ""competence-multimedia-telecommunications"": 2, ""competence-statistiques-informatique"": 4}",ecologie,projet_personnel_tech,fonction_publique,teletravail,parcours-igglia
cand-001749,matiere_synthetique_19;matiere_synthetique_18,11.98,"{""competence-techniques-informatiques-gestion"": 5, ""competence-electronique-systemes"": 0, ""competence-multimedia-telecommunications"": 1, ""competence-statistiques-informatique"": 2}",management,projet_personnel_tech,fonction_publique,bureau,parcours-igglia
cand-001906,matiere_synthetique_12;matiere_synthetique_20;matiere_synthetique_1,11.23,"{""competence-techniques-informatiques-gestion"": 0, ""competence-electronique-systemes"": 2, ""competence-multimedia-telecommunications"": 4, ""competence-statistiques-informatique"": 2}",robotique,,recherche,teletravail,parcours-imticia
cand-000120,matiere_synthetique_18;matiere_synthetique_19,13.04,"{""competence-techniques-informatiques-gestion"": 4, ""competence-electronique-systemes"": 2, ""competence-multimedia-telecommunications"": 3, ""competence-statistiques-informatique"": 4}",finance;robotique;management,,salariat,hybride,parcours-igglia
cand-000333,matiere_synthetique_3;matiere_synthetique_20;matiere_synthetique_11,17.15,"{""competence-techniques-informatiques-gestion"": 3, ""competence-electronique-systemes"": 5, ""competence-multimedia-telecommunications"": 3, ""competence-statistiques-informatique"": 1}",agriculture;ecologie,,fonction_publique,terrain,parcours-esiia
cand-000564,matiere_synthetique_1;matiere_synthetique_14,11.76,"{""competence-techniques-informatiques-gestion"": 3, ""competence-electronique-systemes"": 5, ""competence-multimedia-telecommunications"": 2, ""competence-statistiques-informatique"": 5}",tourisme;ecologie;agriculture,projet_personnel_tech,entrepreneuriat,teletravail,parcours-esiia
cand-000081,matiere_synthetique_17;matiere_synthetique_19;matiere_synthetique_8,13.37,"{""competence-techniques-informatiques-gestion"": 1, ""competence-electronique-systemes"": 2, ""competence-multimedia-telecommunications"": 2, ""competence-statistiques-informatique"": 1}",agriculture;management;tourisme,,fonction_publique,bureau,parcours-esiia
cand-000572,matiere_synthetique_14;matiere_synthetique_14,9.32,"{""competence-techniques-informatiques-gestion"": 3, ""competence-electronique-systemes"": 0, ""competence-multimedia-telecommunications"": 4, ""competence-statistiques-informatique"": 0}",ecologie;finance,,entrepreneuriat,terrain,parcours-imticia
cand-000316,matiere_synthetique_20,16.46,"{""competence-techniques-informatiques-gestion"": 1, ""competence-electronique-systemes"": 3, ""competence-multimedia-telecommunications"": 5, ""competence-statistiques-informatique"": 0}",ecologie;informatique,,recherche,terrain,parcours-imticia
cand-001591,matiere_synthetique_15;matiere_synthetique_8;matiere_synthetique_14,19.32,"{""competence-techniques-informatiques-gestion"": 5, ""competence-electronique-systemes"": 5, ""competence-multimedia-telecommunications"": 5, ""competence-statistiques-informatique"": 2}",management,,salariat,terrain,parcours-igglia
cand-001941,matiere_synthetique_6;matiere_synthetique_10;matiere_synthetique_15,10.0,"{""competence-techniques-informatiques-gestion"": 1, ""competence-electronique-systemes"": 5, ""competence-multimedia-telecommunications"": 1, ""competence-statistiques-informatique"": 1}",management;ecologie;sante,,recherche,teletravail,parcours-esiia
cand-000483,matiere_synthetique_18;matiere_synthetique_7;matiere_synthetique_19,10.5,"{""competence-techniques-informatiques-gestion"": 4, ""competence-electronique-systemes"": 3, ""competence-multimedia-telecommunications"": 2, ""competence-statistiques-informatique"": 1}",design;ecologie,projet_associatif,recherche,terrain,parcours-igglia
cand-000004,matiere_synthetique_11,15.04,"{""competence-techniques-informatiques-gestion"": 3, ""competence-electronique-systemes"": 4, ""competence-multimedia-telecommunications"": 4, ""competence-statistiques-informatique"": 2}",robotique,,enseignement,hybride,parcours-esiia
cand-000898,matiere_synthetique_12,8.41,"{""competence-techniques-informatiques-gestion"": 5, ""competence-electronique-systemes"": 4, ""competence-multimedia-telecommunications"": 2, ""competence-statistiques-informatique"": 5}",tourisme,,fonction_publique,teletravail,parcours-igglia
cand-000170,matiere_synthetique_19,14.38,"{""competence-techniques-informatiques-gestion"": 2, ""competence-electronique-systemes"": 5, ""competence-multimedia-telecommunications"": 5, ""competence-statistiques-informatique"": 5}",informatique;ecologie,,fonction_publique,terrain,parcours-esiia
cand-000984,matiere_synthetique_20;matiere_synthetique_12;matiere_synthetique_8,12.19,"{""competence-techniques-informatiques-gestion"": 5, ""competence-electronique-systemes"": 1, ""competence-multimedia-telecommunications"": 5, ""competence-statistiques-informatique"": 2}",agriculture;robotique,projet_associatif,salariat,hybride,parcours-igglia
cand-000248,matiere_synthetique_12,15.83,"{""competence-techniques-informatiques-gestion"": 5, ""competence-electronique-systemes"": 3, ""competence-multimedia-telecommunications"": 2, ""competence-statistiques-informatique"": 5}",robotique;ecologie;tourisme,,fonction_publique,hybride,parcours-igglia
cand-000391,matiere_synthetique_18;matiere_synthetique_1,6.81,"{""competence-techniques-informatiques-gestion"": 2, ""competence-electronique-systemes"": 4, ""competence-multimedia-telecommunications"": 4, ""competence-statistiques-informatique"": 3}",design;tourisme;informatique,projet_personnel_tech;projet_associatif,entrepreneuriat,bureau,parcours-esiia
cand-000770,matiere_synthetique_20,10.22,"{""competence-techniques-informatiques-gestion"": 4, ""competence-electronique-systemes"": 1, ""competence-multimedia-telecommunications"": 1, ""competence-statistiques-informatique"": 3}",tourisme,,enseignement,bureau,parcours-igglia
cand-001836,matiere_synthetique_2,12.71,"{""competence-techniques-informatiques-gestion"": 5, ""competence-electronique-systemes"": 2, ""competence-multimedia-telecommunications"": 5, ""competence-statistiques-informatique"": 5}",finance;tourisme;agriculture,,salariat,teletravail,parcours-igglia
cand-001588,matiere_synthetique_5;matiere_synthetique_16;matiere_synthetique_4,16.75,"{""competence-techniques-informatiques-gestion"": 5, ""competence-electronique-systemes"": 5, ""competence-multimedia-telecommunications"": 2, ""competence-statistiques-informatique"": 1}",informatique;ecologie,projet_associatif,entrepreneuriat,bureau,parcours-igglia
cand-001276,matiere_synthetique_13;matiere_synthetique_20,9.58,"{""competence-techniques-informatiques-gestion"": 4, ""competence-electronique-systemes"": 5, ""competence-multimedia-telecommunications"": 2, ""competence-statistiques-informatique"": 2}",tourisme,,enseignement,teletravail,parcours-esiia
cand-001432,matiere_synthetique_5;matiere_synthetique_4;matiere_synthetique_16,13.47,"{""competence-techniques-informatiques-gestion"": 5, ""competence-electronique-systemes"": 2, ""competence-multimedia-telecommunications"": 2, ""competence-statistiques-informatique"": 5}",management;sante,projet_associatif,salariat,terrain,parcours-igglia
cand-001159,matiere_synthetique_20;matiere_synthetique_5,8.76,"{""competence-techniques-informatiques-gestion"": 4, ""competence-electronique-systemes"": 4, ""competence-multimedia-telecommunications"": 5, ""competence-statistiques-informatique"": 3}",robotique;design;tourisme,,recherche,teletravail,parcours-imticia
cand-001232,matiere_synthetique_16;matiere_synthetique_9,11.33,"{""competence-techniques-informatiques-gestion"": 1, ""competence-electronique-systemes"": 5, ""competence-multimedia-telecommunications"": 2, ""competence-statistiques-informatique"": 5}",management,projet_associatif,enseignement,bureau,parcours-esiia
cand-001888,matiere_synthetique_11,10.52,"{""competence-techniques-informatiques-gestion"": 2, ""competence-electronique-systemes"": 1, ""competence-multimedia-telecommunications"": 5, ""competence-statistiques-informatique"": 1}",informatique,projet_associatif,entrepreneuriat,hybride,parcours-imticia
cand-000893,matiere_synthetique_13;matiere_synthetique_6,10.36,"{""competence-techniques-informatiques-gestion"": 3, ""competence-electronique-systemes"": 3, ""competence-multimedia-telecommunications"": 5, ""competence-statistiques-informatique"": 5}",agriculture,,salariat,hybride,parcours-imticia
cand-001514,matiere_synthetique_1;matiere_synthetique_15,11.77,"{""competence-techniques-informatiques-gestion"": 2, ""competence-electronique-systemes"": 4, ""competence-multimedia-telecommunications"": 5, ""competence-statistiques-informatique"": 5}",ecologie;design,projet_associatif,entrepreneuriat,hybride,parcours-imticia
cand-000648,matiere_synthetique_9;matiere_synthetique_15,15.29,"{""competence-techniques-informatiques-gestion"": 1, ""competence-electronique-systemes"": 5, ""competence-multimedia-telecommunications"": 3, ""competence-statistiques-informatique"": 5}",finance;design;agriculture,,enseignement,bureau,parcours-esiia
cand-001960,matiere_synthetique_1;matiere_synthetique_19,15.05,"{""competence-techniques-informatiques-gestion"": 1, ""competence-electronique-systemes"": 4, ""competence-multimedia-telecommunications"": 1, ""competence-statistiques-informatique"": 5}",agriculture,,salariat,bureau,parcours-isaia
cand-000680,matiere_synthetique_14;matiere_synthetique_13,18.76,"{""competence-techniques-informatiques-gestion"": 1, ""competence-electronique-systemes"": 3, ""competence-multimedia-telecommunications"": 1, ""competence-statistiques-informatique"": 4}",informatique;tourisme,,entrepreneuriat,terrain,parcours-isaia
cand-000582,matiere_synthetique_1;matiere_synthetique_18;matiere_synthetique_16,8.75,"{""competence-techniques-informatiques-gestion"": 4, ""competence-electronique-systemes"": 1, ""competence-multimedia-telecommunications"": 3, ""competence-statistiques-informatique"": 3}",informatique;sante,projet_personnel_tech,salariat,hybride,parcours-igglia
cand-001062,matiere_synthetique_18;matiere_synthetique_18,8.12,"{""competence-techniques-informatiques-gestion"": 1, ""competence-electronique-systemes"": 0, ""competence-multimedia-telecommunications"": 4, ""competence-statistiques-informatique"": 4}",agriculture,,enseignement,hybride,parcours-imticia
cand-001606,matiere_synthetique_16;matiere_synthetique_10;matiere_synthetique_1,11.21,"{""competence-techniques-informatiques-gestion"": 3, ""competence-electronique-systemes"": 1, ""competence-multimedia-telecommunications"": 4, ""competence-statistiques-informatique"": 4}",informatique,,recherche,bureau,parcours-imticia
cand-000164,matiere_synthetique_15,9.93,"{""competence-techniques-informatiques-gestion"": 5, ""competence-electronique-systemes"": 4, ""competence-multimedia-telecommunications"": 2, ""competence-statistiques-informatique"": 2}",tourisme;finance,projet_associatif,fonction_publique,terrain,parcours-igglia
cand-001547,matiere_synthetique_20;matiere_synthetique_16,14.15,"{""competence-techniques-informatiques-gestion"": 5, ""competence-electronique-systemes"": 5, ""competence-multimedia-telecommunications"": 5, ""competence-statistiques-informatique"": 3}",sante;robotique,,fonction_publique,hybride,parcours-igglia
cand-001463,matiere_synthetique_14;matiere_synthetique_11,12.77,"{""competence-techniques-informatiques-gestion"": 2, ""competence-electronique-systemes"": 5, ""competence-multimedia-telecommunications"": 5, ""competence-statistiques-informatique"": 5}",ecologie;management,,recherche,bureau,parcours-esiia
cand-000201,matiere_synthetique_13,13.18,"{""competence-techniques-informatiques-gestion"": 1, ""competence-electronique-systemes"": 5, ""competence-multimedia-telecommunications"": 5, ""competence-statistiques-informatique"": 5}",tourisme;sante;agriculture,,recherche,bureau,parcours-esiia
cand-001785,matiere_synthetique_17;matiere_synthetique_1;matiere_synthetique_16,15.33,"{""competence-techniques-informatiques-gestion"": 5, ""competence-electronique-systemes"": 4, ""competence-multimedia-telecommunications"": 5, ""competence-statistiques-informatique"": 1}",tourisme;informatique,,fonction_publique,terrain,parcours-igglia
cand-001123,matiere_synthetique_11;matiere_synthetique_1,20.0,"{""competence-techniques-informatiques-gestion"": 5, ""competence-electronique-systemes"": 0, ""competence-multimedia-telecommunications"": 0, ""competence-statistiques-informatique"": 4}",tourisme,,enseignement,terrain,parcours-igglia
cand-000540,matiere_synthetique_13;matiere_synthetique_9;matiere_synthetique_2,12.68,"{""competence-techniques-informatiques-gestion"": 1, ""competence-electronique-systemes"": 1, ""competence-multimedia-telecommunications"": 3, ""competence-statistiques-informatique"": 2}",management,,salariat,hybride,parcours-imticia
cand-000021,matiere_synthetique_9,7.04,"{""competence-techniques-informatiques-gestion"": 5, ""competence-electronique-systemes"": 1, ""competence-multimedia-telecommunications"": 3, ""competence-statistiques-informatique"": 5}",design;management,,recherche,bureau,parcours-igglia
cand-000199,matiere_synthetique_11;matiere_synthetique_17;matiere_synthetique_17,14.03,"{""competence-techniques-informatiques-gestion"": 4, ""competence-electronique-systemes"": 2, ""competence-multimedia-telecommunications"": 4, ""competence-statistiques-informatique"": 1}",ecologie,,enseignement,terrain,parcours-igglia
cand-001342,matiere_synthetique_1,11.3,"{""competence-techniques-informatiques-gestion"": 5, ""competence-electronique-systemes"": 2, ""competence-multimedia-telecommunications"": 4, ""competence-statistiques-informatique"": 4}",robotique;management,projet_personnel_tech,enseignement,teletravail,parcours-igglia
cand-001611,matiere_synthetique_1,9.22,"{""competence-techniques-informatiques-gestion"": 5, ""competence-electronique-systemes"": 5, ""competence-multimedia-telecommunications"": 1, ""competence-statistiques-informatique"": 5}",finance;management;design,projet_associatif,recherche,terrain,parcours-igglia
cand-001376,matiere_synthetique_7;matiere_synthetique_8;matiere_synthetique_11,18.83,"{""competence-techniques-informatiques-gestion"": 2, ""competence-electronique-systemes"": 5, ""competence-multimedia-telecommunications"": 1, ""competence-statistiques-informatique"": 1}",informatique;sante;robotique,,entrepreneuriat,teletravail,parcours-esiia
cand-001577,matiere_synthetique_6,16.34,"{""competence-techniques-informatiques-gestion"": 3, ""competence-electronique-systemes"": 4, ""competence-multimedia-telecommunications"": 0, ""competence-statistiques-informatique"": 4}",sante;management,,recherche,hybride,parcours-esiia
cand-001058,matiere_synthetique_11;matiere_synthetique_6,9.05,"{""competence-techniques-informatiques-gestion"": 4, ""competence-electronique-systemes"": 1, ""competence-multimedia-telecommunications"": 2, ""competence-statistiques-informatique"": 0}",ecologie;robotique,projet_associatif,recherche,hybride,parcours-igglia
cand-000472,matiere_synthetique_8,10.41,"{""competence-techniques-informatiques-gestion"": 2, ""competence-electronique-systemes"": 5, ""competence-multimedia-telecommunications"": 3, ""competence-statistiques-informatique"": 3}",informatique;tourisme,projet_personnel_tech,enseignement,hybride,parcours-esiia
cand-000546,matiere_synthetique_3,9.57,"{""competence-techniques-informatiques-gestion"": 1, ""competence-electronique-systemes"": 1, ""competence-multimedia-telecommunications"": 5, ""competence-statistiques-informatique"": 3}",robotique,projet_personnel_tech,salariat,terrain,parcours-imticia
cand-001057,matiere_synthetique_13;matiere_synthetique_17;matiere_synthetique_12,9.95,"{""competence-techniques-informatiques-gestion"": 5, ""competence-electronique-systemes"": 4, ""competence-multimedia-telecommunications"": 2, ""competence-statistiques-informatique"": 2}",agriculture,,enseignement,hybride,parcours-igglia
cand-000563,matiere_synthetique_5;matiere_synthetique_17;matiere_synthetique_10,16.62,"{""competence-techniques-informatiques-gestion"": 3, ""competence-electronique-systemes"": 1, ""competence-multimedia-telecommunications"": 5, ""competence-statistiques-informatique"": 0}",sante,projet_personnel_tech,entrepreneuriat,hybride,parcours-imticia
cand-001475,matiere_synthetique_19,8.75,"{""competence-techniques-informatiques-gestion"": 5, ""competence-electronique-systemes"": 3, ""competence-multimedia-telecommunications"": 3, ""competence-statistiques-informatique"": 1}",agriculture;robotique,projet_associatif,fonction_publique,hybride,parcours-igglia
cand-000997,matiere_synthetique_18;matiere_synthetique_3;matiere_synthetique_19,15.42,"{""competence-techniques-informatiques-gestion"": 4, ""competence-electronique-systemes"": 4, ""competence-multimedia-telecommunications"": 1, ""competence-statistiques-informatique"": 1}",informatique;agriculture;management,,fonction_publique,terrain,parcours-igglia
cand-000837,matiere_synthetique_3,13.98,"{""competence-techniques-informatiques-gestion"": 5, ""competence-electronique-systemes"": 3, ""competence-multimedia-telecommunications"": 2, ""competence-statistiques-informatique"": 5}",robotique;ecologie;agriculture,,salariat,bureau,parcours-igglia
cand-001282,matiere_synthetique_14,11.05,"{""competence-techniques-informatiques-gestion"": 4, ""competence-electronique-systemes"": 2, ""competence-multimedia-telecommunications"": 5, ""competence-statistiques-informatique"": 4}",finance;ecologie,,salariat,hybride,parcours-imticia
cand-001773,matiere_synthetique_2,19.22,"{""competence-techniques-informatiques-gestion"": 4, ""competence-electronique-systemes"": 3, ""competence-multimedia-telecommunications"": 4, ""competence-statistiques-informatique"": 5}",tourisme;sante;agriculture,,enseignement,teletravail,parcours-isaia
cand-001701,matiere_synthetique_1,13.94,"{""competence-techniques-informatiques-gestion"": 1, ""competence-electronique-systemes"": 5, ""competence-multimedia-telecommunications"": 3, ""competence-statistiques-informatique"": 5}",tourisme;design,projet_associatif,entrepreneuriat,terrain,parcours-esiia
cand-000663,matiere_synthetique_9;matiere_synthetique_3;matiere_synthetique_7,16.11,"{""competence-techniques-informatiques-gestion"": 5, ""competence-electronique-systemes"": 5, ""competence-multimedia-telecommunications"": 3, ""competence-statistiques-informatique"": 2}",finance,,entrepreneuriat,teletravail,parcours-igglia
cand-001574,matiere_synthetique_11,12.48,"{""competence-techniques-informatiques-gestion"": 0, ""competence-electronique-systemes"": 1, ""competence-multimedia-telecommunications"": 4, ""competence-statistiques-informatique"": 0}",tourisme;informatique;design,,entrepreneuriat,teletravail,parcours-imticia
cand-000317,matiere_synthetique_11;matiere_synthetique_13;matiere_synthetique_19,6.8,"{""competence-techniques-informatiques-gestion"": 5, ""competence-electronique-systemes"": 5, ""competence-multimedia-telecommunications"": 4, ""competence-statistiques-informatique"": 5}",robotique,projet_personnel_tech,enseignement,bureau,parcours-igglia
cand-001022,matiere_synthetique_2,11.78,"{""competence-techniques-informatiques-gestion"": 4, ""competence-electronique-systemes"": 5, ""competence-multimedia-telecommunications"": 2, ""competence-statistiques-informatique"": 5}",design,projet_personnel_tech;projet_associatif,entrepreneuriat,terrain,parcours-esiia
cand-000971,matiere_synthetique_11;matiere_synthetique_4;matiere_synthetique_15,12.96,"{""competence-techniques-informatiques-gestion"": 1, ""competence-electronique-systemes"": 2, ""competence-multimedia-telecommunications"": 4, ""competence-statistiques-informatique"": 1}",robotique,,fonction_publique,terrain,parcours-imticia
cand-001464,matiere_synthetique_17;matiere_synthetique_10;matiere_synthetique_3,19.04,"{""competence-techniques-informatiques-gestion"": 3, ""competence-electronique-systemes"": 5, ""competence-multimedia-telecommunications"": 5, ""competence-statistiques-informatique"": 5}",design,,salariat,terrain,parcours-esiia
cand-001615,matiere_synthetique_1,16.27,"{""competence-techniques-informatiques-gestion"": 4, ""competence-electronique-systemes"": 1, ""competence-multimedia-telecommunications"": 2, ""competence-statistiques-informatique"": 0}",tourisme;design,,salariat,hybride,parcours-igglia
cand-000915,matiere_synthetique_13,11.46,"{""competence-techniques-informatiques-gestion"": 2, ""competence-electronique-systemes"": 2, ""competence-multimedia-telecommunications"": 4, ""competence-statistiques-informatique"": 2}",management,,entrepreneuriat,bureau,parcours-imticia
cand-001417,matiere_synthetique_10;matiere_synthetique_2;matiere_synthetique_6,16.93,"{""competence-techniques-informatiques-gestion"": 3, ""competence-electronique-systemes"": 1, ""competence-multimedia-telecommunications"": 4, ""competence-statistiques-informatique"": 5}",finance,,entrepreneuriat,teletravail,parcours-isaia
cand-001458,matiere_synthetique_14;matiere_synthetique_17;matiere_synthetique_16,14.37,"{""competence-techniques-informatiques-gestion"": 4, ""competence-electronique-systemes"": 4, ""competence-multimedia-telecommunications"": 2, ""competence-statistiques-informatique"": 5}",agriculture,,recherche,teletravail,parcours-isaia
cand-001655,matiere_synthetique_18,12.51,"{""competence-techniques-informatiques-gestion"": 3, ""competence-electronique-systemes"": 3, ""competence-multimedia-telecommunications"": 1, ""competence-statistiques-informatique"": 5}",ecologie,,entrepreneuriat,hybride,parcours-isaia
cand-001283,matiere_synthetique_4,14.08,"{""competence-techniques-informatiques-gestion"": 5, ""competence-electronique-systemes"": 5, ""competence-multimedia-telecommunications"": 1, ""competence-statistiques-informatique"": 1}",robotique;agriculture,,salariat,terrain,parcours-igglia
cand-001414,matiere_synthetique_6,11.61,"{""competence-techniques-informatiques-gestion"": 5, ""competence-electronique-systemes"": 5, ""competence-multimedia-telecommunications"": 1, ""competence-statistiques-informatique"": 3}",tourisme;agriculture,,fonction_publique,hybride,parcours-igglia
cand-001605,matiere_synthetique_9;matiere_synthetique_7;matiere_synthetique_15,11.76,"{""competence-techniques-informatiques-gestion"": 1, ""competence-electronique-systemes"": 5, ""competence-multimedia-telecommunications"": 5, ""competence-statistiques-informatique"": 1}",management;design;agriculture,projet_associatif,enseignement,hybride,parcours-esiia
cand-000536,matiere_synthetique_16,15.93,"{""competence-techniques-informatiques-gestion"": 4, ""competence-electronique-systemes"": 0, ""competence-multimedia-telecommunications"": 2, ""competence-statistiques-informatique"": 3}",tourisme;robotique;design,,salariat,bureau,parcours-igglia
cand-000745,matiere_synthetique_16,17.9,"{""competence-techniques-informatiques-gestion"": 1, ""competence-electronique-systemes"": 3, ""competence-multimedia-telecommunications"": 5, ""competence-statistiques-informatique"": 2}",robotique,,enseignement,hybride,parcours-imticia
cand-001156,matiere_synthetique_16;matiere_synthetique_18,17.98,"{""competence-techniques-informatiques-gestion"": 5, ""competence-electronique-systemes"": 4, ""competence-multimedia-telecommunications"": 2, ""competence-statistiques-informatique"": 2}",tourisme;management,,recherche,hybride,parcours-igglia
cand-001728,matiere_synthetique_1,14.5,"{""competence-techniques-informatiques-gestion"": 3, ""competence-electronique-systemes"": 1, ""competence-multimedia-telecommunications"": 5, ""competence-statistiques-informatique"": 1}",finance,,enseignement,hybride,parcours-imticia
cand-001706,matiere_synthetique_14;matiere_synthetique_19;matiere_synthetique_8,6.77,"{""competence-techniques-informatiques-gestion"": 5, ""competence-electronique-systemes"": 0, ""competence-multimedia-telecommunications"": 5, ""competence-statistiques-informatique"": 5}",tourisme,,enseignement,hybride,parcours-igglia
cand-000793,matiere_synthetique_2;matiere_synthetique_8,9.53,"{""competence-techniques-informatiques-gestion"": 5, ""competence-electronique-systemes"": 1, ""competence-multimedia-telecommunications"": 3, ""competence-statistiques-informatique"": 3}",design,projet_personnel_tech,salariat,hybride,parcours-igglia
cand-001940,matiere_synthetique_5;matiere_synthetique_20;matiere_synthetique_9,9.05,"{""competence-techniques-informatiques-gestion"": 5, ""competence-electronique-systemes"": 1, ""competence-multimedia-telecommunications"": 3, ""competence-statistiques-informatique"": 5}",sante,,enseignement,teletravail,parcours-igglia
cand-000881,matiere_synthetique_5,16.45,"{""competence-techniques-informatiques-gestion"": 1, ""competence-electronique-systemes"": 5, ""competence-multimedia-telecommunications"": 3, ""competence-statistiques-informatique"": 1}",finance,projet_personnel_tech,entrepreneuriat,hybride,parcours-esiia
cand-000797,matiere_synthetique_20;matiere_synthetique_2;matiere_synthetique_3,18.06,"{""competence-techniques-informatiques-gestion"": 3, ""competence-electronique-systemes"": 4, ""competence-multimedia-telecommunications"": 4, ""competence-statistiques-informatique"": 4}",finance;agriculture;design,,enseignement,teletravail,parcours-esiia
cand-001576,matiere_synthetique_15,16.28,"{""competence-techniques-informatiques-gestion"": 5, ""competence-electronique-systemes"": 3, ""competence-multimedia-telecommunications"": 4, ""competence-statistiques-informatique"": 0}",sante,,enseignement,teletravail,parcours-igglia
cand-000857,matiere_synthetique_17;matiere_synthetique_17;matiere_synthetique_6,14.89,"{""competence-techniques-informatiques-gestion"": 2, ""competence-electronique-systemes"": 1, ""competence-multimedia-telecommunications"": 3, ""competence-statistiques-informatique"": 0}",informatique;tourisme;management,projet_personnel_tech,recherche,terrain,parcours-imticia
cand-000916,matiere_synthetique_13,12.68,"{""competence-techniques-informatiques-gestion"": 1, ""competence-electronique-systemes"": 3, ""competence-multimedia-telecommunications"": 4, ""competence-statistiques-informatique"": 5}",sante,projet_personnel_tech,enseignement,hybride,parcours-isaia
cand-000505,matiere_synthetique_3;matiere_synthetique_18,11.06,"{""competence-techniques-informatiques-gestion"": 3, ""competence-electronique-systemes"": 1, ""competence-multimedia-telecommunications"": 1, ""competence-statistiques-informatique"": 5}",tourisme,projet_personnel_tech,fonction_publique,bureau,parcours-isaia
cand-000285,matiere_synthetique_5,8.57,"{""competence-techniques-informatiques-gestion"": 2, ""competence-electronique-systemes"": 5, ""competence-multimedia-telecommunications"": 3, ""competence-statistiques-informatique"": 1}",management,,recherche,terrain,parcours-esiia
cand-001660,matiere_synthetique_5;matiere_synthetique_17,12.36,"{""competence-techniques-informatiques-gestion"": 1, ""competence-electronique-systemes"": 4, ""competence-multimedia-telecommunications"": 2, ""competence-statistiques-informatique"": 5}",management;informatique,,salariat,terrain,parcours-isaia
cand-000074,matiere_synthetique_20;matiere_synthetique_2;matiere_synthetique_11,10.53,"{""competence-techniques-informatiques-gestion"": 2, ""competence-electronique-systemes"": 2, ""competence-multimedia-telecommunications"": 5, ""competence-statistiques-informatique"": 4}",management,,recherche,terrain,parcours-imticia
cand-000918,matiere_synthetique_11;matiere_synthetique_5;matiere_synthetique_5,13.77,"{""competence-techniques-informatiques-gestion"": 5, ""competence-electronique-systemes"": 3, ""competence-multimedia-telecommunications"": 5, ""competence-statistiques-informatique"": 4}",informatique,,fonction_publique,teletravail,parcours-igglia
cand-001548,matiere_synthetique_1;matiere_synthetique_9;matiere_synthetique_11,16.39,"{""competence-techniques-informatiques-gestion"": 5, ""competence-electronique-systemes"": 5, ""competence-multimedia-telecommunications"": 2, ""competence-statistiques-informatique"": 2}",finance;sante,projet_personnel_tech,fonction_publique,bureau,parcours-igglia
cand-000371,matiere_synthetique_9;matiere_synthetique_19,7.27,"{""competence-techniques-informatiques-gestion"": 1, ""competence-electronique-systemes"": 4, ""competence-multimedia-telecommunications"": 2, ""competence-statistiques-informatique"": 5}",agriculture,,recherche,bureau,parcours-isaia
cand-000129,matiere_synthetique_17;matiere_synthetique_6;matiere_synthetique_13,11.21,"{""competence-techniques-informatiques-gestion"": 3, ""competence-electronique-systemes"": 1, ""competence-multimedia-telecommunications"": 3, ""competence-statistiques-informatique"": 4}",agriculture,projet_personnel_tech,enseignement,terrain,parcours-isaia
cand-000578,matiere_synthetique_14;matiere_synthetique_13,16.03,"{""competence-techniques-informatiques-gestion"": 1, ""competence-electronique-systemes"": 2, ""competence-multimedia-telecommunications"": 3, ""competence-statistiques-informatique"": 0}",tourisme;design,projet_associatif,salariat,teletravail,parcours-imticia
cand-001867,matiere_synthetique_12,10.31,"{""competence-techniques-informatiques-gestion"": 5, ""competence-electronique-systemes"": 5, ""competence-multimedia-telecommunications"": 4, ""competence-statistiques-informatique"": 3}",sante,,enseignement,terrain,parcours-igglia
cand-001053,matiere_synthetique_15;matiere_synthetique_17;matiere_synthetique_2,12.14,"{""competence-techniques-informatiques-gestion"": 4, ""competence-electronique-systemes"": 5, ""competence-multimedia-telecommunications"": 5, ""competence-statistiques-informatique"": 0}",finance,,enseignement,teletravail,parcours-esiia
cand-001809,matiere_synthetique_18;matiere_synthetique_16;matiere_synthetique_15,16.87,"{""competence-techniques-informatiques-gestion"": 2, ""competence-electronique-systemes"": 4, ""competence-multimedia-telecommunications"": 3, ""competence-statistiques-informatique"": 5}",design;sante,,recherche,terrain,parcours-isaia
cand-001732,matiere_synthetique_3;matiere_synthetique_20,9.16,"{""competence-techniques-informatiques-gestion"": 4, ""competence-electronique-systemes"": 3, ""competence-multimedia-telecommunications"": 0, ""competence-statistiques-informatique"": 1}",management;sante;design,,enseignement,bureau,parcours-igglia
cand-000723,matiere_synthetique_6;matiere_synthetique_5;matiere_synthetique_18,18.15,"{""competence-techniques-informatiques-gestion"": 1, ""competence-electronique-systemes"": 1, ""competence-multimedia-telecommunications"": 2, ""competence-statistiques-informatique"": 5}",agriculture;informatique,projet_personnel_tech;projet_associatif,salariat,bureau,parcours-isaia
cand-000402,matiere_synthetique_13;matiere_synthetique_18,16.5,"{""competence-techniques-informatiques-gestion"": 3, ""competence-electronique-systemes"": 5, ""competence-multimedia-telecommunications"": 2, ""competence-statistiques-informatique"": 5}",sante;finance,,enseignement,terrain,parcours-esiia
cand-001692,matiere_synthetique_5;matiere_synthetique_8,16.26,"{""competence-techniques-informatiques-gestion"": 5, ""competence-electronique-systemes"": 1, ""competence-multimedia-telecommunications"": 4, ""competence-statistiques-informatique"": 5}",design,,recherche,bureau,parcours-igglia
cand-001935,matiere_synthetique_9;matiere_synthetique_14,11.9,"{""competence-techniques-informatiques-gestion"": 1, ""competence-electronique-systemes"": 4, ""competence-multimedia-telecommunications"": 2, ""competence-statistiques-informatique"": 3}",robotique,projet_personnel_tech,salariat,hybride,parcours-esiia
cand-000212,matiere_synthetique_1;matiere_synthetique_4;matiere_synthetique_12,14.16,"{""competence-techniques-informatiques-gestion"": 1, ""competence-electronique-systemes"": 3, ""competence-multimedia-telecommunications"": 1, ""competence-statistiques-informatique"": 3}",robotique,,fonction_publique,hybride,parcours-esiia
cand-001060,matiere_synthetique_18;matiere_synthetique_11;matiere_synthetique_4,9.77,"{""competence-techniques-informatiques-gestion"": 1, ""competence-electronique-systemes"": 0, ""competence-multimedia-telecommunications"": 2, ""competence-statistiques-informatique"": 5}",management,projet_associatif,salariat,bureau,parcours-isaia
cand-001578,matiere_synthetique_8;matiere_synthetique_3,15.19,"{""competence-techniques-informatiques-gestion"": 4, ""competence-electronique-systemes"": 3, ""competence-multimedia-telecommunications"": 1, ""competence-statistiques-informatique"": 2}",informatique;design,projet_associatif,recherche,hybride,parcours-igglia
cand-001966,matiere_synthetique_14,15.11,"{""competence-techniques-informatiques-gestion"": 2, ""competence-electronique-systemes"": 5, ""competence-multimedia-telecommunications"": 0, ""competence-statistiques-informatique"": 3}",robotique,,salariat,hybride,parcours-esiia
cand-000518,matiere_synthetique_6;matiere_synthetique_1;matiere_synthetique_13,15.02,"{""competence-techniques-informatiques-gestion"": 3, ""competence-electronique-systemes"": 5, ""competence-multimedia-telecommunications"": 2, ""competence-statistiques-informatique"": 2}",management;design,projet_associatif,salariat,hybride,parcours-esiia
cand-001295,matiere_synthetique_14;matiere_synthetique_14;matiere_synthetique_4,14.47,"{""competence-techniques-informatiques-gestion"": 3, ""competence-electronique-systemes"": 1, ""competence-multimedia-telecommunications"": 4, ""competence-statistiques-informatique"": 5}",tourisme,projet_personnel_tech;projet_associatif,entrepreneuriat,bureau,parcours-isaia
cand-001094,matiere_synthetique_19;matiere_synthetique_15;matiere_synthetique_18,16.41,"{""competence-techniques-informatiques-gestion"": 5, ""competence-electronique-systemes"": 5, ""competence-multimedia-telecommunications"": 2, ""competence-statistiques-informatique"": 4}",finance,projet_personnel_tech,fonction_publique,teletravail,parcours-igglia
cand-000717,matiere_synthetique_8;matiere_synthetique_12,17.62,"{""competence-techniques-informatiques-gestion"": 2, ""competence-electronique-systemes"": 2, ""competence-multimedia-telecommunications"": 3, ""competence-statistiques-informatique"": 5}",tourisme;sante,,recherche,hybride,parcours-isaia
cand-000027,matiere_synthetique_9;matiere_synthetique_8,15.05,"{""competence-techniques-informatiques-gestion"": 4, ""competence-electronique-systemes"": 3, ""competence-multimedia-telecommunications"": 3, ""competence-statistiques-informatique"": 3}",robotique;management,projet_personnel_tech,salariat,terrain,parcours-igglia
cand-001319,matiere_synthetique_16;matiere_synthetique_17,12.36,"{""competence-techniques-informatiques-gestion"": 4, ""competence-electronique-systemes"": 1, ""competence-multimedia-telecommunications"": 1, ""competence-statistiques-informatique"": 0}",finance;tourisme;robotique,,enseignement,bureau,parcours-igglia
cand-000223,matiere_synthetique_16;matiere_synthetique_15,17.5,"{""competence-techniques-informatiques-gestion"": 0, ""competence-electronique-systemes"": 1, ""competence-multimedia-telecommunications"": 5, ""competence-statistiques-informatique"": 3}",tourisme;ecologie;sante,,entrepreneuriat,teletravail,parcours-imticia
cand-001657,matiere_synthetique_1;matiere_synthetique_6;matiere_synthetique_18,11.69,"{""competence-techniques-informatiques-gestion"": 2, ""competence-electronique-systemes"": 2, ""competence-multimedia-telecommunications"": 5, ""competence-statistiques-informatique"": 4}",informatique;agriculture,,enseignement,teletravail,parcours-imticia
cand-001542,matiere_synthetique_8;matiere_synthetique_16,11.94,"{""competence-techniques-informatiques-gestion"": 2, ""competence-electronique-systemes"": 3, ""competence-multimedia-telecommunications"": 1, ""competence-statistiques-informatique"": 2}",management,,entrepreneuriat,bureau,parcours-esiia
cand-000138,matiere_synthetique_13;matiere_synthetique_20;matiere_synthetique_13,12.2,"{""competence-techniques-informatiques-gestion"": 3, ""competence-electronique-systemes"": 5, ""competence-multimedia-telecommunications"": 2, ""competence-statistiques-informatique"": 2}",management;ecologie,projet_associatif,enseignement,hybride,parcours-esiia
cand-001019,matiere_synthetique_3;matiere_synthetique_16;matiere_synthetique_6,16.26,"{""competence-techniques-informatiques-gestion"": 2, ""competence-electronique-systemes"": 3, ""competence-multimedia-telecommunications"": 2, ""competence-statistiques-informatique"": 4}",informatique,,enseignement,terrain,parcours-isaia
cand-000774,matiere_synthetique_16;matiere_synthetique_8,8.49,"{""competence-techniques-informatiques-gestion"": 5, ""competence-electronique-systemes"": 5, ""competence-multimedia-telecommunications"": 0, ""competence-statistiques-informatique"": 3}",finance;sante;agriculture,,entrepreneuriat,bureau,parcours-igglia
cand-000651,matiere_synthetique_20;matiere_synthetique_4,10.23,"{""competence-techniques-informatiques-gestion"": 1, ""competence-electronique-systemes"": 2, ""competence-multimedia-telecommunications"": 5, ""competence-statistiques-informatique"": 5}",design;robotique;ecologie,,fonction_publique,teletravail,parcours-imticia
cand-001791,matiere_synthetique_3,13.61,"{""competence-techniques-informatiques-gestion"": 5, ""competence-electronique-systemes"": 0, ""competence-multimedia-telecommunications"": 2, ""competence-statistiques-informatique"": 2}",informatique;design;tourisme,projet_personnel_tech,recherche,bureau,parcours-igglia
cand-000431,matiere_synthetique_10,12.43,"{""competence-techniques-informatiques-gestion"": 3, ""competence-electronique-systemes"": 0, ""competence-multimedia-telecommunications"": 0, ""competence-statistiques-informatique"": 2}",tourisme,,fonction_publique,terrain,parcours-igglia
cand-000214,matiere_synthetique_5;matiere_synthetique_1;matiere_synthetique_15,15.74,"{""competence-techniques-informatiques-gestion"": 3, ""competence-electronique-systemes"": 2, ""competence-multimedia-telecommunications"": 5, ""competence-statistiques-informatique"": 4}",design;robotique;ecologie,projet_personnel_tech,fonction_publique,bureau,parcours-imticia
cand-001716,matiere_synthetique_20;matiere_synthetique_14;matiere_synthetique_17,12.42,"{""competence-techniques-informatiques-gestion"": 5, ""competence-electronique-systemes"": 2, ""competence-multimedia-telecommunications"": 1, ""competence-statistiques-informatique"": 4}",finance;sante;agriculture,projet_personnel_tech,entrepreneuriat,terrain,parcours-igglia
cand-001101,matiere_synthetique_11;matiere_synthetique_13;matiere_synthetique_13,9.26,"{""competence-techniques-informatiques-gestion"": 2, ""competence-electronique-systemes"": 1, ""competence-multimedia-telecommunications"": 3, ""competence-statistiques-informatique"": 1}",ecologie;sante;finance,,salariat,hybride,parcours-imticia
cand-000475,matiere_synthetique_16,15.23,"{""competence-techniques-informatiques-gestion"": 2, ""competence-electronique-systemes"": 5, ""competence-multimedia-telecommunications"": 3, ""competence-statistiques-informatique"": 4}",design;robotique,projet_personnel_tech,recherche,terrain,parcours-esiia
cand-000823,matiere_synthetique_3;matiere_synthetique_3;matiere_synthetique_6,9.45,"{""competence-techniques-informatiques-gestion"": 2, ""competence-electronique-systemes"": 3, ""competence-multimedia-telecommunications"": 0, ""competence-statistiques-informatique"": 5}",management;design,projet_personnel_tech,enseignement,bureau,parcours-isaia
cand-001135,matiere_synthetique_16;matiere_synthetique_7,17.41,"{""competence-techniques-informatiques-gestion"": 2, ""competence-electronique-systemes"": 3, ""competence-multimedia-telecommunications"": 4, ""competence-statistiques-informatique"": 4}",ecologie;robotique;finance,,salariat,hybride,parcours-imticia
cand-000579,matiere_synthetique_18,13.42,"{""competence-techniques-informatiques-gestion"": 5, ""competence-electronique-systemes"": 5, ""competence-multimedia-telecommunications"": 4, ""competence-statistiques-informatique"": 1}",finance;tourisme;agriculture,projet_personnel_tech,recherche,terrain,parcours-igglia
cand-001016,matiere_synthetique_16,12.89,"{""competence-techniques-informatiques-gestion"": 5, ""competence-electronique-systemes"": 4, ""competence-multimedia-telecommunications"": 5, ""competence-statistiques-informatique"": 5}",sante,,salariat,hybride,parcours-igglia
cand-000632,matiere_synthetique_16,9.86,"{""competence-techniques-informatiques-gestion"": 2, ""competence-electronique-systemes"": 0, ""competence-multimedia-telecommunications"": 5, ""competence-statistiques-informatique"": 2}",design;agriculture;finance,,salariat,teletravail,parcours-imticia
cand-000474,matiere_synthetique_2;matiere_synthetique_20;matiere_synthetique_11,11.86,"{""competence-techniques-informatiques-gestion"": 5, ""competence-electronique-systemes"": 5, ""competence-multimedia-telecommunications"": 2, ""competence-statistiques-informatique"": 4}",agriculture,projet_personnel_tech,salariat,bureau,parcours-igglia
cand-000903,matiere_synthetique_15;matiere_synthetique_10,14.76,"{""competence-techniques-informatiques-gestion"": 1, ""competence-electronique-systemes"": 2, ""competence-multimedia-telecommunications"": 5, ""competence-statistiques-informatique"": 1}",sante;ecologie;agriculture,,salariat,terrain,parcours-imticia
cand-001508,matiere_synthetique_11;matiere_synthetique_5;matiere_synthetique_2,11.05,"{""competence-techniques-informatiques-gestion"": 2, ""competence-electronique-systemes"": 4, ""competence-multimedia-telecommunications"": 1, ""competence-statistiques-informatique"": 3}",management;tourisme,projet_associatif,entrepreneuriat,bureau,parcours-esiia
cand-000527,matiere_synthetique_19,11.56,"{""competence-techniques-informatiques-gestion"": 4, ""competence-electronique-systemes"": 5, ""competence-multimedia-telecommunications"": 3, ""competence-statistiques-informatique"": 4}",management,projet_personnel_tech;projet_associatif,enseignement,hybride,parcours-esiia
cand-001730,matiere_synthetique_19;matiere_synthetique_2;matiere_synthetique_2,15.46,"{""competence-techniques-informatiques-gestion"": 2, ""competence-electronique-systemes"": 2, ""competence-multimedia-telecommunications"": 5, ""competence-statistiques-informatique"": 4}",management,,recherche,bureau,parcours-imticia
cand-001037,matiere_synthetique_10;matiere_synthetique_17;matiere_synthetique_20,17.5,"{""competence-techniques-informatiques-gestion"": 5, ""competence-electronique-systemes"": 5, ""competence-multimedia-telecommunications"": 3, ""competence-statistiques-informatique"": 5}",design;sante,projet_personnel_tech,recherche,teletravail,parcours-igglia
cand-001063,matiere_synthetique_13;matiere_synthetique_10,16.94,"{""competence-techniques-informatiques-gestion"": 4, ""competence-electronique-systemes"": 5, ""competence-multimedia-telecommunications"": 2, ""competence-statistiques-informatique"": 2}",design;ecologie;management,projet_personnel_tech,recherche,bureau,parcours-esiia
cand-000429,matiere_synthetique_12;matiere_synthetique_7,17.98,"{""competence-techniques-informatiques-gestion"": 2, ""competence-electronique-systemes"": 5, ""competence-multimedia-telecommunications"": 4, ""competence-statistiques-informatique"": 4}",agriculture;robotique;tourisme,projet_personnel_tech,entrepreneuriat,hybride,parcours-esiia
cand-001759,matiere_synthetique_18;matiere_synthetique_2,16.91,"{""competence-techniques-informatiques-gestion"": 3, ""competence-electronique-systemes"": 1, ""competence-multimedia-telecommunications"": 5, ""competence-statistiques-informatique"": 5}",robotique;sante;design,,enseignement,hybride,parcours-imticia
cand-000071,matiere_synthetique_16;matiere_synthetique_15;matiere_synthetique_19,16.58,"{""competence-techniques-informatiques-gestion"": 3, ""competence-electronique-systemes"": 5, ""competence-multimedia-telecommunications"": 2, ""competence-statistiques-informatique"": 4}",tourisme;robotique,,entrepreneuriat,teletravail,parcours-esiia
cand-000113,matiere_synthetique_13;matiere_synthetique_8;matiere_synthetique_8,11.8,"{""competence-techniques-informatiques-gestion"": 2, ""competence-electronique-systemes"": 5, ""competence-multimedia-telecommunications"": 5, ""competence-statistiques-informatique"": 4}",informatique;sante;management,projet_personnel_tech,enseignement,bureau,parcours-esiia
cand-000144,matiere_synthetique_15;matiere_synthetique_3,14.82,"{""competence-techniques-informatiques-gestion"": 3, ""competence-electronique-systemes"": 3, ""competence-multimedia-telecommunications"": 4, ""competence-statistiques-informatique"": 1}",management;finance;agriculture,,entrepreneuriat,hybride,parcours-imticia
cand-000052,matiere_synthetique_8,11.02,"{""competence-techniques-informatiques-gestion"": 1, ""competence-electronique-systemes"": 5, ""competence-multimedia-telecommunications"": 3, ""competence-statistiques-informatique"": 0}",informatique;finance;design,,salariat,teletravail,parcours-esiia
cand-000083,matiere_synthetique_16;matiere_synthetique_6;matiere_synthetique_5,8.49,"{""competence-techniques-informatiques-gestion"": 5, ""competence-electronique-systemes"": 3, ""competence-multimedia-telecommunications"": 2, ""competence-statistiques-informatique"": 5}",tourisme;design,,recherche,bureau,parcours-igglia
cand-001391,matiere_synthetique_13;matiere_synthetique_14,18.38,"{""competence-techniques-informatiques-gestion"": 5, ""competence-electronique-systemes"": 4, ""competence-multimedia-telecommunications"": 2, ""competence-statistiques-informatique"": 3}",sante;tourisme;finance,,recherche,hybride,parcours-igglia
cand-001781,matiere_synthetique_18;matiere_synthetique_4,16.17,"{""competence-techniques-informatiques-gestion"": 1, ""competence-electronique-systemes"": 3, ""competence-multimedia-telecommunications"": 4, ""competence-statistiques-informatique"": 4}",robotique,projet_personnel_tech,entrepreneuriat,hybride,parcours-imticia
cand-000646,matiere_synthetique_17;matiere_synthetique_3,10.55,"{""competence-techniques-informatiques-gestion"": 2, ""competence-electronique-systemes"": 5, ""competence-multimedia-telecommunications"": 1, ""competence-statistiques-informatique"": 5}",management;sante,,fonction_publique,terrain,parcours-esiia
cand-000250,matiere_synthetique_1;matiere_synthetique_14,13.78,"{""competence-techniques-informatiques-gestion"": 2, ""competence-electronique-systemes"": 4, ""competence-multimedia-telecommunications"": 2, ""competence-statistiques-informatique"": 5}",design;robotique;management,projet_personnel_tech,salariat,teletravail,parcours-isaia
cand-000790,matiere_synthetique_13;matiere_synthetique_1;matiere_synthetique_18,16.27,"{""competence-techniques-informatiques-gestion"": 3, ""competence-electronique-systemes"": 4, ""competence-multimedia-telecommunications"": 4, ""competence-statistiques-informatique"": 5}",sante;agriculture;management,,enseignement,terrain,parcours-isaia
cand-000601,matiere_synthetique_9;matiere_synthetique_19;matiere_synthetique_20,9.95,"{""competence-techniques-informatiques-gestion"": 2, ""competence-electronique-systemes"": 3, ""competence-multimedia-telecommunications"": 2, ""competence-statistiques-informatique"": 5}",tourisme;management,,salariat,bureau,parcours-isaia
cand-001220,matiere_synthetique_12;matiere_synthetique_13;matiere_synthetique_18,11.02,"{""competence-techniques-informatiques-gestion"": 1, ""competence-electronique-systemes"": 4, ""competence-multimedia-telecommunications"": 4, ""competence-statistiques-informatique"": 4}",tourisme,projet_associatif,salariat,teletravail,parcours-esiia
cand-001552,matiere_synthetique_12;matiere_synthetique_3,9.61,"{""competence-techniques-informatiques-gestion"": 0, ""competence-electronique-systemes"": 1, ""competence-multimedia-telecommunications"": 2, ""competence-statistiques-informatique"": 5}",agriculture;informatique;ecologie,,recherche,teletravail,parcours-isaia
cand-001797,matiere_synthetique_17,15.14,"{""competence-techniques-informatiques-gestion"": 2, ""competence-electronique-systemes"": 3, ""competence-multimedia-telecommunications"": 4, ""competence-statistiques-informatique"": 4}",agriculture;ecologie,,entrepreneuriat,terrain,parcours-imticia
cand-000105,matiere_synthetique_6;matiere_synthetique_2,19.8,"{""competence-techniques-informatiques-gestion"": 4, ""competence-electronique-systemes"": 3, ""competence-multimedia-telecommunications"": 5, ""competence-statistiques-informatique"": 0}",management;agriculture;ecologie,,fonction_publique,hybride,parcours-imticia
cand-001056,matiere_synthetique_1;matiere_synthetique_18;matiere_synthetique_7,9.71,"{""competence-techniques-informatiques-gestion"": 5, ""competence-electronique-systemes"": 5, ""competence-multimedia-telecommunications"": 4, ""competence-statistiques-informatique"": 3}",tourisme,,entrepreneuriat,teletravail,parcours-igglia
cand-001248,matiere_synthetique_5;matiere_synthetique_7,17.04,"{""competence-techniques-informatiques-gestion"": 2, ""competence-electronique-systemes"": 5, ""competence-multimedia-telecommunications"": 0, ""competence-statistiques-informatique"": 3}",management;agriculture,,salariat,hybride,parcours-esiia
cand-001988,matiere_synthetique_9,17.26,"{""competence-techniques-informatiques-gestion"": 4, ""competence-electronique-systemes"": 5, ""competence-multimedia-telecommunications"": 5, ""competence-statistiques-informatique"": 2}",ecologie;management;finance,projet_personnel_tech,entrepreneuriat,teletravail,parcours-esiia
cand-000099,matiere_synthetique_4;matiere_synthetique_14,16.51,"{""competence-techniques-informatiques-gestion"": 5, ""competence-electronique-systemes"": 5, ""competence-multimedia-telecommunications"": 1, ""competence-statistiques-informatique"": 3}",sante;informatique;tourisme,,fonction_publique,hybride,parcours-igglia
cand-001041,matiere_synthetique_13;matiere_synthetique_3,10.62,"{""competence-techniques-informatiques-gestion"": 1, ""competence-electronique-systemes"": 5, ""competence-multimedia-telecommunications"": 3, ""competence-statistiques-informatique"": 1}",finance,,recherche,hybride,parcours-esiia
cand-001179,matiere_synthetique_11;matiere_synthetique_18;matiere_synthetique_4,14.8,"{""competence-techniques-informatiques-gestion"": 5, ""competence-electronique-systemes"": 5, ""competence-multimedia-telecommunications"": 4, ""competence-statistiques-informatique"": 4}",design;sante,,salariat,hybride,parcours-igglia
cand-000557,matiere_synthetique_13;matiere_synthetique_13;matiere_synthetique_13,10.09,"{""competence-techniques-informatiques-gestion"": 5, ""competence-electronique-systemes"": 5, ""competence-multimedia-telecommunications"": 2, ""competence-statistiques-informatique"": 2}",tourisme;robotique,projet_associatif,fonction_publique,hybride,parcours-igglia
cand-000647,matiere_synthetique_2;matiere_synthetique_12;matiere_synthetique_19,11.77,"{""competence-techniques-informatiques-gestion"": 5, ""competence-electronique-systemes"": 2, ""competence-multimedia-telecommunications"": 1, ""competence-statistiques-informatique"": 2}",tourisme;robotique;informatique,projet_associatif,enseignement,terrain,parcours-igglia
cand-001410,matiere_synthetique_14,13.91,"{""competence-techniques-informatiques-gestion"": 2, ""competence-electronique-systemes"": 1, ""competence-multimedia-telecommunications"": 0, ""competence-statistiques-informatique"": 5}",sante,projet_personnel_tech,entrepreneuriat,teletravail,parcours-isaia
cand-001930,matiere_synthetique_15;matiere_synthetique_9;matiere_synthetique_12,13.54,"{""competence-techniques-informatiques-gestion"": 4, ""competence-electronique-systemes"": 5, ""competence-multimedia-telecommunications"": 5, ""competence-statistiques-informatique"": 4}",management;sante;ecologie,,enseignement,hybride,parcours-esiia
cand-001810,matiere_synthetique_11,10.11,"{""competence-techniques-informatiques-gestion"": 3, ""competence-electronique-systemes"": 0, ""competence-multimedia-telecommunications"": 4, ""competence-statistiques-informatique"": 5}",informatique;design;ecologie,,enseignement,hybride,parcours-isaia
cand-000360,matiere_synthetique_15;matiere_synthetique_15,9.34,"{""competence-techniques-informatiques-gestion"": 5, ""competence-electronique-systemes"": 5, ""competence-multimedia-telecommunications"": 4, ""competence-statistiques-informatique"": 4}",management;finance,,fonction_publique,hybride,parcours-igglia
cand-000279,matiere_synthetique_11;matiere_synthetique_15;matiere_synthetique_8,13.02,"{""competence-techniques-informatiques-gestion"": 5, ""competence-electronique-systemes"": 4, ""competence-multimedia-telecommunications"": 5, ""competence-statistiques-informatique"": 1}",management;finance;sante,projet_associatif,salariat,hybride,parcours-igglia
cand-000193,matiere_synthetique_9;matiere_synthetique_18;matiere_synthetique_20,11.86,"{""competence-techniques-informatiques-gestion"": 5, ""competence-electronique-systemes"": 1, ""competence-multimedia-telecommunications"": 0, ""competence-statistiques-informatique"": 4}",management;tourisme,,entrepreneuriat,teletravail,parcours-igglia
cand-000434,matiere_synthetique_2,14.15,"{""competence-techniques-informatiques-gestion"": 4, ""competence-electronique-systemes"": 1, ""competence-multimedia-telecommunications"": 5, ""competence-statistiques-informatique"": 5}",management;ecologie;tourisme,,fonction_publique,teletravail,parcours-imticia
cand-001686,matiere_synthetique_14;matiere_synthetique_1;matiere_synthetique_7,16.3,"{""competence-techniques-informatiques-gestion"": 5, ""competence-electronique-systemes"": 2, ""competence-multimedia-telecommunications"": 4, ""competence-statistiques-informatique"": 2}",sante,projet_associatif,salariat,hybride,parcours-igglia
cand-001748,matiere_synthetique_3;matiere_synthetique_5;matiere_synthetique_19,10.58,"{""competence-techniques-informatiques-gestion"": 5, ""competence-electronique-systemes"": 5, ""competence-multimedia-telecommunications"": 1, ""competence-statistiques-informatique"": 1}",finance;sante;ecologie,,salariat,hybride,parcours-igglia
cand-001494,matiere_synthetique_1,16.1,"{""competence-techniques-informatiques-gestion"": 5, ""competence-electronique-systemes"": 2, ""competence-multimedia-telecommunications"": 1, ""competence-statistiques-informatique"": 3}",finance;robotique;informatique,,entrepreneuriat,bureau,parcours-igglia
cand-001670,matiere_synthetique_18,9.74,"{""competence-techniques-informatiques-gestion"": 3, ""competence-electronique-systemes"": 1, ""competence-multimedia-telecommunications"": 5, ""competence-statistiques-informatique"": 5}",robotique;ecologie;design,,recherche,bureau,parcours-imticia
cand-001093,matiere_synthetique_20;matiere_synthetique_15;matiere_synthetique_19,10.13,"{""competence-techniques-informatiques-gestion"": 3, ""competence-electronique-systemes"": 5, ""competence-multimedia-telecommunications"": 5, ""competence-statistiques-informatique"": 3}",ecologie;management;design,,entrepreneuriat,hybride,parcours-esiia
cand-000878,matiere_synthetique_16;matiere_synthetique_13;matiere_synthetique_2,14.63,"{""competence-techniques-informatiques-gestion"": 3, ""competence-electronique-systemes"": 0, ""competence-multimedia-telecommunications"": 5, ""competence-statistiques-informatique"": 3}",sante,projet_personnel_tech,entrepreneuriat,terrain,parcours-imticia
cand-001854,matiere_synthetique_12;matiere_synthetique_13;matiere_synthetique_19,12.74,"{""competence-techniques-informatiques-gestion"": 3, ""competence-electronique-systemes"": 1, ""competence-multimedia-telecommunications"": 5, ""competence-statistiques-informatique"": 5}",management,,salariat,bureau,parcours-imticia
cand-001059,matiere_synthetique_2,10.19,"{""competence-techniques-informatiques-gestion"": 4, ""competence-electronique-systemes"": 2, ""competence-multimedia-telecommunications"": 2, ""competence-statistiques-informatique"": 2}",tourisme;ecologie;informatique,projet_associatif,recherche,bureau,parcours-igglia
cand-000724,matiere_synthetique_1;matiere_synthetique_19,7.11,"{""competence-techniques-informatiques-gestion"": 5, ""competence-electronique-systemes"": 5, ""competence-multimedia-telecommunications"": 0, ""competence-statistiques-informatique"": 1}",finance;design;ecologie,,salariat,hybride,parcours-igglia
cand-000102,matiere_synthetique_7;matiere_synthetique_16;matiere_synthetique_11,9.55,"{""competence-techniques-informatiques-gestion"": 5, ""competence-electronique-systemes"": 4, ""competence-multimedia-telecommunications"": 5, ""competence-statistiques-informatique"": 3}",tourisme,projet_personnel_tech,entrepreneuriat,teletravail,parcours-igglia
cand-000493,matiere_synthetique_13;matiere_synthetique_12,11.67,"{""competence-techniques-informatiques-gestion"": 2, ""competence-electronique-systemes"": 3, ""competence-multimedia-telecommunications"": 4, ""competence-statistiques-informatique"": 4}",ecologie,,recherche,terrain,parcours-imticia
cand-001636,matiere_synthetique_5;matiere_synthetique_13;matiere_synthetique_3,15.12,"{""competence-techniques-informatiques-gestion"": 1, ""competence-electronique-systemes"": 4, ""competence-multimedia-telecommunications"": 4, ""competence-statistiques-informatique"": 0}",design;informatique,projet_associatif,enseignement,hybride,parcours-esiia
cand-001090,matiere_synthetique_8;matiere_synthetique_16,16.22,"{""competence-techniques-informatiques-gestion"": 1, ""competence-electronique-systemes"": 4, ""competence-multimedia-telecommunications"": 3, ""competence-statistiques-informatique"": 5}",management;finance,,salariat,hybride,parcours-isaia
cand-001125,matiere_synthetique_16,9.68,"{""competence-techniques-informatiques-gestion"": 4, ""competence-electronique-systemes"": 5, ""competence-multimedia-telecommunications"": 4, ""competence-statistiques-informatique"": 0}",agriculture;tourisme;finance,,fonction_publique,hybride,parcours-esiia
cand-000871,matiere_synthetique_20;matiere_synthetique_8;matiere_synthetique_11,13.4,"{""competence-techniques-informatiques-gestion"": 3, ""competence-electronique-systemes"": 2, ""competence-multimedia-telecommunications"": 1, ""competence-statistiques-informatique"": 5}",informatique;agriculture,,entrepreneuriat,terrain,parcours-isaia
cand-000554,matiere_synthetique_7;matiere_synthetique_3,11.44,"{""competence-techniques-informatiques-gestion"": 5, ""competence-electronique-systemes"": 2, ""competence-multimedia-telecommunications"": 1, ""competence-statistiques-informatique"": 5}",informatique,,entrepreneuriat,hybride,parcours-igglia
cand-001398,matiere_synthetique_2,11.4,"{""competence-techniques-informatiques-gestion"": 3, ""competence-electronique-systemes"": 3, ""competence-multimedia-telecommunications"": 5, ""competence-statistiques-informatique"": 4}",management,,entrepreneuriat,hybride,parcours-imticia
cand-000011,matiere_synthetique_7,13.62,"{""competence-techniques-informatiques-gestion"": 2, ""competence-electronique-systemes"": 2, ""competence-multimedia-telecommunications"": 5, ""competence-statistiques-informatique"": 1}",robotique,,salariat,terrain,parcours-imticia
cand-001707,matiere_synthetique_10;matiere_synthetique_18;matiere_synthetique_15,16.68,"{""competence-techniques-informatiques-gestion"": 5, ""competence-electronique-systemes"": 4, ""competence-multimedia-telecommunications"": 4, ""competence-statistiques-informatique"": 5}",tourisme;agriculture;sante,projet_associatif,enseignement,hybride,parcours-igglia
cand-001379,matiere_synthetique_8;matiere_synthetique_3;matiere_synthetique_3,9.51,"{""competence-techniques-informatiques-gestion"": 2, ""competence-electronique-systemes"": 2, ""competence-multimedia-telecommunications"": 0, ""competence-statistiques-informatique"": 4}",finance,,salariat,bureau,parcours-isaia
cand-000155,matiere_synthetique_19,16.92,"{""competence-techniques-informatiques-gestion"": 1, ""competence-electronique-systemes"": 0, ""competence-multimedia-telecommunications"": 5, ""competence-statistiques-informatique"": 4}",design;ecologie,projet_personnel_tech,entrepreneuriat,hybride,parcours-imticia
cand-001639,matiere_synthetique_15;matiere_synthetique_4,16.31,"{""competence-techniques-informatiques-gestion"": 3, ""competence-electronique-systemes"": 2, ""competence-multimedia-telecommunications"": 3, ""competence-statistiques-informatique"": 5}",design;finance;agriculture,projet_personnel_tech,enseignement,bureau,parcours-isaia
cand-001598,matiere_synthetique_1;matiere_synthetique_7;matiere_synthetique_5,9.32,"{""competence-techniques-informatiques-gestion"": 5, ""competence-electronique-systemes"": 3, ""competence-multimedia-telecommunications"": 4, ""competence-statistiques-informatique"": 2}",finance;sante;tourisme,,fonction_publique,teletravail,parcours-igglia
cand-000922,matiere_synthetique_16;matiere_synthetique_19,16.22,"{""competence-techniques-informatiques-gestion"": 5, ""competence-electronique-systemes"": 1, ""competence-multimedia-telecommunications"": 3, ""competence-statistiques-informatique"": 4}",sante,projet_personnel_tech,salariat,teletravail,parcours-igglia
cand-000800,matiere_synthetique_15,10.39,"{""competence-techniques-informatiques-gestion"": 1, ""competence-electronique-systemes"": 1, ""competence-multimedia-telecommunications"": 4, ""competence-statistiques-informatique"": 5}",management;tourisme,,enseignement,bureau,parcours-isaia
cand-000533,matiere_synthetique_7;matiere_synthetique_14;matiere_synthetique_18,15.75,"{""competence-techniques-informatiques-gestion"": 2, ""competence-electronique-systemes"": 2, ""competence-multimedia-telecommunications"": 5, ""competence-statistiques-informatique"": 1}",agriculture;informatique,,entrepreneuriat,hybride,parcours-imticia
cand-000650,matiere_synthetique_17,11.35,"{""competence-techniques-informatiques-gestion"": 1, ""competence-electronique-systemes"": 2, ""competence-multimedia-telecommunications"": 4, ""competence-statistiques-informatique"": 1}",robotique;finance,,fonction_publique,terrain,parcours-imticia
cand-001222,matiere_synthetique_16,17.28,"{""competence-techniques-informatiques-gestion"": 2, ""competence-electronique-systemes"": 5, ""competence-multimedia-telecommunications"": 3, ""competence-statistiques-informatique"": 5}",management;sante;tourisme,,entrepreneuriat,terrain,parcours-esiia
cand-000979,matiere_synthetique_3,7.2,"{""competence-techniques-informatiques-gestion"": 2, ""competence-electronique-systemes"": 4, ""competence-multimedia-telecommunications"": 2, ""competence-statistiques-informatique"": 3}",agriculture,,salariat,teletravail,parcours-esiia
cand-001001,matiere_synthetique_15,12.45,"{""competence-techniques-informatiques-gestion"": 5, ""competence-electronique-systemes"": 1, ""competence-multimedia-telecommunications"": 2, ""competence-statistiques-informatique"": 0}",robotique,projet_personnel_tech,entrepreneuriat,hybride,parcours-igglia
cand-000835,matiere_synthetique_15;matiere_synthetique_17;matiere_synthetique_10,8.57,"{""competence-techniques-informatiques-gestion"": 3, ""competence-electronique-systemes"": 3, ""competence-multimedia-telecommunications"": 1, ""competence-statistiques-informatique"": 1}",finance;agriculture;ecologie,,recherche,hybride,parcours-igglia
cand-000396,matiere_synthetique_3;matiere_synthetique_16,9.93,"{""competence-techniques-informatiques-gestion"": 4, ""competence-electronique-systemes"": 5, ""competence-multimedia-telecommunications"": 2, ""competence-statistiques-informatique"": 1}",agriculture,,salariat,terrain,parcours-esiia
cand-001961,matiere_synthetique_15;matiere_synthetique_16;matiere_synthetique_11,12.82,"{""competence-techniques-informatiques-gestion"": 1, ""competence-electronique-systemes"": 0, ""competence-multimedia-telecommunications"": 0, ""competence-statistiques-informatique"": 1}",design;agriculture,,salariat,teletravail,parcours-igglia
cand-001604,matiere_synthetique_5;matiere_synthetique_5;matiere_synthetique_14,16.89,"{""competence-techniques-informatiques-gestion"": 1, ""competence-electronique-systemes"": 5, ""competence-multimedia-telecommunications"": 2, ""competence-statistiques-informatique"": 2}",robotique;sante;informatique,,recherche,terrain,parcours-esiia
cand-000667,matiere_synthetique_17;matiere_synthetique_10,14.88,"{""competence-techniques-informatiques-gestion"": 1, ""competence-electronique-systemes"": 2, ""competence-multimedia-telecommunications"": 2, ""competence-statistiques-informatique"": 2}",ecologie;robotique,,fonction_publique,hybride,parcours-esiia
cand-001602,matiere_synthetique_18;matiere_synthetique_12,10.3,"{""competence-techniques-informatiques-gestion"": 4, ""competence-electronique-systemes"": 5, ""competence-multimedia-telecommunications"": 2, ""competence-statistiques-informatique"": 3}",management;design;agriculture,,enseignement,terrain,parcours-esiia
cand-001898,matiere_synthetique_16,13.77,"{""competence-techniques-informatiques-gestion"": 3, ""competence-electronique-systemes"": 3, ""competence-multimedia-telecommunications"": 5, ""competence-statistiques-informatique"": 4}",robotique;management;finance,,entrepreneuriat,hybride,parcours-imticia
cand-000005,matiere_synthetique_8;matiere_synthetique_5,14.43,"{""competence-techniques-informatiques-gestion"": 1, ""competence-electronique-systemes"": 5, ""competence-multimedia-telecommunications"": 2, ""competence-statistiques-informatique"": 5}",management;design,,fonction_publique,teletravail,parcours-esiia
cand-000206,matiere_synthetique_20,13.83,"{""competence-techniques-informatiques-gestion"": 2, ""competence-electronique-systemes"": 3, ""competence-multimedia-telecommunications"": 5, ""competence-statistiques-informatique"": 5}",finance;design;agriculture,,recherche,hybride,parcours-imticia
cand-000942,matiere_synthetique_8,8.38,"{""competence-techniques-informatiques-gestion"": 3, ""competence-electronique-systemes"": 5, ""competence-multimedia-telecommunications"": 5, ""competence-statistiques-informatique"": 5}",tourisme;robotique,,fonction_publique,bureau,parcours-esiia
cand-001184,matiere_synthetique_12;matiere_synthetique_14;matiere_synthetique_7,8.63,"{""competence-techniques-informatiques-gestion"": 0, ""competence-electronique-systemes"": 5, ""competence-multimedia-telecommunications"": 1, ""competence-statistiques-informatique"": 5}",sante,projet_personnel_tech,fonction_publique,terrain,parcours-esiia
cand-000989,matiere_synthetique_19;matiere_synthetique_19,7.51,"{""competence-techniques-informatiques-gestion"": 0, ""competence-electronique-systemes"": 1, ""competence-multimedia-telecommunications"": 4, ""competence-statistiques-informatique"": 5}",tourisme;informatique,,enseignement,teletravail,parcours-isaia
cand-001559,matiere_synthetique_18;matiere_synthetique_4;matiere_synthetique_10,10.89,"{""competence-techniques-informatiques-gestion"": 4, ""competence-electronique-systemes"": 4, ""competence-multimedia-telecommunications"": 4, ""competence-statistiques-informatique"": 1}",sante;informatique;design,,fonction_publique,teletravail,parcours-igglia
cand-000740,matiere_synthetique_4;matiere_synthetique_3;matiere_synthetique_7,7.85,"{""competence-techniques-informatiques-gestion"": 3, ""competence-electronique-systemes"": 3, ""competence-multimedia-telecommunications"": 3, ""competence-statistiques-informatique"": 5}",sante;informatique;agriculture,,recherche,terrain,parcours-isaia
cand-000768,matiere_synthetique_13;matiere_synthetique_8;matiere_synthetique_19,9.41,"{""competence-techniques-informatiques-gestion"": 4, ""competence-electronique-systemes"": 2, ""competence-multimedia-telecommunications"": 5, ""competence-statistiques-informatique"": 5}",management;finance;robotique,,recherche,terrain,parcours-imticia
cand-000458,matiere_synthetique_7;matiere_synthetique_9;matiere_synthetique_16,10.29,"{""competence-techniques-informatiques-gestion"": 4, ""competence-electronique-systemes"": 4, ""competence-multimedia-telecommunications"": 5, ""competence-statistiques-informatique"": 5}",informatique;design,projet_associatif,recherche,terrain,parcours-imticia
cand-001030,matiere_synthetique_9,11.89,"{""competence-techniques-informatiques-gestion"": 4, ""competence-electronique-systemes"": 1, ""competence-multimedia-telecommunications"": 1, ""competence-statistiques-informatique"": 5}",sante;design;tourisme,,enseignement,hybride,parcours-isaia
cand-001477,matiere_synthetique_4,17.07,"{""competence-techniques-informatiques-gestion"": 5, ""competence-electronique-systemes"": 1, ""competence-multimedia-telecommunications"": 5, ""competence-statistiques-informatique"": 3}",finance;management;design,projet_associatif,fonction_publique,bureau,parcours-igglia
cand-000604,matiere_synthetique_8,14.44,"{""competence-techniques-informatiques-gestion"": 1, ""competence-electronique-systemes"": 5, ""competence-multimedia-telecommunications"": 1, ""competence-statistiques-informatique"": 3}",robotique,,entrepreneuriat,bureau,parcours-esiia
cand-001181,matiere_synthetique_16;matiere_synthetique_5;matiere_synthetique_13,15.57,"{""competence-techniques-informatiques-gestion"": 0, ""competence-electronique-systemes"": 4, ""competence-multimedia-telecommunications"": 2, ""competence-statistiques-informatique"": 2}",agriculture;robotique;informatique,,fonction_publique,terrain,parcours-esiia
cand-001524,matiere_synthetique_14;matiere_synthetique_3;matiere_synthetique_7,15.57,"{""competence-techniques-informatiques-gestion"": 4, ""competence-electronique-systemes"": 5, ""competence-multimedia-telecommunications"": 5, ""competence-statistiques-informatique"": 3}",informatique;sante,,enseignement,terrain,parcours-esiia
cand-000408,matiere_synthetique_5;matiere_synthetique_4;matiere_synthetique_12,10.17,"{""competence-techniques-informatiques-gestion"": 0, ""competence-electronique-systemes"": 4, ""competence-multimedia-telecommunications"": 0, ""competence-statistiques-informatique"": 5}",sante;ecologie,,entrepreneuriat,teletravail,parcours-isaia
cand-001815,matiere_synthetique_2,10.49,"{""competence-techniques-informatiques-gestion"": 4, ""competence-electronique-systemes"": 4, ""competence-multimedia-telecommunications"": 5, ""competence-statistiques-informatique"": 5}",informatique,projet_personnel_tech;projet_associatif,fonction_publique,bureau,parcours-imticia
cand-001368,matiere_synthetique_5,9.84,"{""competence-techniques-informatiques-gestion"": 2, ""competence-electronique-systemes"": 3, ""competence-multimedia-telecommunications"": 1, ""competence-statistiques-informatique"": 4}",finance;robotique;informatique,,enseignement,bureau,parcours-isaia
cand-000907,matiere_synthetique_15,14.71,"{""competence-techniques-informatiques-gestion"": 2, ""competence-electronique-systemes"": 5, ""competence-multimedia-telecommunications"": 2, ""competence-statistiques-informatique"": 5}",agriculture,projet_personnel_tech,fonction_publique,terrain,parcours-esiia
cand-000450,matiere_synthetique_12,17.17,"{""competence-techniques-informatiques-gestion"": 0, ""competence-electronique-systemes"": 0, ""competence-multimedia-telecommunications"": 5, ""competence-statistiques-informatique"": 1}",management,,salariat,terrain,parcours-imticia
cand-000877,matiere_synthetique_16,13.5,"{""competence-techniques-informatiques-gestion"": 4, ""competence-electronique-systemes"": 4, ""competence-multimedia-telecommunications"": 5, ""competence-statistiques-informatique"": 5}",ecologie;robotique,,entrepreneuriat,hybride,parcours-imticia
cand-000976,matiere_synthetique_19,12.66,"{""competence-techniques-informatiques-gestion"": 1, ""competence-electronique-systemes"": 5, ""competence-multimedia-telecommunications"": 3, ""competence-statistiques-informatique"": 1}",informatique;agriculture;management,,enseignement,bureau,parcours-esiia
cand-000811,matiere_synthetique_10;matiere_synthetique_5;matiere_synthetique_3,13.26,"{""competence-techniques-informatiques-gestion"": 5, ""competence-electronique-systemes"": 1, ""competence-multimedia-telecommunications"": 2, ""competence-statistiques-informatique"": 1}",agriculture;ecologie,,recherche,teletravail,parcours-igglia
cand-000874,matiere_synthetique_19,15.3,"{""competence-techniques-informatiques-gestion"": 1, ""competence-electronique-systemes"": 5, ""competence-multimedia-telecommunications"": 5, ""competence-statistiques-informatique"": 2}",informatique,,fonction_publique,hybride,parcours-esiia
cand-000023,matiere_synthetique_14,14.08,"{""competence-techniques-informatiques-gestion"": 2, ""competence-electronique-systemes"": 3, ""competence-multimedia-telecommunications"": 1, ""competence-statistiques-informatique"": 2}",agriculture;finance,,fonction_publique,hybride,parcours-esiia
cand-000323,matiere_synthetique_12;matiere_synthetique_18;matiere_synthetique_6,8.44,"{""competence-techniques-informatiques-gestion"": 5, ""competence-electronique-systemes"": 0, ""competence-multimedia-telecommunications"": 4, ""competence-statistiques-informatique"": 5}",finance,projet_personnel_tech;projet_associatif,entrepreneuriat,teletravail,parcours-igglia
cand-001905,matiere_synthetique_16,15.57,"{""competence-techniques-informatiques-gestion"": 5, ""competence-electronique-systemes"": 2, ""competence-multimedia-telecommunications"": 2, ""competence-statistiques-informatique"": 2}",management;tourisme,projet_associatif,salariat,hybride,parcours-igglia
cand-000205,matiere_synthetique_20;matiere_synthetique_8,12.06,"{""competence-techniques-informatiques-gestion"": 5, ""competence-electronique-systemes"": 5, ""competence-multimedia-telecommunications"": 2, ""competence-statistiques-informatique"": 3}",robotique;agriculture;finance,,salariat,terrain,parcours-igglia
cand-001124,matiere_synthetique_4;matiere_synthetique_20;matiere_synthetique_1,5.49,"{""competence-techniques-informatiques-gestion"": 1, ""competence-electronique-systemes"": 1, ""competence-multimedia-telecommunications"": 1, ""competence-statistiques-informatique"": 0}",design,,salariat,terrain,parcours-igglia
cand-001127,matiere_synthetique_3;matiere_synthetique_20,14.61,"{""competence-techniques-informatiques-gestion"": 3, ""competence-electronique-systemes"": 2, ""competence-multimedia-telecommunications"": 5, ""competence-statistiques-informatique"": 5}",ecologie;informatique,projet_personnel_tech,entrepreneuriat,bureau,parcours-imticia
cand-000439,matiere_synthetique_19;matiere_synthetique_1,14.17,"{""competence-techniques-informatiques-gestion"": 2, ""competence-electronique-systemes"": 5, ""competence-multimedia-telecommunications"": 2, ""competence-statistiques-informatique"": 4}",finance;agriculture;design,projet_personnel_tech,enseignement,hybride,parcours-esiia
cand-000457,matiere_synthetique_3,8.51,"{""competence-techniques-informatiques-gestion"": 2, ""competence-electronique-systemes"": 1, ""competence-multimedia-telecommunications"": 4, ""competence-statistiques-informatique"": 2}",design,projet_personnel_tech,recherche,hybride,parcours-imticia
cand-000059,matiere_synthetique_4,18.5,"{""competence-techniques-informatiques-gestion"": 0, ""competence-electronique-systemes"": 0, ""competence-multimedia-telecommunications"": 5, ""competence-statistiques-informatique"": 3}",ecologie,projet_personnel_tech;projet_associatif,enseignement,bureau,parcours-imticia
cand-001856,matiere_synthetique_10;matiere_synthetique_9,10.51,"{""competence-techniques-informatiques-gestion"": 5, ""competence-electronique-systemes"": 2, ""competence-multimedia-telecommunications"": 5, ""competence-statistiques-informatique"": 1}",management,projet_personnel_tech,salariat,terrain,parcours-igglia
cand-000001,matiere_synthetique_9;matiere_synthetique_1;matiere_synthetique_6,15.52,"{""competence-techniques-informatiques-gestion"": 2, ""competence-electronique-systemes"": 3, ""competence-multimedia-telecommunications"": 4, ""competence-statistiques-informatique"": 3}",tourisme;informatique;agriculture,projet_associatif,enseignement,bureau,parcours-imticia
cand-001783,matiere_synthetique_6,14.56,"{""competence-techniques-informatiques-gestion"": 0, ""competence-electronique-systemes"": 4, ""competence-multimedia-telecommunications"": 4, ""competence-statistiques-informatique"": 1}",robotique;management;finance,,enseignement,bureau,parcours-esiia
cand-000897,matiere_synthetique_20;matiere_synthetique_7,14.27,"{""competence-techniques-informatiques-gestion"": 1, ""competence-electronique-systemes"": 4, ""competence-multimedia-telecommunications"": 3, ""competence-statistiques-informatique"": 0}",tourisme;ecologie;agriculture,,recherche,bureau,parcours-esiia
cand-000085,matiere_synthetique_14,9.44,"{""competence-techniques-informatiques-gestion"": 2, ""competence-electronique-systemes"": 3, ""competence-multimedia-telecommunications"": 3, ""competence-statistiques-informatique"": 3}",design;ecologie,,entrepreneuriat,teletravail,parcours-esiia
cand-001095,matiere_synthetique_11;matiere_synthetique_4,14.15,"{""competence-techniques-informatiques-gestion"": 5, ""competence-electronique-systemes"": 4, ""competence-multimedia-telecommunications"": 5, ""competence-statistiques-informatique"": 4}",management;robotique;finance,,salariat,teletravail,parcours-igglia
cand-001009,matiere_synthetique_9,14.54,"{""competence-techniques-informatiques-gestion"": 5, ""competence-electronique-systemes"": 0, ""competence-multimedia-telecommunications"": 1, ""competence-statistiques-informatique"": 3}",robotique;finance;sante,projet_personnel_tech,recherche,teletravail,parcours-igglia
cand-001087,matiere_synthetique_12,14.36,"{""competence-techniques-informatiques-gestion"": 2, ""competence-electronique-systemes"": 3, ""competence-multimedia-telecommunications"": 4, ""competence-statistiques-informatique"": 3}",finance;sante;ecologie,projet_personnel_tech,salariat,bureau,parcours-imticia
cand-000070,matiere_synthetique_11;matiere_synthetique_8;matiere_synthetique_11,17.68,"{""competence-techniques-informatiques-gestion"": 2, ""competence-electronique-systemes"": 5, ""competence-multimedia-telecommunications"": 2, ""competence-statistiques-informatique"": 2}",sante;ecologie,,entrepreneuriat,terrain,parcours-esiia
cand-000839,matiere_synthetique_11,11.58,"{""competence-techniques-informatiques-gestion"": 5, ""competence-electronique-systemes"": 4, ""competence-multimedia-telecommunications"": 1, ""competence-statistiques-informatique"": 1}",ecologie;sante;finance,,enseignement,bureau,parcours-igglia
cand-000470,matiere_synthetique_15,15.69,"{""competence-techniques-informatiques-gestion"": 2, ""competence-electronique-systemes"": 5, ""competence-multimedia-telecommunications"": 1, ""competence-statistiques-informatique"": 1}",agriculture,,salariat,teletravail,parcours-esiia
cand-001769,matiere_synthetique_17;matiere_synthetique_13;matiere_synthetique_4,19.66,"{""competence-techniques-informatiques-gestion"": 3, ""competence-electronique-systemes"": 5, ""competence-multimedia-telecommunications"": 5, ""competence-statistiques-informatique"": 0}",management;agriculture;sante,projet_personnel_tech,entrepreneuriat,hybride,parcours-esiia
cand-001241,matiere_synthetique_3,11.79,"{""competence-techniques-informatiques-gestion"": 1, ""competence-electronique-systemes"": 2, ""competence-multimedia-telecommunications"": 1, ""competence-statistiques-informatique"": 1}",design;informatique,,entrepreneuriat,teletravail,parcours-esiia
cand-001804,matiere_synthetique_3,12.51,"{""competence-techniques-informatiques-gestion"": 4, ""competence-electronique-systemes"": 5, ""competence-multimedia-telecommunications"": 5, ""competence-statistiques-informatique"": 2}",design,projet_personnel_tech,fonction_publique,teletravail,parcours-esiia
cand-000784,matiere_synthetique_15,14.93,"{""competence-techniques-informatiques-gestion"": 5, ""competence-electronique-systemes"": 2, ""competence-multimedia-telecommunications"": 3, ""competence-statistiques-informatique"": 4}",sante;design,,fonction_publique,hybride,parcours-igglia
cand-001874,matiere_synthetique_7,8.52,"{""competence-techniques-informatiques-gestion"": 5, ""competence-electronique-systemes"": 2, ""competence-multimedia-telecommunications"": 0, ""competence-statistiques-informatique"": 2}",ecologie;sante;tourisme,,enseignement,terrain,parcours-igglia
cand-000062,matiere_synthetique_15;matiere_synthetique_8,12.85,"{""competence-techniques-informatiques-gestion"": 5, ""competence-electronique-systemes"": 3, ""competence-multimedia-telecommunications"": 3, ""competence-statistiques-informatique"": 5}",finance;management;informatique,projet_associatif,entrepreneuriat,teletravail,parcours-igglia
cand-000941,matiere_synthetique_7,18.4,"{""competence-techniques-informatiques-gestion"": 2, ""competence-electronique-systemes"": 2, ""competence-multimedia-telecommunications"": 5, ""competence-statistiques-informatique"": 5}",design;management;finance,projet_personnel_tech,entrepreneuriat,teletravail,parcours-imticia
cand-000315,matiere_synthetique_3,8.1,"{""competence-techniques-informatiques-gestion"": 4, ""competence-electronique-systemes"": 1, ""competence-multimedia-telecommunications"": 3, ""competence-statistiques-informatique"": 1}",sante;design,projet_personnel_tech,salariat,hybride,parcours-igglia
cand-001916,matiere_synthetique_7;matiere_synthetique_11,16.82,"{""competence-techniques-informatiques-gestion"": 5, ""competence-electronique-systemes"": 5, ""competence-multimedia-telecommunications"": 5, ""competence-statistiques-informatique"": 2}",informatique,,fonction_publique,teletravail,parcours-igglia
cand-000583,matiere_synthetique_18;matiere_synthetique_19;matiere_synthetique_2,15.61,"{""competence-techniques-informatiques-gestion"": 0, ""competence-electronique-systemes"": 5, ""competence-multimedia-telecommunications"": 5, ""competence-statistiques-informatique"": 2}",ecologie;tourisme,projet_personnel_tech,salariat,teletravail,parcours-esiia
cand-001186,matiere_synthetique_9;matiere_synthetique_13,8.49,"{""competence-techniques-informatiques-gestion"": 5, ""competence-electronique-systemes"": 4, ""competence-multimedia-telecommunications"": 5, ""competence-statistiques-informatique"": 2}",robotique;agriculture;informatique,projet_personnel_tech,enseignement,terrain,parcours-igglia
cand-000239,matiere_synthetique_4,9.4,"{""competence-techniques-informatiques-gestion"": 4, ""competence-electronique-systemes"": 1, ""competence-multimedia-telecommunications"": 5, ""competence-statistiques-informatique"": 3}",tourisme;finance,projet_personnel_tech,fonction_publique,teletravail,parcours-imticia
cand-000031,matiere_synthetique_8,11.33,"{""competence-techniques-informatiques-gestion"": 0, ""competence-electronique-systemes"": 2, ""competence-multimedia-telecommunications"": 1, ""competence-statistiques-informatique"": 2}",tourisme;agriculture,projet_personnel_tech,entrepreneuriat,terrain,parcours-esiia
cand-000785,matiere_synthetique_11;matiere_synthetique_5;matiere_synthetique_9,16.2,"{""competence-techniques-informatiques-gestion"": 4, ""competence-electronique-systemes"": 5, ""competence-multimedia-telecommunications"": 5, ""competence-statistiques-informatique"": 0}",tourisme,,fonction_publique,teletravail,parcours-esiia
cand-000385,matiere_synthetique_9;matiere_synthetique_20;matiere_synthetique_1,13.06,"{""competence-techniques-informatiques-gestion"": 0, ""competence-electronique-systemes"": 4, ""competence-multimedia-telecommunications"": 2, ""competence-statistiques-informatique"": 1}",tourisme;agriculture;design,projet_personnel_tech;projet_associatif,fonction_publique,hybride,parcours-esiia
cand-000746,matiere_synthetique_10,13.63,"{""competence-techniques-informatiques-gestion"": 1, ""competence-electronique-systemes"": 3, ""competence-multimedia-telecommunications"": 3, ""competence-statistiques-informatique"": 5}",agriculture,,entrepreneuriat,hybride,parcours-isaia
cand-001155,matiere_synthetique_12;matiere_synthetique_9,12.86,"{""competence-techniques-informatiques-gestion"": 2, ""competence-electronique-systemes"": 0, ""competence-multimedia-telecommunications"": 1, ""competence-statistiques-informatique"": 0}",informatique,,recherche,hybride,parcours-igglia
cand-001876,matiere_synthetique_16;matiere_synthetique_15;matiere_synthetique_3,9.72,"{""competence-techniques-informatiques-gestion"": 2, ""competence-electronique-systemes"": 2, ""competence-multimedia-telecommunications"": 0, ""competence-statistiques-informatique"": 2}",tourisme,,recherche,teletravail,parcours-igglia
cand-000290,matiere_synthetique_5,10.61,"{""competence-techniques-informatiques-gestion"": 3, ""competence-electronique-systemes"": 4, ""competence-multimedia-telecommunications"": 5, ""competence-statistiques-informatique"": 3}",agriculture;informatique;management,,recherche,bureau,parcours-imticia
cand-001537,matiere_synthetique_8,12.07,"{""competence-techniques-informatiques-gestion"": 4, ""competence-electronique-systemes"": 5, ""competence-multimedia-telecommunications"": 5, ""competence-statistiques-informatique"": 2}",agriculture;ecologie,projet_associatif,fonction_publique,teletravail,parcours-esiia
cand-001340,matiere_synthetique_6,7.56,"{""competence-techniques-informatiques-gestion"": 0, ""competence-electronique-systemes"": 2, ""competence-multimedia-telecommunications"": 2, ""competence-statistiques-informatique"": 4}",informatique,projet_personnel_tech,salariat,teletravail,parcours-isaia
cand-000908,matiere_synthetique_14;matiere_synthetique_6;matiere_synthetique_4,16.0,"{""competence-techniques-informatiques-gestion"": 3, ""competence-electronique-systemes"": 2, ""competence-multimedia-telecommunications"": 2, ""competence-statistiques-informatique"": 3}",sante;robotique;ecologie,,enseignement,bureau,parcours-igglia
cand-001352,matiere_synthetique_16;matiere_synthetique_6;matiere_synthetique_20,17.3,"{""competence-techniques-informatiques-gestion"": 2, ""competence-electronique-systemes"": 3, ""competence-multimedia-telecommunications"": 5, ""competence-statistiques-informatique"": 1}",design;agriculture,,salariat,teletravail,parcours-imticia
cand-001871,matiere_synthetique_1;matiere_synthetique_1;matiere_synthetique_8,16.77,"{""competence-techniques-informatiques-gestion"": 1, ""competence-electronique-systemes"": 4, ""competence-multimedia-telecommunications"": 3, ""competence-statistiques-informatique"": 5}",informatique;robotique;management,projet_personnel_tech,entrepreneuriat,teletravail,parcours-isaia
cand-001217,matiere_synthetique_2;matiere_synthetique_15,18.91,"{""competence-techniques-informatiques-gestion"": 1, ""competence-electronique-systemes"": 5, ""competence-multimedia-telecommunications"": 2, ""competence-statistiques-informatique"": 5}",management;sante,projet_associatif,fonction_publique,hybride,parcours-esiia
cand-000752,matiere_synthetique_6;matiere_synthetique_19,10.03,"{""competence-techniques-informatiques-gestion"": 5, ""competence-electronique-systemes"": 3, ""competence-multimedia-telecommunications"": 4, ""competence-statistiques-informatique"": 4}",agriculture;design;management,,entrepreneuriat,teletravail,parcours-igglia
cand-001460,matiere_synthetique_8;matiere_synthetique_20,13.75,"{""competence-techniques-informatiques-gestion"": 3, ""competence-electronique-systemes"": 1, ""competence-multimedia-telecommunications"": 4, ""competence-statistiques-informatique"": 0}",tourisme;finance,,fonction_publique,bureau,parcours-imticia
cand-001385,matiere_synthetique_18;matiere_synthetique_19,9.13,"{""competence-techniques-informatiques-gestion"": 2, ""competence-electronique-systemes"": 3, ""competence-multimedia-telecommunications"": 5, ""competence-statistiques-informatique"": 1}",robotique;finance;informatique,,recherche,hybride,parcours-imticia
cand-000069,matiere_synthetique_13,7.28,"{""competence-techniques-informatiques-gestion"": 4, ""competence-electronique-systemes"": 5, ""competence-multimedia-telecommunications"": 5, ""competence-statistiques-informatique"": 1}",design,,enseignement,teletravail,parcours-esiia
cand-000033,matiere_synthetique_14,18.31,"{""competence-techniques-informatiques-gestion"": 3, ""competence-electronique-systemes"": 4, ""competence-multimedia-telecommunications"": 5, ""competence-statistiques-informatique"": 3}",robotique;finance;sante,,recherche,teletravail,parcours-imticia
cand-000696,matiere_synthetique_4,13.15,"{""competence-techniques-informatiques-gestion"": 4, ""competence-electronique-systemes"": 1, ""competence-multimedia-telecommunications"": 5, ""competence-statistiques-informatique"": 5}",robotique;design,,enseignement,bureau,parcours-imticia
cand-001316,matiere_synthetique_13,19.65,"{""competence-techniques-informatiques-gestion"": 1, ""competence-electronique-systemes"": 2, ""competence-multimedia-telecommunications"": 2, ""competence-statistiques-informatique"": 3}",robotique;tourisme,,salariat,teletravail,parcours-isaia
cand-001927,matiere_synthetique_2;matiere_synthetique_14;matiere_synthetique_20,9.73,"{""competence-techniques-informatiques-gestion"": 5, ""competence-electronique-systemes"": 2, ""competence-multimedia-telecommunications"": 4, ""competence-statistiques-informatique"": 5}",informatique;robotique,,recherche,hybride,parcours-igglia
cand-001097,matiere_synthetique_14;matiere_synthetique_14;matiere_synthetique_19,9.11,"{""competence-techniques-informatiques-gestion"": 5, ""competence-electronique-systemes"": 3, ""competence-multimedia-telecommunications"": 5, ""competence-statistiques-informatique"": 1}",finance;informatique;design,,salariat,hybride,parcours-igglia
cand-001110,matiere_synthetique_3;matiere_synthetique_2;matiere_synthetique_20,12.32,"{""competence-techniques-informatiques-gestion"": 2, ""competence-electronique-systemes"": 3, ""competence-multimedia-telecommunications"": 4, ""competence-statistiques-informatique"": 0}",robotique;finance;management,,fonction_publique,hybride,parcours-imticia
cand-000486,matiere_synthetique_17,10.39,"{""competence-techniques-informatiques-gestion"": 1, ""competence-electronique-systemes"": 5, ""competence-multimedia-telecommunications"": 4, ""competence-statistiques-informatique"": 4}",ecologie;tourisme,projet_personnel_tech,salariat,terrain,parcours-esiia
cand-001642,matiere_synthetique_15;matiere_synthetique_10;matiere_synthetique_9,16.74,"{""competence-techniques-informatiques-gestion"": 3, ""competence-electronique-systemes"": 2, ""competence-multimedia-telecommunications"": 1, ""competence-statistiques-informatique"": 1}",sante;finance,projet_personnel_tech,recherche,bureau,parcours-igglia
cand-000809,matiere_synthetique_14;matiere_synthetique_16;matiere_synthetique_3,17.54,"{""competence-techniques-informatiques-gestion"": 5, ""competence-electronique-systemes"": 2, ""competence-multimedia-telecommunications"": 5, ""competence-statistiques-informatique"": 0}",informatique,projet_personnel_tech,recherche,teletravail,parcours-igglia
cand-000838,matiere_synthetique_18;matiere_synthetique_14,14.66,"{""competence-techniques-informatiques-gestion"": 3, ""competence-electronique-systemes"": 5, ""competence-multimedia-telecommunications"": 3, ""competence-statistiques-informatique"": 4}",agriculture;management;sante,,salariat,teletravail,parcours-esiia
cand-001350,matiere_synthetique_13;matiere_synthetique_11,16.03,"{""competence-techniques-informatiques-gestion"": 4, ""competence-electronique-systemes"": 4, ""competence-multimedia-telecommunications"": 3, ""competence-statistiques-informatique"": 5}",tourisme;agriculture;design,projet_personnel_tech,salariat,teletravail,parcours-isaia
cand-000938,matiere_synthetique_2;matiere_synthetique_20,16.9,"{""competence-techniques-informatiques-gestion"": 4, ""competence-electronique-systemes"": 3, ""competence-multimedia-telecommunications"": 5, ""competence-statistiques-informatique"": 3}",robotique;tourisme,projet_personnel_tech,salariat,teletravail,parcours-imticia
cand-001803,matiere_synthetique_10,18.77,"{""competence-techniques-informatiques-gestion"": 5, ""competence-electronique-systemes"": 4, ""competence-multimedia-telecommunications"": 5, ""competence-statistiques-informatique"": 2}",finance,projet_personnel_tech,enseignement,teletravail,parcours-igglia
cand-000524,matiere_synthetique_19,11.57,"{""competence-techniques-informatiques-gestion"": 3, ""competence-electronique-systemes"": 1, ""competence-multimedia-telecommunications"": 4, ""competence-statistiques-informatique"": 3}",management,projet_personnel_tech,entrepreneuriat,bureau,parcours-imticia
cand-000388,matiere_synthetique_8;matiere_synthetique_5;matiere_synthetique_16,12.89,"{""competence-techniques-informatiques-gestion"": 1, ""competence-electronique-systemes"": 5, ""competence-multimedia-telecommunications"": 2, ""competence-statistiques-informatique"": 5}",tourisme;sante;robotique,,fonction_publique,bureau,parcours-esiia
cand-000607,matiere_synthetique_13;matiere_synthetique_20;matiere_synthetique_12,13.07,"{""competence-techniques-informatiques-gestion"": 2, ""competence-electronique-systemes"": 3, ""competence-multimedia-telecommunications"": 4, ""competence-statistiques-informatique"": 4}",ecologie,,entrepreneuriat,teletravail,parcours-imticia
cand-001903,matiere_synthetique_5;matiere_synthetique_15;matiere_synthetique_17,17.11,"{""competence-techniques-informatiques-gestion"": 2, ""competence-electronique-systemes"": 3, ""competence-multimedia-telecommunications"": 1, ""competence-statistiques-informatique"": 1}",finance;ecologie,projet_personnel_tech,recherche,hybride,parcours-esiia
cand-001989,matiere_synthetique_20;matiere_synthetique_18;matiere_synthetique_10,13.36,"{""competence-techniques-informatiques-gestion"": 0, ""competence-electronique-systemes"": 4, ""competence-multimedia-telecommunications"": 5, ""competence-statistiques-informatique"": 4}",tourisme;ecologie;informatique,,recherche,bureau,parcours-imticia
cand-001595,matiere_synthetique_20,11.49,"{""competence-techniques-informatiques-gestion"": 3, ""competence-electronique-systemes"": 3, ""competence-multimedia-telecommunications"": 5, ""competence-statistiques-informatique"": 4}",robotique;design;tourisme,projet_personnel_tech,entrepreneuriat,bureau,parcours-imticia
cand-000624,matiere_synthetique_10;matiere_synthetique_17,12.97,"{""competence-techniques-informatiques-gestion"": 2, ""competence-electronique-systemes"": 5, ""competence-multimedia-telecommunications"": 5, ""competence-statistiques-informatique"": 5}",robotique;finance,,entrepreneuriat,hybride,parcours-esiia
cand-001152,matiere_synthetique_13,10.97,"{""competence-techniques-informatiques-gestion"": 4, ""competence-electronique-systemes"": 4, ""competence-multimedia-telecommunications"": 5, ""competence-statistiques-informatique"": 3}",tourisme,projet_associatif,recherche,bureau,parcours-imticia
cand-000268,matiere_synthetique_16,15.16,"{""competence-techniques-informatiques-gestion"": 4, ""competence-electronique-systemes"": 5, ""competence-multimedia-telecommunications"": 2, ""competence-statistiques-informatique"": 2}",design;sante,,fonction_publique,terrain,parcours-esiia
cand-000048,matiere_synthetique_5,10.47,"{""competence-techniques-informatiques-gestion"": 5, ""competence-electronique-systemes"": 4, ""competence-multimedia-telecommunications"": 0, ""competence-statistiques-informatique"": 2}",finance,,fonction_publique,hybride,parcours-igglia
cand-001154,matiere_synthetique_3;matiere_synthetique_15;matiere_synthetique_16,12.19,"{""competence-techniques-informatiques-gestion"": 4, ""competence-electronique-systemes"": 3, ""competence-multimedia-telecommunications"": 2, ""competence-statistiques-informatique"": 1}",finance;ecologie;management,projet_associatif,recherche,teletravail,parcours-igglia
cand-000550,matiere_synthetique_5,8.04,"{""competence-techniques-informatiques-gestion"": 2, ""competence-electronique-systemes"": 3, ""competence-multimedia-telecommunications"": 5, ""competence-statistiques-informatique"": 1}",informatique;tourisme;design,projet_personnel_tech;projet_associatif,recherche,bureau,parcours-imticia
cand-001274,matiere_synthetique_18;matiere_synthetique_7,11.51,"{""competence-techniques-informatiques-gestion"": 1, ""competence-electronique-systemes"": 5, ""competence-multimedia-telecommunications"": 5, ""competence-statistiques-informatique"": 4}",ecologie,projet_personnel_tech,entrepreneuriat,terrain,parcours-esiia
cand-001517,matiere_synthetique_3,9.54,"{""competence-techniques-informatiques-gestion"": 2, ""competence-electronique-systemes"": 3, ""competence-multimedia-telecommunications"": 4, ""competence-statistiques-informatique"": 1}",agriculture,,enseignement,bureau,parcours-imticia
cand-000222,matiere_synthetique_8;matiere_synthetique_20;matiere_synthetique_6,16.13,"{""competence-techniques-informatiques-gestion"": 2, ""competence-electronique-systemes"": 5, ""competence-multimedia-telecommunications"": 3, ""competence-statistiques-informatique"": 0}",sante;management,projet_personnel_tech,salariat,teletravail,parcours-esiia
cand-000792,matiere_synthetique_12;matiere_synthetique_12;matiere_synthetique_13,6.71,"{""competence-techniques-informatiques-gestion"": 4, ""competence-electronique-systemes"": 2, ""competence-multimedia-telecommunications"": 3, ""competence-statistiques-informatique"": 2}",robotique,,entrepreneuriat,hybride,parcours-igglia
cand-001472,matiere_synthetique_1;matiere_synthetique_1;matiere_synthetique_12,15.41,"{""competence-techniques-informatiques-gestion"": 3, ""competence-electronique-systemes"": 2, ""competence-multimedia-telecommunications"": 4, ""competence-statistiques-informatique"": 0}",ecologie,projet_personnel_tech;projet_associatif,enseignement,teletravail,parcours-imticia
cand-000341,matiere_synthetique_18;matiere_synthetique_4;matiere_synthetique_10,7.74,"{""competence-techniques-informatiques-gestion"": 2, ""competence-electronique-systemes"": 1, ""competence-multimedia-telecommunications"": 2, ""competence-statistiques-informatique"": 2}",sante;informatique,projet_personnel_tech,entrepreneuriat,hybride,parcours-igglia
cand-001581,matiere_synthetique_19,14.24,"{""competence-techniques-informatiques-gestion"": 1, ""competence-electronique-systemes"": 5, ""competence-multimedia-telecommunications"": 1, ""competence-statistiques-informatique"": 1}",tourisme;robotique,projet_personnel_tech,recherche,teletravail,parcours-esiia
cand-000281,matiere_synthetique_17,8.78,"{""competence-techniques-informatiques-gestion"": 5, ""competence-electronique-systemes"": 5, ""competence-multimedia-telecommunications"": 2, ""competence-statistiques-informatique"": 3}",informatique;ecologie,,salariat,hybride,parcours-igglia
cand-001673,matiere_synthetique_6,14.22,"{""competence-techniques-informatiques-gestion"": 5, ""competence-electronique-systemes"": 3, ""competence-multimedia-telecommunications"": 1, ""competence-statistiques-informatique"": 1}",management,,recherche,terrain,parcours-igglia
cand-001267,matiere_synthetique_5;matiere_synthetique_2,9.16,"{""competence-techniques-informatiques-gestion"": 4, ""competence-electronique-systemes"": 4, ""competence-multimedia-telecommunications"": 4, ""competence-statistiques-informatique"": 3}",tourisme,projet_personnel_tech,recherche,terrain,parcours-igglia
cand-000902,matiere_synthetique_3;matiere_synthetique_7,7.85,"{""competence-techniques-informatiques-gestion"": 4, ""competence-electronique-systemes"": 2, ""competence-multimedia-telecommunications"": 3, ""competence-statistiques-informatique"": 4}",finance;ecologie,,salariat,hybride,parcours-igglia
cand-000720,matiere_synthetique_3,12.77,"{""competence-techniques-informatiques-gestion"": 5, ""competence-electronique-systemes"": 1, ""competence-multimedia-telecommunications"": 1, ""competence-statistiques-informatique"": 5}",management,,salariat,hybride,parcours-igglia
cand-001500,matiere_synthetique_15,17.05,"{""competence-techniques-informatiques-gestion"": 5, ""competence-electronique-systemes"": 1, ""competence-multimedia-telecommunications"": 4, ""competence-statistiques-informatique"": 5}",robotique,,enseignement,terrain,parcours-igglia
cand-001738,matiere_synthetique_19,13.73,"{""competence-techniques-informatiques-gestion"": 1, ""competence-electronique-systemes"": 5, ""competence-multimedia-telecommunications"": 3, ""competence-statistiques-informatique"": 1}",informatique,,entrepreneuriat,bureau,parcours-esiia
cand-000819,matiere_synthetique_18;matiere_synthetique_14;matiere_synthetique_1,12.67,"{""competence-techniques-informatiques-gestion"": 5, ""competence-electronique-systemes"": 5, ""competence-multimedia-telecommunications"": 3, ""competence-statistiques-informatique"": 5}",informatique;finance;tourisme,projet_personnel_tech,recherche,bureau,parcours-igglia
cand-001991,matiere_synthetique_20;matiere_synthetique_17,9.85,"{""competence-techniques-informatiques-gestion"": 3, ""competence-electronique-systemes"": 4, ""competence-multimedia-telecommunications"": 2, ""competence-statistiques-informatique"": 4}",finance,,entrepreneuriat,teletravail,parcours-esiia
cand-000182,matiere_synthetique_17,18.08,"{""competence-techniques-informatiques-gestion"": 1, ""competence-electronique-systemes"": 2, ""competence-multimedia-telecommunications"": 5, ""competence-statistiques-informatique"": 4}",agriculture,,enseignement,hybride,parcours-imticia
cand-001176,matiere_synthetique_16;matiere_synthetique_11,10.79,"{""competence-techniques-informatiques-gestion"": 4, ""competence-electronique-systemes"": 2, ""competence-multimedia-telecommunications"": 5, ""competence-statistiques-informatique"": 5}",management;finance,,entrepreneuriat,terrain,parcours-imticia
cand-001682,matiere_synthetique_15;matiere_synthetique_1;matiere_synthetique_7,14.29,"{""competence-techniques-informatiques-gestion"": 5, ""competence-electronique-systemes"": 4, ""competence-multimedia-telecommunications"": 5, ""competence-statistiques-informatique"": 0}",tourisme;design,,enseignement,hybride,parcours-igglia
cand-001627,matiere_synthetique_1;matiere_synthetique_9;matiere_synthetique_12,13.13,"{""competence-techniques-informatiques-gestion"": 5, ""competence-electronique-systemes"": 3, ""competence-multimedia-telecommunications"": 4, ""competence-statistiques-informatique"": 3}",informatique;finance,,fonction_publique,teletravail,parcours-igglia
cand-001017,matiere_synthetique_11;matiere_synthetique_14,9.22,"{""competence-techniques-informatiques-gestion"": 1, ""competence-electronique-systemes"": 1, ""competence-multimedia-telecommunications"": 1, ""competence-statistiques-informatique"": 5}",agriculture;ecologie;design,,entrepreneuriat,teletravail,parcours-isaia
cand-000904,matiere_synthetique_5,11.79,"{""competence-techniques-informatiques-gestion"": 0, ""competence-electronique-systemes"": 1, ""competence-multimedia-telecommunications"": 1, ""competence-statistiques-informatique"": 5}",sante;design;ecologie,,fonction_publique,hybride,parcours-isaia
cand-000956,matiere_synthetique_5;matiere_synthetique_7;matiere_synthetique_3,9.93,"{""competence-techniques-informatiques-gestion"": 5, ""competence-electronique-systemes"": 4, ""competence-multimedia-telecommunications"": 1, ""competence-statistiques-informatique"": 4}",sante,,salariat,hybride,parcours-igglia
cand-001540,matiere_synthetique_7;matiere_synthetique_10,12.19,"{""competence-techniques-informatiques-gestion"": 4, ""competence-electronique-systemes"": 2, ""competence-multimedia-telecommunications"": 4, ""competence-statistiques-informatique"": 1}",design;tourisme,projet_personnel_tech,entrepreneuriat,terrain,parcours-igglia
cand-000566,matiere_synthetique_7;matiere_synthetique_9;matiere_synthetique_5,12.56,"{""competence-techniques-informatiques-gestion"": 4, ""competence-electronique-systemes"": 4, ""competence-multimedia-telecommunications"": 5, ""competence-statistiques-informatique"": 5}",ecologie,,fonction_publique,teletravail,parcours-imticia
cand-000247,matiere_synthetique_2;matiere_synthetique_1;matiere_synthetique_13,14.25,"{""competence-techniques-informatiques-gestion"": 5, ""competence-electronique-systemes"": 2, ""competence-multimedia-telecommunications"": 4, ""competence-statistiques-informatique"": 2}",tourisme;finance;agriculture,projet_personnel_tech,salariat,bureau,parcours-igglia
cand-000671,matiere_synthetique_20;matiere_synthetique_19,11.38,"{""competence-techniques-informatiques-gestion"": 3, ""competence-electronique-systemes"": 3, ""competence-multimedia-telecommunications"": 3, ""competence-statistiques-informatique"": 2}",management;agriculture;design,,salariat,teletravail,parcours-igglia
cand-000151,matiere_synthetique_11;matiere_synthetique_5,11.72,"{""competence-techniques-informatiques-gestion"": 5, ""competence-electronique-systemes"": 2, ""competence-multimedia-telecommunications"": 5, ""competence-statistiques-informatique"": 5}",informatique,projet_associatif,salariat,bureau,parcours-igglia
cand-001474,matiere_synthetique_17;matiere_synthetique_13;matiere_synthetique_1,17.89,"{""competence-techniques-informatiques-gestion"": 2, ""competence-electronique-systemes"": 4, ""competence-multimedia-telecommunications"": 5, ""competence-statistiques-informatique"": 5}",tourisme;finance,,fonction_publique,teletravail,parcours-imticia
cand-000346,matiere_synthetique_8;matiere_synthetique_1;matiere_synthetique_4,11.67,"{""competence-techniques-informatiques-gestion"": 3, ""competence-electronique-systemes"": 4, ""competence-multimedia-telecommunications"": 5, ""competence-statistiques-informatique"": 4}",management;agriculture;tourisme,projet_associatif,recherche,terrain,parcours-imticia
cand-001367,matiere_synthetique_16;matiere_synthetique_16,11.8,"{""competence-techniques-informatiques-gestion"": 5, ""competence-electronique-systemes"": 5, ""competence-multimedia-telecommunications"": 3, ""competence-statistiques-informatique"": 2}",finance;design;management,projet_personnel_tech,entrepreneuriat,hybride,parcours-igglia
cand-001503,matiere_synthetique_6;matiere_synthetique_16,15.69,"{""competence-techniques-informatiques-gestion"": 5, ""competence-electronique-systemes"": 4, ""competence-multimedia-telecommunications"": 5, ""competence-statistiques-informatique"": 5}",finance;design,,entrepreneuriat,teletravail,parcours-igglia
cand-001703,matiere_synthetique_16;matiere_synthetique_15;matiere_synthetique_1,7.69,"{""competence-techniques-informatiques-gestion"": 1, ""competence-electronique-systemes"": 3, ""competence-multimedia-telecommunications"": 3, ""competence-statistiques-informatique"": 5}",management,,fonction_publique,bureau,parcours-isaia
cand-001034,matiere_synthetique_1;matiere_synthetique_2,6.32,"{""competence-techniques-informatiques-gestion"": 3, ""competence-electronique-systemes"": 4, ""competence-multimedia-telecommunications"": 3, ""competence-statistiques-informatique"": 4}",management;design,,recherche,hybride,parcours-esiia
cand-001227,matiere_synthetique_8,13.82,"{""competence-techniques-informatiques-gestion"": 5, ""competence-electronique-systemes"": 2, ""competence-multimedia-telecommunications"": 1, ""competence-statistiques-informatique"": 4}",ecologie;informatique,projet_personnel_tech,fonction_publique,hybride,parcours-igglia
cand-000327,matiere_synthetique_7;matiere_synthetique_11,8.19,"{""competence-techniques-informatiques-gestion"": 2, ""competence-electronique-systemes"": 4, ""competence-multimedia-telecommunications"": 5, ""competence-statistiques-informatique"": 2}",finance,projet_associatif,enseignement,terrain,parcours-imticia
cand-000728,matiere_synthetique_20;matiere_synthetique_14,8.9,"{""competence-techniques-informatiques-gestion"": 4, ""competence-electronique-systemes"": 5, ""competence-multimedia-telecommunications"": 4, ""competence-statistiques-informatique"": 0}",design,,fonction_publique,terrain,parcours-esiia
cand-001025,matiere_synthetique_5;matiere_synthetique_12,14.44,"{""competence-techniques-informatiques-gestion"": 2, ""competence-electronique-systemes"": 5, ""competence-multimedia-telecommunications"": 2, ""competence-statistiques-informatique"": 3}",informatique;design,projet_personnel_tech,recherche,terrain,parcours-esiia
cand-000147,matiere_synthetique_10;matiere_synthetique_8;matiere_synthetique_14,14.57,"{""competence-techniques-informatiques-gestion"": 5, ""competence-electronique-systemes"": 0, ""competence-multimedia-telecommunications"": 2, ""competence-statistiques-informatique"": 4}",informatique,,enseignement,terrain,parcours-igglia
cand-001236,matiere_synthetique_7,10.12,"{""competence-techniques-informatiques-gestion"": 2, ""competence-electronique-systemes"": 2, ""competence-multimedia-telecommunications"": 1, ""competence-statistiques-informatique"": 3}",sante,,recherche,hybride,parcours-isaia
cand-001109,matiere_synthetique_2;matiere_synthetique_12;matiere_synthetique_15,11.43,"{""competence-techniques-informatiques-gestion"": 0, ""competence-electronique-systemes"": 5, ""competence-multimedia-telecommunications"": 1, ""competence-statistiques-informatique"": 5}",tourisme;management,,recherche,terrain,parcours-esiia
cand-000598,matiere_synthetique_2,17.23,"{""competence-techniques-informatiques-gestion"": 4, ""competence-electronique-systemes"": 5, ""competence-multimedia-telecommunications"": 4, ""competence-statistiques-informatique"": 2}",tourisme;management;ecologie,,fonction_publique,bureau,parcours-esiia
cand-001275,matiere_synthetique_20,7.77,"{""competence-techniques-informatiques-gestion"": 5, ""competence-electronique-systemes"": 5, ""competence-multimedia-telecommunications"": 1, ""competence-statistiques-informatique"": 4}",management;ecologie;design,,enseignement,bureau,parcours-igglia
cand-000581,matiere_synthetique_9,14.01,"{""competence-techniques-informatiques-gestion"": 4, ""competence-electronique-systemes"": 3, ""competence-multimedia-telecommunications"": 3, ""competence-statistiques-informatique"": 5}",informatique,projet_associatif,salariat,hybride,parcours-isaia
cand-000310,matiere_synthetique_15,16.24,"{""competence-techniques-informatiques-gestion"": 5, ""competence-electronique-systemes"": 3, ""competence-multimedia-telecommunications"": 5, ""competence-statistiques-informatique"": 2}",design;finance,,fonction_publique,terrain,parcours-igglia
cand-001512,matiere_synthetique_11;matiere_synthetique_13;matiere_synthetique_9,13.44,"{""competence-techniques-informatiques-gestion"": 4, ""competence-electronique-systemes"": 0, ""competence-multimedia-telecommunications"": 5, ""competence-statistiques-informatique"": 2}",informatique;design;finance,,fonction_publique,bureau,parcours-imticia
cand-000815,matiere_synthetique_6,16.63,"{""competence-techniques-informatiques-gestion"": 4, ""competence-electronique-systemes"": 5, ""competence-multimedia-telecommunications"": 1, ""competence-statistiques-informatique"": 5}",robotique,,salariat,terrain,parcours-esiia
cand-001597,matiere_synthetique_2;matiere_synthetique_6;matiere_synthetique_12,15.81,"{""competence-techniques-informatiques-gestion"": 1, ""competence-electronique-systemes"": 5, ""competence-multimedia-telecommunications"": 4, ""competence-statistiques-informatique"": 5}",ecologie;management,,enseignement,hybride,parcours-esiia
cand-001630,matiere_synthetique_2,7.67,"{""competence-techniques-informatiques-gestion"": 1, ""competence-electronique-systemes"": 4, ""competence-multimedia-telecommunications"": 5, ""competence-statistiques-informatique"": 5}",ecologie;management,,salariat,terrain,parcours-imticia
cand-001886,matiere_synthetique_1;matiere_synthetique_10,19.05,"{""competence-techniques-informatiques-gestion"": 1, ""competence-electronique-systemes"": 4, ""competence-multimedia-telecommunications"": 5, ""competence-statistiques-informatique"": 2}",management,,enseignement,teletravail,parcours-imticia
cand-000126,matiere_synthetique_5;matiere_synthetique_3,13.5,"{""competence-techniques-informatiques-gestion"": 1, ""competence-electronique-systemes"": 4, ""competence-multimedia-telecommunications"": 5, ""competence-statistiques-informatique"": 3}",finance;sante,,enseignement,terrain,parcours-imticia
cand-001137,matiere_synthetique_18;matiere_synthetique_15,12.93,"{""competence-techniques-informatiques-gestion"": 5, ""competence-electronique-systemes"": 5, ""competence-multimedia-telecommunications"": 4, ""competence-statistiques-informatique"": 5}",ecologie;informatique;agriculture,projet_personnel_tech;projet_associatif,enseignement,bureau,parcours-igglia
cand-001430,matiere_synthetique_16,11.55,"{""competence-techniques-informatiques-gestion"": 5, ""competence-electronique-systemes"": 4, ""competence-multimedia-telecommunications"": 3, ""competence-statistiques-informatique"": 4}",tourisme,projet_associatif,fonction_publique,terrain,parcours-igglia
cand-001026,matiere_synthetique_2;matiere_synthetique_13,12.54,"{""competence-techniques-informatiques-gestion"": 2, ""competence-electronique-systemes"": 1, ""competence-multimedia-telecommunications"": 3, ""competence-statistiques-informatique"": 4}",management;sante,projet_personnel_tech,salariat,teletravail,parcours-isaia
cand-000824,matiere_synthetique_8;matiere_synthetique_16;matiere_synthetique_18,14.07,"{""competence-techniques-informatiques-gestion"": 1, ""competence-electronique-systemes"": 0, ""competence-multimedia-telecommunications"": 3, ""competence-statistiques-informatique"": 0}",agriculture;robotique;sante,projet_associatif,recherche,hybride,parcours-imticia
cand-000756,matiere_synthetique_14;matiere_synthetique_18;matiere_synthetique_3,7.53,"{""competence-techniques-informatiques-gestion"": 1, ""competence-electronique-systemes"": 1, ""competence-multimedia-telecommunications"": 3, ""competence-statistiques-informatique"": 2}",sante;ecologie,,fonction_publique,teletravail,parcours-imticia
cand-001776,matiere_synthetique_20,13.36,"{""competence-techniques-informatiques-gestion"": 5, ""competence-electronique-systemes"": 4, ""competence-multimedia-telecommunications"": 2, ""competence-statistiques-informatique"": 3}",informatique;sante,,recherche,bureau,parcours-igglia
cand-001931,matiere_synthetique_7,15.78,"{""competence-techniques-informatiques-gestion"": 3, ""competence-electronique-systemes"": 5, ""competence-multimedia-telecommunications"": 5, ""competence-statistiques-informatique"": 3}",finance,,recherche,hybride,parcours-esiia
cand-000097,matiere_synthetique_20;matiere_synthetique_4;matiere_synthetique_5,18.25,"{""competence-techniques-informatiques-gestion"": 3, ""competence-electronique-systemes"": 3, ""competence-multimedia-telecommunications"": 5, ""competence-statistiques-informatique"": 4}",informatique;robotique;finance,projet_personnel_tech,enseignement,hybride,parcours-imticia
cand-000701,matiere_synthetique_18;matiere_synthetique_10;matiere_synthetique_18,14.21,"{""competence-techniques-informatiques-gestion"": 1, ""competence-electronique-systemes"": 1, ""competence-multimedia-telecommunications"": 5, ""competence-statistiques-informatique"": 5}",design;tourisme;management,,enseignement,terrain,parcours-imticia
cand-001293,matiere_synthetique_10;matiere_synthetique_9,15.42,"{""competence-techniques-informatiques-gestion"": 2, ""competence-electronique-systemes"": 2, ""competence-multimedia-telecommunications"": 3, ""competence-statistiques-informatique"": 2}",management,projet_personnel_tech,enseignement,bureau,parcours-imticia
cand-001564,matiere_synthetique_11;matiere_synthetique_1,15.84,"{""competence-techniques-informatiques-gestion"": 5, ""competence-electronique-systemes"": 1, ""competence-multimedia-telecommunications"": 2, ""competence-statistiques-informatique"": 4}",finance;sante,,recherche,hybride,parcours-igglia
cand-001626,matiere_synthetique_5;matiere_synthetique_16;matiere_synthetique_1,15.7,"{""competence-techniques-informatiques-gestion"": 2, ""competence-electronique-systemes"": 2, ""competence-multimedia-telecommunications"": 5, ""competence-statistiques-informatique"": 2}",informatique;agriculture;sante,projet_personnel_tech,recherche,terrain,parcours-imticia
cand-001666,matiere_synthetique_14,10.42,"{""competence-techniques-informatiques-gestion"": 3, ""competence-electronique-systemes"": 1, ""competence-multimedia-telecommunications"": 1, ""competence-statistiques-informatique"": 2}",robotique;informatique;agriculture,projet_personnel_tech,fonction_publique,hybride,parcours-igglia
cand-001566,matiere_synthetique_16,14.76,"{""competence-techniques-informatiques-gestion"": 5, ""competence-electronique-systemes"": 4, ""competence-multimedia-telecommunications"": 3, ""competence-statistiques-informatique"": 4}",robotique,,recherche,bureau,parcours-igglia
cand-000675,matiere_synthetique_5;matiere_synthetique_11,10.38,"{""competence-techniques-informatiques-gestion"": 3, ""competence-electronique-systemes"": 4, ""competence-multimedia-telecommunications"": 5, ""competence-statistiques-informatique"": 3}",design,projet_personnel_tech,enseignement,terrain,parcours-imticia
cand-000917,matiere_synthetique_7;matiere_synthetique_18,8.82,"{""competence-techniques-informatiques-gestion"": 3, ""competence-electronique-systemes"": 5, ""competence-multimedia-telecommunications"": 3, ""competence-statistiques-informatique"": 1}",informatique;design,projet_associatif,recherche,bureau,parcours-esiia
cand-000258,matiere_synthetique_18;matiere_synthetique_6;matiere_synthetique_3,10.68,"{""competence-techniques-informatiques-gestion"": 4, ""competence-electronique-systemes"": 0, ""competence-multimedia-telecommunications"": 4, ""competence-statistiques-informatique"": 5}",agriculture,,entrepreneuriat,hybride,parcours-isaia
cand-000702,matiere_synthetique_4;matiere_synthetique_10,15.44,"{""competence-techniques-informatiques-gestion"": 1, ""competence-electronique-systemes"": 2, ""competence-multimedia-telecommunications"": 3, ""competence-statistiques-informatique"": 0}",sante,projet_personnel_tech,salariat,terrain,parcours-imticia
cand-001555,matiere_synthetique_3;matiere_synthetique_11,9.46,"{""competence-techniques-informatiques-gestion"": 3, ""competence-electronique-systemes"": 4, ""competence-multimedia-telecommunications"": 3, ""competence-statistiques-informatique"": 4}",finance;robotique;informatique,,enseignement,bureau,parcours-esiia
cand-000318,matiere_synthetique_18;matiere_synthetique_12;matiere_synthetique_11,13.1,"{""competence-techniques-informatiques-gestion"": 5, ""competence-electronique-systemes"": 3, ""competence-multimedia-telecommunications"": 4, ""competence-statistiques-informatique"": 5}",sante;ecologie,,salariat,teletravail,parcours-igglia
cand-001335,matiere_synthetique_18,12.48,"{""competence-techniques-informatiques-gestion"": 2, ""competence-electronique-systemes"": 5, ""competence-multimedia-telecommunications"": 3, ""competence-statistiques-informatique"": 1}",management;finance,,recherche,teletravail,parcours-esiia
cand-001859,matiere_synthetique_13;matiere_synthetique_1,11.66,"{""competence-techniques-informatiques-gestion"": 2, ""competence-electronique-systemes"": 4, ""competence-multimedia-telecommunications"": 4, ""competence-statistiques-informatique"": 5}",tourisme;informatique,,enseignement,hybride,parcours-isaia
cand-001499,matiere_synthetique_17,16.03,"{""competence-techniques-informatiques-gestion"": 3, ""competence-electronique-systemes"": 4, ""competence-multimedia-telecommunications"": 0, ""competence-statistiques-informatique"": 2}",design;management;informatique,projet_personnel_tech,entrepreneuriat,bureau,parcours-esiia
cand-001296,matiere_synthetique_8;matiere_synthetique_14,11.01,"{""competence-techniques-informatiques-gestion"": 5, ""competence-electronique-systemes"": 0, ""competence-multimedia-telecommunications"": 5, ""competence-statistiques-informatique"": 4}",informatique,,fonction_publique,teletravail,parcours-igglia
cand-001765,matiere_synthetique_9;matiere_synthetique_6;matiere_synthetique_3,15.56,"{""competence-techniques-informatiques-gestion"": 2, ""competence-electronique-systemes"": 5, ""competence-multimedia-telecommunications"": 4, ""competence-statistiques-informatique"": 4}",finance;ecologie,,fonction_publique,hybride,parcours-esiia
cand-001965,matiere_synthetique_3,11.48,"{""competence-techniques-informatiques-gestion"": 4, ""competence-electronique-systemes"": 3, ""competence-multimedia-telecommunications"": 2, ""competence-statistiques-informatique"": 4}",informatique;management,projet_associatif,enseignement,bureau,parcours-igglia
cand-001756,matiere_synthetique_12,11.58,"{""competence-techniques-informatiques-gestion"": 5, ""competence-electronique-systemes"": 5, ""competence-multimedia-telecommunications"": 4, ""competence-statistiques-informatique"": 5}",informatique;management,projet_personnel_tech;projet_associatif,salariat,teletravail,parcours-igglia
cand-001431,matiere_synthetique_4;matiere_synthetique_15;matiere_synthetique_16,14.03,"{""competence-techniques-informatiques-gestion"": 5, ""competence-electronique-systemes"": 1, ""competence-multimedia-telecommunications"": 1, ""competence-statistiques-informatique"": 2}",finance,projet_personnel_tech,entrepreneuriat,hybride,parcours-igglia
cand-000460,matiere_synthetique_13;matiere_synthetique_14,18.83,"{""competence-techniques-informatiques-gestion"": 1, ""competence-electronique-systemes"": 1, ""competence-multimedia-telecommunications"": 5, ""competence-statistiques-informatique"": 2}",design,,recherche,hybride,parcours-imticia
cand-000063,matiere_synthetique_18,7.26,"{""competence-techniques-informatiques-gestion"": 5, ""competence-electronique-systemes"": 1, ""competence-multimedia-telecommunications"": 4, ""competence-statistiques-informatique"": 5}",informatique;tourisme;finance,projet_associatif,fonction_publique,terrain,parcours-igglia
cand-000569,matiere_synthetique_4,13.94,"{""competence-techniques-informatiques-gestion"": 1, ""competence-electronique-systemes"": 5, ""competence-multimedia-telecommunications"": 4, ""competence-statistiques-informatique"": 2}",tourisme;informatique,,salariat,bureau,parcours-esiia
cand-001231,matiere_synthetique_2;matiere_synthetique_11;matiere_synthetique_6,15.69,"{""competence-techniques-informatiques-gestion"": 1, ""competence-electronique-systemes"": 4, ""competence-multimedia-telecommunications"": 0, ""competence-statistiques-informatique"": 5}",ecologie;robotique;informatique,,enseignement,bureau,parcours-isaia
cand-000354,matiere_synthetique_14;matiere_synthetique_7,11.02,"{""competence-techniques-informatiques-gestion"": 4, ""competence-electronique-systemes"": 2, ""competence-multimedia-telecommunications"": 3, ""competence-statistiques-informatique"": 5}",informatique;management;ecologie,,enseignement,teletravail,parcours-isaia
cand-001858,matiere_synthetique_13,13.74,"{""competence-techniques-informatiques-gestion"": 5, ""competence-electronique-systemes"": 0, ""competence-multimedia-telecommunications"": 2, ""competence-statistiques-informatique"": 5}",ecologie;sante,,entrepreneuriat,hybride,parcours-igglia
cand-001251,matiere_synthetique_2;matiere_synthetique_11,14.35,"{""competence-techniques-informatiques-gestion"": 3, ""competence-electronique-systemes"": 3, ""competence-multimedia-telecommunications"": 1, ""competence-statistiques-informatique"": 3}",informatique;ecologie;sante,projet_personnel_tech,enseignement,hybride,parcours-igglia
cand-001006,matiere_synthetique_7;matiere_synthetique_8;matiere_synthetique_19,14.33,"{""competence-techniques-informatiques-gestion"": 4, ""competence-electronique-systemes"": 2, ""competence-multimedia-telecommunications"": 4, ""competence-statistiques-informatique"": 5}",management,projet_personnel_tech;projet_associatif,salariat,hybride,parcours-isaia
cand-000411,matiere_synthetique_18;matiere_synthetique_3;matiere_synthetique_7,18.14,"{""competence-techniques-informatiques-gestion"": 1, ""competence-electronique-systemes"": 5, ""competence-multimedia-telecommunications"": 4, ""competence-statistiques-informatique"": 1}",robotique,projet_personnel_tech;projet_associatif,salariat,terrain,parcours-esiia
cand-001441,matiere_synthetique_11;matiere_synthetique_7,13.62,"{""competence-techniques-informatiques-gestion"": 4, ""competence-electronique-systemes"": 1, ""competence-multimedia-telecommunications"": 1, ""competence-statistiques-informatique"": 5}",sante;informatique;finance,,recherche,teletravail,parcours-isaia
cand-001467,matiere_synthetique_3;matiere_synthetique_3,9.58,"{""competence-techniques-informatiques-gestion"": 2, ""competence-electronique-systemes"": 3, ""competence-multimedia-telecommunications"": 5, ""competence-statistiques-informatique"": 2}",management,projet_associatif,entrepreneuriat,teletravail,parcours-imticia
cand-001824,matiere_synthetique_8;matiere_synthetique_8;matiere_synthetique_1,13.03,"{""competence-techniques-informatiques-gestion"": 5, ""competence-electronique-systemes"": 5, ""competence-multimedia-telecommunications"": 5, ""competence-statistiques-informatique"": 5}",agriculture;finance,,fonction_publique,teletravail,parcours-igglia
cand-000573,matiere_synthetique_17;matiere_synthetique_17,10.85,"{""competence-techniques-informatiques-gestion"": 5, ""competence-electronique-systemes"": 1, ""competence-multimedia-telecommunications"": 2, ""competence-statistiques-informatique"": 3}",ecologie;tourisme,,enseignement,bureau,parcours-igglia
cand-001055,matiere_synthetique_9;matiere_synthetique_8;matiere_synthetique_8,16.0,"{""competence-techniques-informatiques-gestion"": 1, ""competence-electronique-systemes"": 3, ""competence-multimedia-telecommunications"": 1, ""competence-statistiques-informatique"": 4}",agriculture;tourisme;finance,,salariat,terrain,parcours-isaia
cand-001190,matiere_synthetique_20;matiere_synthetique_20,14.73,"{""competence-techniques-informatiques-gestion"": 0, ""competence-electronique-systemes"": 2, ""competence-multimedia-telecommunications"": 3, ""competence-statistiques-informatique"": 5}",finance,projet_personnel_tech,enseignement,teletravail,parcours-isaia
cand-000668,matiere_synthetique_20;matiere_synthetique_14;matiere_synthetique_9,10.0,"{""competence-techniques-informatiques-gestion"": 5, ""competence-electronique-systemes"": 3, ""competence-multimedia-telecommunications"": 3, ""competence-statistiques-informatique"": 5}",finance;tourisme,,enseignement,bureau,parcours-igglia
cand-000848,matiere_synthetique_15;matiere_synthetique_3;matiere_synthetique_14,12.86,"{""competence-techniques-informatiques-gestion"": 2, ""competence-electronique-systemes"": 3, ""competence-multimedia-telecommunications"": 0, ""competence-statistiques-informatique"": 5}",informatique,,entrepreneuriat,teletravail,parcours-isaia
cand-001908,matiere_synthetique_6,10.76,"{""competence-techniques-informatiques-gestion"": 4, ""competence-electronique-systemes"": 5, ""competence-multimedia-telecommunications"": 5, ""competence-statistiques-informatique"": 1}",agriculture;informatique,projet_personnel_tech,recherche,bureau,parcours-esiia
cand-000504,matiere_synthetique_8,8.49,"{""competence-techniques-informatiques-gestion"": 3, ""competence-electronique-systemes"": 5, ""competence-multimedia-telecommunications"": 1, ""competence-statistiques-informatique"": 2}",robotique,projet_personnel_tech,fonction_publique,teletravail,parcours-esiia
cand-001933,matiere_synthetique_18;matiere_synthetique_10;matiere_synthetique_5,7.58,"{""competence-techniques-informatiques-gestion"": 5, ""competence-electronique-systemes"": 5, ""competence-multimedia-telecommunications"": 4, ""competence-statistiques-informatique"": 4}",informatique;management;design,projet_associatif,enseignement,bureau,parcours-igglia
cand-000150,matiere_synthetique_1;matiere_synthetique_10;matiere_synthetique_7,10.69,"{""competence-techniques-informatiques-gestion"": 1, ""competence-electronique-systemes"": 5, ""competence-multimedia-telecommunications"": 5, ""competence-statistiques-informatique"": 4}",sante,,fonction_publique,bureau,parcours-esiia
cand-001755,matiere_synthetique_9,15.76,"{""competence-techniques-informatiques-gestion"": 4, ""competence-electronique-systemes"": 5, ""competence-multimedia-telecommunications"": 4, ""competence-statistiques-informatique"": 2}",management,,enseignement,bureau,parcours-esiia
cand-000358,matiere_synthetique_4,8.4,"{""competence-techniques-informatiques-gestion"": 1, ""competence-electronique-systemes"": 5, ""competence-multimedia-telecommunications"": 5, ""competence-statistiques-informatique"": 1}",design,,recherche,bureau,parcours-esiia
cand-000983,matiere_synthetique_4,12.42,"{""competence-techniques-informatiques-gestion"": 4, ""competence-electronique-systemes"": 1, ""competence-multimedia-telecommunications"": 3, ""competence-statistiques-informatique"": 5}",design;informatique,,entrepreneuriat,hybride,parcours-isaia
cand-001507,matiere_synthetique_7;matiere_synthetique_6,12.84,"{""competence-techniques-informatiques-gestion"": 5, ""competence-electronique-systemes"": 1, ""competence-multimedia-telecommunications"": 1, ""competence-statistiques-informatique"": 5}",robotique;agriculture;informatique,projet_personnel_tech,salariat,bureau,parcours-igglia
cand-001262,matiere_synthetique_14;matiere_synthetique_1;matiere_synthetique_17,17.19,"{""competence-techniques-informatiques-gestion"": 5, ""competence-electronique-systemes"": 5, ""competence-multimedia-telecommunications"": 2, ""competence-statistiques-informatique"": 1}",tourisme;robotique;management,,enseignement,bureau,parcours-igglia
cand-001333,matiere_synthetique_3;matiere_synthetique_2,10.02,"{""competence-techniques-informatiques-gestion"": 2, ""competence-electronique-systemes"": 3, ""competence-multimedia-telecommunications"": 1, ""competence-statistiques-informatique"": 3}",finance,,enseignement,bureau,parcours-esiia
cand-000803,matiere_synthetique_7,9.5,"{""competence-techniques-informatiques-gestion"": 4, ""competence-electronique-systemes"": 1, ""competence-multimedia-telecommunications"": 2, ""competence-statistiques-informatique"": 2}",ecologie;design,,salariat,bureau,parcours-igglia
cand-001760,matiere_synthetique_16;matiere_synthetique_9;matiere_synthetique_1,12.86,"{""competence-techniques-informatiques-gestion"": 5, ""competence-electronique-systemes"": 5, ""competence-multimedia-telecommunications"": 1, ""competence-statistiques-informatique"": 0}",design;ecologie,projet_personnel_tech,salariat,bureau,parcours-igglia
cand-000805,matiere_synthetique_11;matiere_synthetique_17;matiere_synthetique_5,16.39,"{""competence-techniques-informatiques-gestion"": 5, ""competence-electronique-systemes"": 3, ""competence-multimedia-telecommunications"": 5, ""competence-statistiques-informatique"": 5}",sante,,recherche,teletravail,parcours-igglia
cand-000788,matiere_synthetique_12;matiere_synthetique_8;matiere_synthetique_5,6.03,"{""competence-techniques-informatiques-gestion"": 4, ""competence-electronique-systemes"": 1, ""competence-multimedia-telecommunications"": 5, ""competence-statistiques-informatique"": 3}",management;robotique,projet_personnel_tech,salariat,hybride,parcours-imticia
cand-000868,matiere_synthetique_19;matiere_synthetique_6,10.43,"{""competence-techniques-informatiques-gestion"": 5, ""competence-electronique-systemes"": 4, ""competence-multimedia-telecommunications"": 5, ""competence-statistiques-informatique"": 4}",robotique,projet_personnel_tech,recherche,hybride,parcours-igglia
cand-001951,matiere_synthetique_5;matiere_synthetique_10,18.17,"{""competence-techniques-informatiques-gestion"": 2, ""competence-electronique-systemes"": 3, ""competence-multimedia-telecommunications"": 0, ""competence-statistiques-informatique"": 5}",tourisme;design;management,projet_associatif,enseignement,teletravail,parcours-isaia
cand-001305,matiere_synthetique_13,16.28,"{""competence-techniques-informatiques-gestion"": 2, ""competence-electronique-systemes"": 4, ""competence-multimedia-telecommunications"": 5, ""competence-statistiques-informatique"": 5}",design;agriculture,,fonction_publique,hybride,parcours-imticia
cand-000428,matiere_synthetique_8,10.13,"{""competence-techniques-informatiques-gestion"": 3, ""competence-electronique-systemes"": 2, ""competence-multimedia-telecommunications"": 3, ""competence-statistiques-informatique"": 3}",informatique;ecologie,projet_personnel_tech,fonction_publique,bureau,parcours-igglia
cand-001699,matiere_synthetique_8;matiere_synthetique_11;matiere_synthetique_12,14.63,"{""competence-techniques-informatiques-gestion"": 5, ""competence-electronique-systemes"": 5, ""competence-multimedia-telecommunications"": 5, ""competence-statistiques-informatique"": 2}",ecologie;finance,,enseignement,bureau,parcours-igglia
cand-001739,matiere_synthetique_9;matiere_synthetique_4,15.97,"{""competence-techniques-informatiques-gestion"": 5, ""competence-electronique-systemes"": 5, ""competence-multimedia-telecommunications"": 4, ""competence-statistiques-informatique"": 5}",management;finance;informatique,projet_personnel_tech,fonction_publique,terrain,parcours-igglia
cand-000992,matiere_synthetique_8,11.43,"{""competence-techniques-informatiques-gestion"": 5, ""competence-electronique-systemes"": 0, ""competence-multimedia-telecommunications"": 0, ""competence-statistiques-informatique"": 5}",informatique;agriculture,projet_personnel_tech,fonction_publique,hybride,parcours-igglia
cand-001455,matiere_synthetique_8;matiere_synthetique_17,15.74,"{""competence-techniques-informatiques-gestion"": 5, ""competence-electronique-systemes"": 4, ""competence-multimedia-telecommunications"": 3, ""competence-statistiques-informatique"": 5}",ecologie,,entrepreneuriat,bureau,parcours-igglia
cand-001479,matiere_synthetique_10,11.27,"{""competence-techniques-informatiques-gestion"": 3, ""competence-electronique-systemes"": 5, ""competence-multimedia-telecommunications"": 5, ""competence-statistiques-informatique"": 2}",informatique;agriculture;finance,projet_personnel_tech,enseignement,hybride,parcours-esiia
cand-001601,matiere_synthetique_6;matiere_synthetique_9;matiere_synthetique_18,9.93,"{""competence-techniques-informatiques-gestion"": 2, ""competence-electronique-systemes"": 5, ""competence-multimedia-telecommunications"": 0, ""competence-statistiques-informatique"": 2}",ecologie,,enseignement,teletravail,parcours-esiia
cand-000335,matiere_synthetique_12;matiere_synthetique_15,13.98,"{""competence-techniques-informatiques-gestion"": 1, ""competence-electronique-systemes"": 3, ""competence-multimedia-telecommunications"": 3, ""competence-statistiques-informatique"": 5}",management;sante;finance,projet_personnel_tech,salariat,teletravail,parcours-isaia
cand-001343,matiere_synthetique_15,5.75,"{""competence-techniques-informatiques-gestion"": 5, ""competence-electronique-systemes"": 3, ""competence-multimedia-telecommunications"": 1, ""competence-statistiques-informatique"": 5}",finance;robotique;sante,,recherche,bureau,parcours-igglia
cand-000192,matiere_synthetique_5;matiere_synthetique_11;matiere_synthetique_16,12.97,"{""competence-techniques-informatiques-gestion"": 5, ""competence-electronique-systemes"": 2, ""competence-multimedia-telecommunications"": 2, ""competence-statistiques-informatique"": 1}",robotique;ecologie;informatique,,entrepreneuriat,hybride,parcours-igglia
cand-000210,matiere_synthetique_18;matiere_synthetique_9,8.31,"{""competence-techniques-informatiques-gestion"": 2, ""competence-electronique-systemes"": 0, ""competence-multimedia-telecommunications"": 5, ""competence-statistiques-informatique"": 3}",robotique;agriculture,projet_personnel_tech,fonction_publique,terrain,parcours-imticia
cand-000131,matiere_synthetique_13,17.26,"{""competence-techniques-informatiques-gestion"": 4, ""competence-electronique-systemes"": 5, ""competence-multimedia-telecommunications"": 5, ""competence-statistiques-informatique"": 3}",agriculture;management,,fonction_publique,terrain,parcours-esiia
cand-001924,matiere_synthetique_3;matiere_synthetique_4;matiere_synthetique_13,14.75,"{""competence-techniques-informatiques-gestion"": 4, ""competence-electronique-systemes"": 5, ""competence-multimedia-telecommunications"": 5, ""competence-statistiques-informatique"": 5}",agriculture;finance,,recherche,hybride,parcours-esiia
cand-001330,matiere_synthetique_9;matiere_synthetique_10;matiere_synthetique_16,13.94,"{""competence-techniques-informatiques-gestion"": 5, ""competence-electronique-systemes"": 1, ""competence-multimedia-telecommunications"": 2, ""competence-statistiques-informatique"": 0}",agriculture,,entrepreneuriat,terrain,parcours-igglia
cand-000409,matiere_synthetique_2,13.06,"{""competence-techniques-informatiques-gestion"": 4, ""competence-electronique-systemes"": 5, ""competence-multimedia-telecommunications"": 5, ""competence-statistiques-informatique"": 2}",robotique,,enseignement,terrain,parcours-esiia
cand-000685,matiere_synthetique_17,9.31,"{""competence-techniques-informatiques-gestion"": 5, ""competence-electronique-systemes"": 1, ""competence-multimedia-telecommunications"": 5, ""competence-statistiques-informatique"": 5}",management;sante,projet_personnel_tech,recherche,teletravail,parcours-igglia
cand-001788,matiere_synthetique_20;matiere_synthetique_17;matiere_synthetique_9,20.0,"{""competence-techniques-informatiques-gestion"": 3, ""competence-electronique-systemes"": 5, ""competence-multimedia-telecommunications"": 1, ""competence-statistiques-informatique"": 2}",informatique;finance;agriculture,,recherche,terrain,parcours-esiia
cand-001525,matiere_synthetique_8;matiere_synthetique_16,11.59,"{""competence-techniques-informatiques-gestion"": 4, ""competence-electronique-systemes"": 1, ""competence-multimedia-telecommunications"": 4, ""competence-statistiques-informatique"": 5}",management;ecologie,,salariat,bureau,parcours-isaia
cand-001354,matiere_synthetique_7,9.69,"{""competence-techniques-informatiques-gestion"": 2, ""competence-electronique-systemes"": 5, ""competence-multimedia-telecommunications"": 2, ""competence-statistiques-informatique"": 3}",management;design,,enseignement,bureau,parcours-esiia
cand-000284,matiere_synthetique_15,10.25,"{""competence-techniques-informatiques-gestion"": 4, ""competence-electronique-systemes"": 4, ""competence-multimedia-telecommunications"": 4, ""competence-statistiques-informatique"": 1}",robotique,projet_personnel_tech,salariat,bureau,parcours-igglia
cand-000845,matiere_synthetique_6;matiere_synthetique_20,13.68,"{""competence-techniques-informatiques-gestion"": 4, ""competence-electronique-systemes"": 4, ""competence-multimedia-telecommunications"": 3, ""competence-statistiques-informatique"": 1}",design,projet_personnel_tech,enseignement,bureau,parcours-igglia
cand-001643,matiere_synthetique_8,13.33,"{""competence-techniques-informatiques-gestion"": 5, ""competence-electronique-systemes"": 2, ""competence-multimedia-telecommunications"": 5, ""competence-statistiques-informatique"": 5}",finance;design,,enseignement,bureau,parcours-igglia
cand-001035,matiere_synthetique_2;matiere_synthetique_9;matiere_synthetique_11,9.25,"{""competence-techniques-informatiques-gestion"": 3, ""competence-electronique-systemes"": 2, ""competence-multimedia-telecommunications"": 1, ""competence-statistiques-informatique"": 4}",design;ecologie,,entrepreneuriat,teletravail,parcours-isaia
cand-000674,matiere_synthetique_14;matiere_synthetique_2;matiere_synthetique_17,15.86,"{""competence-techniques-informatiques-gestion"": 3, ""competence-electronique-systemes"": 1, ""competence-multimedia-telecommunications"": 1, ""competence-statistiques-informatique"": 1}",finance;sante;design,projet_personnel_tech,recherche,hybride,parcours-igglia
cand-001193,matiere_synthetique_11,16.75,"{""competence-techniques-informatiques-gestion"": 1, ""competence-electronique-systemes"": 2, ""competence-multimedia-telecommunications"": 1, ""competence-statistiques-informatique"": 4}",tourisme,,enseignement,bureau,parcours-isaia
cand-001377,matiere_synthetique_2;matiere_synthetique_6;matiere_synthetique_17,11.72,"{""competence-techniques-informatiques-gestion"": 5, ""competence-electronique-systemes"": 3, ""competence-multimedia-telecommunications"": 2, ""competence-statistiques-informatique"": 1}",sante;informatique;ecologie,,enseignement,hybride,parcours-igglia
cand-001518,matiere_synthetique_16;matiere_synthetique_3,16.26,"{""competence-techniques-informatiques-gestion"": 4, ""competence-electronique-systemes"": 5, ""competence-multimedia-telecommunications"": 5, ""competence-statistiques-informatique"": 2}",design;informatique,,recherche,terrain,parcours-esiia
cand-000006,matiere_synthetique_1;matiere_synthetique_4;matiere_synthetique_18,15.67,"{""competence-techniques-informatiques-gestion"": 2, ""competence-electronique-systemes"": 3, ""competence-multimedia-telecommunications"": 5, ""competence-statistiques-informatique"": 5}",management;tourisme;design,,salariat,teletravail,parcours-imticia
cand-001911,matiere_synthetique_11;matiere_synthetique_2;matiere_synthetique_9,18.61,"{""competence-techniques-informatiques-gestion"": 4, ""competence-electronique-systemes"": 5, ""competence-multimedia-telecommunications"": 2, ""competence-statistiques-informatique"": 5}",sante;tourisme;informatique,,enseignement,hybride,parcours-esiia
cand-000497,matiere_synthetique_19,13.16,"{""competence-techniques-informatiques-gestion"": 1, ""competence-electronique-systemes"": 1, ""competence-multimedia-telecommunications"": 2, ""competence-statistiques-informatique"": 5}",informatique;sante,projet_personnel_tech;projet_associatif,enseignement,teletravail,parcours-isaia
cand-000026,matiere_synthetique_18,11.45,"{""competence-techniques-informatiques-gestion"": 5, ""competence-electronique-systemes"": 3, ""competence-multimedia-telecommunications"": 5, ""competence-statistiques-informatique"": 5}",robotique;design;finance,,salariat,hybride,parcours-igglia
cand-000309,matiere_synthetique_9,16.25,"{""competence-techniques-informatiques-gestion"": 2, ""competence-electronique-systemes"": 5, ""competence-multimedia-telecommunications"": 5, ""competence-statistiques-informatique"": 1}",ecologie,,enseignement,hybride,parcours-esiia
cand-001054,matiere_synthetique_2;matiere_synthetique_8;matiere_synthetique_20,12.7,"{""competence-techniques-informatiques-gestion"": 3, ""competence-electronique-systemes"": 3, ""competence-multimedia-telecommunications"": 5, ""competence-statistiques-informatique"": 5}",finance,projet_personnel_tech,enseignement,hybride,parcours-imticia
cand-001140,matiere_synthetique_5;matiere_synthetique_15;matiere_synthetique_8,7.49,"{""competence-techniques-informatiques-gestion"": 3, ""competence-electronique-systemes"": 2, ""competence-multimedia-telecommunications"": 5, ""competence-statistiques-informatique"": 3}",design;informatique;sante,,entrepreneuriat,teletravail,parcours-imticia
cand-000237,matiere_synthetique_3;matiere_synthetique_13,13.51,"{""competence-techniques-informatiques-gestion"": 5, ""competence-electronique-systemes"": 2, ""competence-multimedia-telecommunications"": 5, ""competence-statistiques-informatique"": 3}",robotique;informatique;agriculture,,entrepreneuriat,hybride,parcours-igglia
cand-001568,matiere_synthetique_15;matiere_synthetique_15;matiere_synthetique_4,11.11,"{""competence-techniques-informatiques-gestion"": 1, ""competence-electronique-systemes"": 5, ""competence-multimedia-telecommunications"": 2, ""competence-statistiques-informatique"": 5}",informatique;agriculture;robotique,,fonction_publique,bureau,parcours-esiia
cand-001439,matiere_synthetique_20;matiere_synthetique_9,17.54,"{""competence-techniques-informatiques-gestion"": 3, ""competence-electronique-systemes"": 5, ""competence-multimedia-telecommunications"": 2, ""competence-statistiques-informatique"": 5}",design,,fonction_publique,teletravail,parcours-esiia
cand-001551,matiere_synthetique_12;matiere_synthetique_11,12.55,"{""competence-techniques-informatiques-gestion"": 3, ""competence-electronique-systemes"": 1, ""competence-multimedia-telecommunications"": 2, ""competence-statistiques-informatique"": 5}",tourisme;agriculture;sante,projet_associatif,fonction_publique,terrain,parcours-isaia
cand-000469,matiere_synthetique_20;matiere_synthetique_7,15.47,"{""competence-techniques-informatiques-gestion"": 5, ""competence-electronique-systemes"": 5, ""competence-multimedia-telecommunications"": 5, ""competence-statistiques-informatique"": 5}",ecologie,projet_associatif,fonction_publique,hybride,parcours-igglia
